{
	"format_version": "1.10.0",
	"animation_controllers": {
		"controller.animation.dds_camping.increase_speed": {
			"states": {
				"default": {
					"transitions": [
						{
							"start": "query.ground_speed>4.4&&query.has_rider"
						}
					],
					"blend_transition": 0.01
				},
				"start": {
					"animations": [
						"increase_speed"
					],
					"transitions": [
						{
							"default": "query.ground_speed<4.4||!query.has_rider"
						}
					]
				}
			}
		},
		"controller.animation.dds_camping.add_movement": {
			"states": {
				"default": {
					"transitions": [
						{
							"add_movement": "query.has_rider"
						}
					],
					"on_entry": [
						"@s dds_camping:event_speed_stop"
					],
					"blend_transition": 0.01
				},
				"add_movement": {
					"transitions": [
						{
							"default": "!query.has_rider"
						}
					],
					"on_entry": [
						"@s dds_camping:event_speed_1"
					]
				}
			}
		}
	}
}