{
    "format_version": "1.12",
    "minecraft:recipe_shapeless": {
        "description": {
            "identifier": "dds_camping:blanket"
        },
        "tags": [
            "crafting_table"
        ],
        "ingredients": [
            {
                "item": "minecraft:wool"
            },
            {
                "item": "minecraft:wool"
            },
            {
                "item": "minecraft:wool"
            },
            {
                "item": "minecraft:wool"
            },
            {
                "item": "minecraft:wool"
            },
            {
                "item": "minecraft:wool"
            }
        ],
        "result": {
            "item": "dds_camping:blanket_spawn_egg",
            "count": 1
        }
    }
}