{
    "format_version": "1.12",
    "minecraft:recipe_shaped": {
        "description": {
            "identifier": "dds_camping:camping_lantern"
        },
        "tags": [
            "crafting_table"
        ],
        "pattern": [
            "   ",
            "I#I",
            "ITI"
        ],
        "key": {
            "#": {
                "item": "minecraft:glass_pane"
            },
            "I": {
                "item": "minecraft:iron_nugget"
            },
            "T": {
                "item": "minecraft:torch"
            }
        },
        "result": {
            "item": "dds_camping:camping_lantern",
            "count": 1
        }
    }
}