{
    "format_version": "1.12",
    "minecraft:recipe_shaped": {
        "description": {
            "identifier": "dds_camping:campfire"
        },
        "tags": [
            "crafting_table"
        ],
        "pattern": [
            " # ",
            "L/L",
            "OOO"
        ],
        "key": {
            "#": {
                "item": "minecraft:flint"
            },
            "/": {
                "item": "minecraft:stick"
            },
            "O": {
                "tag": "minecraft:logs"
            },
            "L": {
                "tag": "minecraft:coals"
            }
        },
        "result": {
            "item": "dds_camping:campfire_spawn_egg",
            "count": 1
        }
    }
}