{
    "format_version": "1.12",
    "minecraft:recipe_shaped": {
        "description": {
            "identifier": "dds_camping:camping_npc"
        },
        "tags": [
            "crafting_table"
        ],
        "pattern": [
            " # ",
            "#E#",
            " # "
        ],
        "key": {
            "#": {
                "item": "minecraft:dirt"
            },
            "E": {
                "item": "minecraft:egg"
            }
        },
        "result": {
            "item": "dds_camping:camping_npc_spawn_egg",
            "count": 1
        }
    }
}