{
    "format_version": "1.12",
    "minecraft:recipe_shaped": {
        "description": {
            "identifier": "dds_camping:canoe"
        },
        "tags": [
            "crafting_table"
        ],
        "pattern": [
            "   ",
            "#L#",
            "###"
        ],
        "key": {
            "#": {
                "item": "minecraft:planks"
            },
            "L": {
                "item": "minecraft:stick"
            }
        },
        "result": {
            "item": "dds_camping:canoe_spawn_egg",
            "count": 1
        }
    }
}