{
    "format_version": "1.12",
    "minecraft:recipe_shaped": {
        "description": {
            "identifier": "dds_camping:hamper"
        },
        "tags": [
            "crafting_table"
        ],
        "pattern": [
            "#W#",
            "YYY",
            "###"
        ],
        "key": {
            "#": {
                "item": "minecraft:planks"
            },
            "W": {
                "item": "minecraft:wool"
            },
            "Y": {
                "item": "minecraft:wheat"
            }
        },
        "result": {
            "item": "dds_camping:hamper_spawn_egg",
            "count": 1
        }
    }
}