{
    "format_version": "1.12",
    "minecraft:recipe_shaped": {
        "description": {
            "identifier": "dds_camping:marshmallow"
        },
        "tags": [
            "crafting_table"
        ],
        "pattern": [
            " / ",
            " S ",
            " M "
        ],
        "key": {
            "/": {
                "item": "minecraft:stick"
            },
            "S": {
                "item": "minecraft:sugar"
            },
            "M": {
                "item": "minecraft:milk_bucket"
            }
        },
        "result": {
            "item": "dds_camping:marshmallow",
            "count": 1
        }
    }
}