{
    "format_version": "1.12",
    "minecraft:recipe_shaped": {
        "description": {
            "identifier": "dds_camping:sleeping_bag"
        },
        "tags": [
            "crafting_table"
        ],
        "pattern": [
            "   ",
            "###",
            " L "
        ],
        "key": {
            "L": {
                "item": "dds_camping:racoon_fur"
            },
            "#": {
                "item": "minecraft:wool"
            }
        },
        "result": {
            "item": "dds_camping:sleepingbag_spawn_egg",
            "count": 1
        }
    }
}