{
	"format_version" : "1.8.0",
	"animations" : {
		"animation.dds_camping.camping_npc.walk" : {
			"loop" : true,
			"bones" : {
				"leg0" : {
					"rotation" : [ "(math.cos(query.modified_distance_moved * 38.17) * 80.21) * query.modified_move_speed * 0.5", 0.0, 0.0 ]
				},
				"leftArm" : {
					"rotation" : [ "(math.cos(query.modified_distance_moved * 38.17) * 80.21) * query.modified_move_speed * 0.5", 0.0, 0.0 ]
				},
				"leg1" : {
					"rotation" : [ "(math.cos(query.modified_distance_moved * 38.17 + 180) * 80.21) * query.modified_move_speed * 0.5", 0.0, 0.0 ]
				},
				"RightArm" : {
					"rotation" : [ "(math.cos(query.modified_distance_moved * 38.17 + 180) * 80.21) * query.modified_move_speed * 0.5", 0.0, 0.0 ]
				}
			}
		}
	}
}
