{
    "tiers": [
        {
            "total_exp_required": 0,
            "trades": [
                {
                    "reward_exp": false,
                    "max_uses": -1,
                    "wants": [
                        {
                            "item": "minecraft:wool"
                        },
                        {
                            "item": "minecraft:emerald",
                            "quantity": {
                                "max": 3,
                                "min": 3
                            }
                        }
                    ],
                    "gives": [
                        {
                            "item": "minecraft:spawn_egg",
                            "quantity": {
                                "min": 1,
                                "max": 1
                            },
                            "functions": [
                                {
                                    "function": "set_actor_id",
                                    "id": "dds_camping:tent"
                                }
                            ]
                        }
                    ]
                },
                {
                    "reward_exp": false,
                    "max_uses": -1,
                    "wants": [
                        {
                            "item": "minecraft:iron_axe",
                            "quantity": {
                                "max": 1,
                                "min": 1
                            }
                        },
                        {
                            "item": "minecraft:emerald",
                            "quantity": {
                                "max": 5,
                                "min": 5
                            }
                        }
                    ],
                    "gives": [
                        {
                            "item": "dds_camping:chainsaw",
                            "quantity": {
                                "min": 1,
                                "max": 1
                            }
                        }
                    ]
                },
                {
                    "reward_exp": false,
                    "max_uses": -1,
                    "wants": [
                        {
                            "item": "minecraft:saddle",
                            "quantity": {
                                "max": 1,
                                "min": 1
                            }
                        },
                        {
                            "item": "minecraft:emerald",
                            "quantity": {
                                "max": 8,
                                "min": 8
                            }
                        }
                    ],
                    "gives": [
                        {
                            "item": "minecraft:spawn_egg",
                            "quantity": {
                                "min": 1,
                                "max": 1
                            },
                            "functions": [
                                {
                                    "function": "set_actor_id",
                                    "id": "dds_camping:atv"
                                }
                            ]
                        }
                    ]
                },
                {
                    "reward_exp": false,
                    "max_uses": -1,
                    "wants": [
                        {
                            "item": "minecraft:bow",
                            "quantity": {
                                "max": 1,
                                "min": 1
                            }
                        },
                        {
                            "item": "minecraft:emerald",
                            "quantity": {
                                "max": 5,
                                "min": 5
                            }
                        }
                    ],
                    "gives": [
                        {
                            "item": "dds_camping:grappling_hook",
                            "quantity": {
                                "min": 1,
                                "max": 1
                            }
                        }
                    ]
                },
                {
                    "reward_exp": false,
                    "max_uses": -1,
                    "wants": [
                        {
                            "item": "minecraft:glass_pane",
                            "quantity": {
                                "max": 1,
                                "min": 1
                            }
                        },
                        {
                            "item": "minecraft:emerald",
                            "quantity": {
                                "max": 4,
                                "min": 4
                            }
                        }
                    ],
                    "gives": [
                        {
                            "item": "dds_camping:binocular",
                            "quantity": {
                                "min": 1,
                                "max": 1
                            }
                        }
                    ]
                },
                {
                    "reward_exp": false,
                    "max_uses": -1,
                    "wants": [
                        {
                            "item": "minecraft:boat"
                        },
                        {
                            "item": "minecraft:emerald",
                            "quantity": {
                                "max": 6,
                                "min": 6
                            }
                        }
                    ],
                    "gives": [
                        {
                            "item": "minecraft:spawn_egg",
                            "quantity": {
                                "min": 1,
                                "max": 1
                            },
                            "functions": [
                                {
                                    "function": "set_actor_id",
                                    "id": "dds_camping:cayak"
                                }
                            ]
                        }
                    ]
                },
                {
                    "reward_exp": false,
                    "max_uses": -1,
                    "wants": [
                        {
                            "item": "minecraft:furnace",
                            "quantity": {
                                "max": 1,
                                "min": 1
                            }
                        },
                        {
                            "item": "minecraft:emerald",
                            "quantity": {
                                "max": 5,
                                "min": 5
                            }
                        }
                    ],
                    "gives": [
                        {
                            "item": "minecraft:spawn_egg",
                            "quantity": {
                                "min": 1,
                                "max": 1
                            },
                            "functions": [
                                {
                                    "function": "set_actor_id",
                                    "id": "dds_camping:portable_stove"
                                }
                            ]
                        }
                    ]
                }
            ]
        }
    ]
}