{
	"format_version": "1.20.0",
	"minecraft:entity": {
		"description": {
			"identifier": "dds_camping:hook_projectile",
			"is_spawnable": false,
			"is_summonable": true,
			"is_experimental": false
		},
		"component_groups": {
			"entity_death": {
				"minecraft:instant_despawn": {}
			}
		},
		"components": {
			"minecraft:collision_box": {
				"width": 0.15,
				"height": 0.15
			},
			"minecraft:damage_sensor": {
				"triggers": [
					{
						"cause": "all",
						"deals_damage": false
					}
				]
			},
			"minecraft:leashable": {
				"soft_distance": 128,
				"hard_distance": 128,
				"max_distance": 128,
				"can_be_stolen": false,
				"on_unleash": {
					"event": "dds_camping:despawn"
				}
			},
			"minecraft:scale": {
				"value": 0.5
			},
			"minecraft:projectile": {
				"hitSound": "bow.hit",
				"power": 3,
				"gravity": 0.01,
				"uncertaintyBase": 0,
				"uncertaintyMultiplier": 0,
				"anchor": 1,
				"shouldbounce": true,
				"offset": [
					0,
					0.5,
					0
				],
				"on_hit": {
					"stick_in_ground": {
						"shake_time": 0
					}
				},
				"liquid_inertia": 1
			},
			"minecraft:physics": {}
		},
		"events": {
			"dds_camping:despawn": {
				"add": {
					"component_groups": [
						"entity_death"
					]
				}
			}
		}
	}
}