{
    "format_version": "1.10.0",
    "minecraft:client_entity": {
        "description": {
            "identifier": "dds_camping:atv",
            "materials": {
				"default": "sheep",
				"alpha": "entity_emissive_alpha"
			},
            "geometry": {
                "default": "geometry.dds_camping.atv"
            },
            "render_controllers": [
				"controller.render.dds_camping.car_base"
			],
            "textures": {
				"base": "textures/dds/camping/entity/atv"
			},
            "spawn_egg": {
                "texture": "dds_camping_atv"
            },
			"animations": {
				"move": "animation.dds_camping.atv.move"
			},
			"scripts": {
				"animate": [
					"move"
				]
			}
        }
    }
}