{
    "format_version": "1.10.0",
    "minecraft:client_entity": {
        "description": {
            "identifier": "dds_camping:blanket",
            "materials": {
                "default": "entity_alphatest"
            },
            "geometry": {
                "default": "geometry.dds_camping.blanket"
            },
            "render_controllers": [
                "controller.render.default"
            ],
            "textures": {
                "default": "textures/dds/camping/entity/blanket"
            },
            "spawn_egg": {
				"texture": "dds_camping_blanket"
            },
			"animations": {
                "furniture": "controller.animation.dds_camping.furniture",
                "place": "animation.dds_camping.structure.place",
                "origin": "animation.dds_camping.structure.origin",
                "idle": "animation.dds_camping.structure.idle",
                "display": "animation.dds_camping.structure.item_display",
                "scale": "animation.dds_camping.structure.item_scale"
            },
			"scripts": {
                "animate": ["furniture","origin"]
            }
        }
    }
}