{
  "format_version": "1.10.0",
  "minecraft:client_entity": {
    "description": {
      "identifier": "dds_camping:camping_npc",
      "materials": {
        "default": "entity_alphatest"
      },
      "textures": {
        "default": "textures/dds/camping/entity/camping_npc"
      },
      "geometry": {
        "default": "geometry.dds_camping.camping_npc"
      },
      "scripts": {
        "scale": "0.9375",
        "animate": [
          "vindicator_base",
          "vindicator_walk",
          "controller_look_at_target",
          "controller_vindicator_base",
          "controller_riding"
        ]
      },
      "animations": {
        "look_at_target_default": "animation.humanoid.look_at_target.default",
        "look_at_target_gliding": "animation.humanoid.look_at_target.gliding",
        "look_at_target_swimming": "animation.humanoid.look_at_target.swimming",
        "riding.arms": "animation.vindicator.riding.arms",
        "riding.legs": "animation.vindicator.riding.legs",
        "vindicator_base": "animation.vindicator.base",
        "vindicator_attack": "animation.vindicator.attack",
        "vindicator_walk": "animation.dds_camping.camping_npc.walk",
        "celebrating": "animation.humanoid.celebrating",
        "controller_look_at_target": "controller.animation.humanoid.look_at_target",
        "controller_vindicator_base": "controller.animation.vindicator.base",
        "controller_riding": "controller.animation.humanoid.riding",
        "vindicator_hand_attack": "animation.vindicator.hand_attack"
      },
      "render_controllers": [ "controller.render.default" ],
      "spawn_egg": {
        "texture": "dds_camping_camping_npc"
      }
    }
  }
}