{
    "format_version": "1.10.0",
    "minecraft:client_entity": {
        "description": {
            "identifier": "dds_camping:campfire",
            "materials": {
                "default": "entity_emissive_alpha"
            },
            "geometry": {
                "default": "geometry.dds_camping.campfire"
            },
            "render_controllers": [
                "controller.render.dds_camping.animated_five"
            ],
            "textures": {
                "default": "textures/dds/camping/entity/campfire/frame1",
                "second": "textures/dds/camping/entity/campfire/frame2",
                "third": "textures/dds/camping/entity/campfire/frame3",
                "fourth": "textures/dds/camping/entity/campfire/frame4",
                "fifth": "textures/dds/camping/entity/campfire/frame5"
            },
            "spawn_egg": {
                "texture": "dds_camping_campfire"
            },
            "animations": {
                "furniture": "controller.animation.dds_camping.furniture",
				"toggle_door": "controller.animation.dds_camping.structure_door",
                //Default Animations
                "place": "animation.dds_camping.structure.place",
                "origin": "animation.dds_camping.structure.origin",
                "idle": "animation.dds_camping.structure.idle",
                "display": "animation.dds_camping.structure.item_display",
                "scale": "animation.dds_camping.structure.item_scale",
                //campfire Animations
                "open": "animation.dds_camping.campfire.open",
                "close": "animation.dds_camping.campfire.close"
            },
            "scripts": {
                "animate": ["furniture","origin", "toggle_door"]
            }
        }
    }
}