{
    "format_version": "1.10.0",
    "minecraft:client_entity": {
        "description": {
            "identifier": "dds_camping:hamper",
            "materials": {
                "default": "entity_emissive_alpha"
            },
            "geometry": {
                "default": "geometry.dds_camping.hamper"
            },
            "render_controllers": [
                "controller.render.dds_camping.containers"
            ],
            "textures": {
                "default": "textures/dds/camping/entity/hamper"
            },
            "spawn_egg": {
                "texture": "dds_camping_hamper"
            },
            "animations": {
                "furniture": "controller.animation.dds_camping.furniture",
                "place": "animation.dds_camping.structure.place",
                "origin": "animation.dds_camping.structure.origin",
                "idle": "animation.dds_camping.structure.idle",
                "display": "animation.dds_camping.structure.item_display",
                "scale": "animation.dds_camping.structure.item_scale"
            },
            "scripts": {
                "animate": ["furniture","origin"]
            }
        }
    }
}