{
    "format_version": "1.10.0",
    "minecraft:client_entity": {
        "description": {
            "identifier": "dds_camping:sleepingbag",
			"render_controllers": ["controller.render.default"],
			"geometry": {
				"default": "geometry.dds_camping.sleepingbag"
			},
			"textures": {
				"default": "textures/dds/camping/entity/sleepingbag"
			},
			"materials": {
				"default": "entity_alphatest"
			},
            "spawn_egg": {
                "texture": "dds_camping_sleeping_bag"
            },
            "animations": {
                "furniture": "controller.animation.dds_camping.furniture",
                //Animations
                "place": "animation.dds_camping.sleepingbag.place",
                "origin": "animation.dds_camping.structure.origin",
                "idle": "animation.dds_camping.structure.idle",
                "display": "animation.dds_camping.structure.item_display",
                "scale": "animation.dds_camping.structure.item_scale"
            },
            "scripts": {
                "animate": ["furniture","origin"],
                "scale": "1.2"
            }
        }
    }
}