{
    "format_version": "1.10.0",
    "minecraft:client_entity": {
        "description": {
            "identifier": "dds_camping:tent",
            "materials": {
                "default": "entity_emissive_alpha"
            },
            "geometry": {
                "default": "geometry.dds_camping.tent"
            },
            "render_controllers": [
                "controller.render.dds_camping.tent"
            ],
            "textures": {
                "undyed": "textures/dds/camping/entity/tent/tent",
                "white": "textures/dds/camping/entity/tent/white",
                "orange": "textures/dds/camping/entity/tent/orange",
                "magenta": "textures/dds/camping/entity/tent/magenta",
                "light_blue": "textures/dds/camping/entity/tent/light_blue",
                "yellow": "textures/dds/camping/entity/tent/yellow",
                "lime": "textures/dds/camping/entity/tent/lime",
                "pink": "textures/dds/camping/entity/tent/pink",
                "gray": "textures/dds/camping/entity/tent/gray",
                "silver": "textures/dds/camping/entity/tent/silver",
                "cyan": "textures/dds/camping/entity/tent/cyan",
                "purple": "textures/dds/camping/entity/tent/purple",
                "blue": "textures/dds/camping/entity/tent/blue",
                "brown": "textures/dds/camping/entity/tent/brown",
                "green": "textures/dds/camping/entity/tent/green",
                "red": "textures/dds/camping/entity/tent/red",
                "black": "textures/dds/camping/entity/tent/black"
            },
            "spawn_egg": {
                "texture": "dds_camping_tent"
            },
            "animations": {
                "furniture": "controller.animation.dds_camping.tent",
                "place": "animation.dds_camping.structure.place",
                "origin": "animation.dds_camping.structure.origin",
                "idle": "animation.dds_camping.structure.idle"
            },
            "scripts": {
                "pre_animation": [
                    "v.color=q.property('dds_camping:color')+1;"
                ],
                "animate": [
                    "furniture",
                    "origin"
                ]
            }
        }
    }
}