{
    "format_version": "1.8.0",
    "minecraft:spawn_rules": {
        "description": {
            "identifier": "dds_camping:bobcat",
            "population_control": "animal"
        },
        "conditions": [
            {
                "minecraft:spawns_on_surface": {},
                "minecraft:brightness_filter": {
                    "min": 9,
                    "max": 15,
                    "adjust_for_weather": false
                },
                "minecraft:weight": {
                    "default": 20
                },
                "minecraft:herd": {
                    "min_size": 1,
                    "max_size": 3,
                    "event": "minecraft:entity_born",
                    "event_skip_count": 1
                },
                "minecraft:biome_filter": [
                    {
                        "test": "has_biome_tag",
                        "operator": "==",
                        "value": "forest"
                    }
                ]
            },
            {
                "minecraft:spawns_on_surface": {},
                "minecraft:brightness_filter": {
                    "min": 9,
                    "max": 15,
                    "adjust_for_weather": false
                },
                "minecraft:weight": {
                    "default": 20
                },
                "minecraft:herd": {
                    "min_size": 1,
                    "max_size": 3,
                    "event": "minecraft:entity_born",
                    "event_skip_count": 1
                },
                "minecraft:biome_filter": [
                    {
                        "test": "has_biome_tag",
                        "operator": "==",
                        "value": "flower_forest"
                    }
                ]
            },
            {
                "minecraft:spawns_on_surface": {},
                "minecraft:brightness_filter": {
                    "min": 9,
                    "max": 15,
                    "adjust_for_weather": false
                },
                "minecraft:weight": {
                    "default": 20
                },
                "minecraft:herd": {
                    "min_size": 1,
                    "max_size": 3,
                    "event": "minecraft:entity_born",
                    "event_skip_count": 1
                },
                "minecraft:biome_filter": [
                    {
                        "test": "has_biome_tag",
                        "operator": "==",
                        "value": "birch_forest"
                    }
                ]
            },
            {
                "minecraft:spawns_on_surface": {},
                "minecraft:brightness_filter": {
                    "min": 9,
                    "max": 15,
                    "adjust_for_weather": false
                },
                "minecraft:weight": {
                    "default": 20
                },
                "minecraft:herd": {
                    "min_size": 1,
                    "max_size": 3,
                    "event": "minecraft:entity_born",
                    "event_skip_count": 1
                },
                "minecraft:biome_filter": [
                    {
                        "test": "has_biome_tag",
                        "operator": "==",
                        "value": "taiga"
                    }
                ]
            },
            {
                "minecraft:spawns_on_surface": {},
                "minecraft:brightness_filter": {
                    "min": 9,
                    "max": 15,
                    "adjust_for_weather": false
                },
                "minecraft:weight": {
                    "default": 20
                },
                "minecraft:herd": {
                    "min_size": 1,
                    "max_size": 3,
                    "event": "minecraft:entity_born",
                    "event_skip_count": 1
                },
                "minecraft:biome_filter": [
                    {
                        "test": "has_biome_tag",
                        "operator": "==",
                        "value": "cold_taiga"
                    }
                ]
            },
            {
                "minecraft:spawns_on_surface": {},
                "minecraft:brightness_filter": {
                    "min": 9,
                    "max": 15,
                    "adjust_for_weather": false
                },
                "minecraft:weight": {
                    "default": 20
                },
                "minecraft:herd": {
                    "min_size": 1,
                    "max_size": 3,
                    "event": "minecraft:entity_born",
                    "event_skip_count": 1
                },
                "minecraft:biome_filter": [
                    {
                        "test": "has_biome_tag",
                        "operator": "==",
                        "value": "cherry_grove"
                    }
                ]
            }
        ]
    }
}