{
    "format_version": "1.8.0",
    "minecraft:spawn_rules": {
        "description": {
            "identifier": "dds_camping:snake",
            "population_control": "animal"
        },
        "conditions": [
            {
                "minecraft:spawns_on_surface": {},
                "minecraft:spawns_on_block_filter": [
                    "minecraft:grass",
                    "minecraft:snow",
                    "minecraft:sand",
                    "minecraft:snow_layer"
                ],
                "minecraft:weight": {
                    "default": 20
                },
                "minecraft:biome_filter": [
                    {
                        "test": "has_biome_tag",
                        "operator": "==",
                        "value": "forest"
                    }
                ]
            },
            {
                "minecraft:spawns_on_surface": {},
                "minecraft:spawns_on_block_filter": [
                    "minecraft:grass",
                    "minecraft:snow",
                    "minecraft:sand",
                    "minecraft:snow_layer"
                ],
                "minecraft:weight": {
                    "default": 20
                },
                "minecraft:biome_filter": [
                    {
                        "test": "has_biome_tag",
                        "operator": "==",
                        "value": "flower_forest"
                    }
                ]
            },
            {
                "minecraft:spawns_on_surface": {},
                "minecraft:spawns_on_block_filter": [
                    "minecraft:grass",
                    "minecraft:snow",
                    "minecraft:sand",
                    "minecraft:snow_layer"
                ],
                "minecraft:weight": {
                    "default": 20
                },
                "minecraft:biome_filter": [
                    {
                        "test": "has_biome_tag",
                        "operator": "==",
                        "value": "plains"
                    }
                ]
            },
            {
                "minecraft:spawns_on_surface": {},
                "minecraft:spawns_on_block_filter": [
                    "minecraft:grass",
                    "minecraft:snow",
                    "minecraft:sand",
                    "minecraft:snow_layer"
                ],
                "minecraft:weight": {
                    "default": 20
                },
                "minecraft:biome_filter": [
                    {
                        "test": "has_biome_tag",
                        "operator": "==",
                        "value": "swamp"
                    }
                ]
            },
            {
                "minecraft:spawns_on_surface": {},
                "minecraft:spawns_on_block_filter": [
                    "minecraft:grass",
                    "minecraft:snow",
                    "minecraft:sand",
                    "minecraft:snow_layer"
                ],
                "minecraft:weight": {
                    "default": 20
                },
                "minecraft:biome_filter": [
                    {
                        "test": "has_biome_tag",
                        "operator": "==",
                        "value": "mangrove_swamp"
                    }
                ]
            }
        ]
    }
}