{
	"format_version": "1.16.0",
	"minecraft:entity": {
		"description": {
			"identifier": "dds_camping:bear",
			"is_spawnable": true,
			"is_summonable": true,
			"is_experimental": false
		},
		"component_groups": {
			"dds_camping:despawn": {
				"minecraft:instant_despawn": {}
			},
			"minecraft:baby": {
				"minecraft:is_baby": {},
				"minecraft:scale": {
					"value": 0.5
				},
				"minecraft:ageable": {
					"duration": 1200,
					"grow_up": {
						"event": "minecraft:ageable_grow_up",
						"target": "self"
					}
				},
				"minecraft:behavior.follow_parent": {
					"priority": 4,
					"speed_multiplier": 1.25
				}
			},
			"minecraft:adult": {
				"minecraft:experience_reward": {
					"on_death": "query.last_hit_by_player ? Math.Random(1,3) : 0"
				},
				"minecraft:behavior.tempt": {
					"priority": 0,
					"speed_multiplier": 1,
					"within_radius": 16,
					"can_get_scared": true,
					"tempt_sound": "tempt",
					"sound_interval": [
						0,
						100
					],
					"items": [
						"honeycomb"
					]
				},
				"minecraft:loot": {
					"table": "loot_tables/dds/camping/bear.json"
				},
				"minecraft:tameable": {
					"probability": 0.1,
					"tame_items": "honeycomb",
					"tame_event": {
						"event": "minecraft:on_tame",
						"target": "self"
					}
				}
			},
			"minecraft:adult_wild": {
				"minecraft:on_target_acquired": {
					"event": "minecraft:on_anger",
					"target": "self"
				},
				"minecraft:on_friendly_anger": {
					"event": "minecraft:on_anger",
					"target": "self"
				},
				"minecraft:behavior.move_to_block": {
					"start_chance": 1,
					"search_range": 32,
					"goal_radius": 3,
					"stay_duration": 2,
					"target_blocks": [
						"minecraft:bee_nest",
						"minecraft:beehive"
					]
				},
				"minecraft:behavior.nearest_attackable_target": {
					"priority": 4,
					"entity_types": [
						{
							"filters": {
								"test": "is_family",
								"subject": "other",
								"value": "player"
							},
							"max_dist": 32
						}
					],
					"must_see": false
				}
			},
			"minecraft:adult_tamed": {
				"minecraft:is_tamed": {},
				"minecraft:behavior.follow_owner": {
					"priority": 6,
					"speed_multiplier": 1.0,
					"start_distance": 10,
					"stop_distance": 2
				},
				"minecraft:behavior.owner_hurt_by_target": {
					"priority": 1
				},
				"minecraft:behavior.owner_hurt_target": {
					"priority": 2
				},
				"minecraft:behavior.nearest_attackable_target": {
					"priority": 5,
					"must_see": true,
					"entity_types": [
						{
							"filters": {
								"test": "is_family",
								"subject": "other",
								"value": "monster"
							},
							"max_dist": 16
						}
					]
				},
				"minecraft:behavior.stomp_attack": {
					"priority": 2,
					"track_target": true,
					"require_complete_path": true,
					"stomp_range_multiplier": 2,
					"no_damage_range_multiplier": 2
				},
				"minecraft:attack": {
					"damage": 8
				},
				"minecraft:input_ground_controlled": {},
				"minecraft:behavior.player_ride_tamed": {},
				"minecraft:buoyant": {
					"apply_gravity": false,
					"base_buoyancy": 0,
					"big_wave_probability": 0.03,
					"big_wave_speed": 10,
					"liquid_blocks": [
						"water"
					]
				},
				"minecraft:rideable": {
					"controlling_seat": 0,
					"crouching_skip_interact": true,
					"family_types": [
						"player"
					],
					"interact_text": "action.interact.ride.horse",
					"pull_in_entities": false,
					"rider_can_interact": false,
					"seat_count": 1,
					"seats": {
						"max_rider_count": 1,
						"min_rider_count": 0,
						"position": [
							0,
							1.3,
							0.1
						]
					}
				},
				"minecraft:healable": {
					"items": [
						{
							"item": "fish",
							"heal_amount": 4
						},
						{
							"item": "salmon",
							"heal_amount": 4
						},
						{
							"item": "clownfish",
							"heal_amount": 2
						},
						{
							"item": "cooked_fish",
							"heal_amount": 10
						},
						{
							"item": "cooked_salmon",
							"heal_amount": 12
						},
						{
							"item": "honeycomb",
							"heal_amount": 14
						}
					]
				}
			},
			"minecraft:adult_hostile": {
				"minecraft:attack": {
					"damage": 6
				},
				"minecraft:angry": {
					"duration": 500,
					"broadcast_anger": false,
					"broadcast_range": 20,
					"calm_event": {
						"event": "minecraft:on_calm",
						"target": "self"
					}
				},
				"minecraft:behavior.stomp_attack": {
					"priority": 2,
					"track_target": true,
					"require_complete_path": true,
					"stomp_range_multiplier": 2,
					"no_damage_range_multiplier": 2
				}
			}
		},
		"components": {
			"minecraft:type_family": {
				"family": [
					"bear",
					"mob"
				]
			},
			"minecraft:breathable": {
				"total_supply": 15,
				"suffocate_time": 0
			},
			"minecraft:nameable": {},
			"minecraft:health": {
				"value": 50
			},
			"minecraft:hurt_on_condition": {
				"damage_conditions": [
					{
						"filters": {
							"test": "in_lava",
							"subject": "self",
							"operator": "==",
							"value": true
						},
						"cause": "lava",
						"damage_per_tick": 4
					}
				]
			},
			"minecraft:collision_box": {
				"width": 1.3,
				"height": 1.4
			},
			"minecraft:movement": {
				"value": 0.28
			},
			"minecraft:underwater_movement": {
				"value": 0.08
			},
			"minecraft:navigation.walk": {
				"can_path_over_water": true,
				"avoid_water": true,
				"avoid_damage_blocks": true
			},
			"minecraft:movement.basic": {},
			"minecraft:jump.static": {},
			"minecraft:can_climb": {},
			"minecraft:follow_range": {
				"value": 48
			},
			"minecraft:despawn": {
				"despawn_from_distance": {}
			},
			"minecraft:behavior.float": {
				"priority": 0
			},
			"minecraft:behavior.hurt_by_target": {
				"priority": 1
			},
			"minecraft:behavior.random_stroll": {
				"priority": 5
			},
			"minecraft:behavior.look_at_player": {
				"priority": 6,
				"target_distance": 6,
				"probability": 0.02
			},
			"minecraft:behavior.random_look_around": {
				"priority": 7
			},
			"minecraft:physics": {},
			"minecraft:pushable": {
				"is_pushable": true,
				"is_pushable_by_piston": true
			},
			"minecraft:behavior.panic": {
				"priority": 2,
				"speed_multiplier": 2
			},
			"minecraft:leashable": {
				"soft_distance": 4,
				"hard_distance": 6,
				"max_distance": 10
			},
			"minecraft:conditional_bandwidth_optimization": {}
		},
		"events": {
			"dds_camping:despawn": {
				"add": {
					"component_groups": [
						"dds_camping:despawn"
					]
				}
			},
			"minecraft:entity_spawned": {
				"randomize": [
					{
						"weight": 9,
						"add": {
							"component_groups": [
								"minecraft:adult",
								"minecraft:adult_wild"
							]
						}
					},
					{
						"weight": 1,
						"add": {
							"component_groups": [
								"minecraft:baby"
							]
						}
					}
				]
			},
			"minecraft:entity_born": {
				"add": {
					"component_groups": [
						"minecraft:baby"
					]
				}
			},
			"minecraft:ageable_grow_up": {
				"remove": {
					"component_groups": [
						"minecraft:baby"
					]
				},
				"add": {
					"component_groups": [
						"minecraft:adult",
						"minecraft:adult_wild"
					]
				}
			},
			"minecraft:on_calm": {
				"remove": {
					"component_groups": [
						"minecraft:adult_hostile"
					]
				},
				"add": {
					"component_groups": [
						"minecraft:adult_wild"
					]
				}
			},
			"minecraft:on_anger": {
				"remove": {
					"component_groups": [
						"minecraft:adult_wild"
					]
				},
				"add": {
					"component_groups": [
						"minecraft:adult_hostile"
					]
				}
			},
			"minecraft:on_tame": {
				"remove": {
					"component_groups": [
						"minecraft:adult_wild"
					]
				},
				"add": {
					"component_groups": [
						"minecraft:adult_tamed"
					]
				}
			}
		}
	}
}