{
	"format_version": "1.10.0",
	"animations": {
		"animation.dds_camping.car_generic.increase_speed": {
			"loop": false,
			"animation_length": 33.2,
			"timeline": {
				"0.0": [
					"@s dds_camping:event_speed_1"
				],
				"1.0": [
					"@s dds_camping:event_speed_2"
				],
				"2.0": [
					"@s dds_camping:event_speed_3"
				],
				"3.0": [
					"@s dds_camping:event_speed_4"
				],
				"4.0": [
					"@s dds_camping:event_speed_5"
				],
				"5.0": [
					"@s dds_camping:event_speed_6"
				],
				"6.0": [
					"@s dds_camping:event_speed_7"
				],
				"7.0": [
					"@s dds_camping:event_speed_8"
				],
				"8.0": [
					"@s dds_camping:event_speed_9"
				]
			}
		}
	}
}