{
	"format_version": "1.8.0",
	"animations": {
		"animation.dds_camping.furniture.center": {
			"animation_length": 0.25,
			"timeline": {
				"0.0": [
					"/execute as @s at @s run tp @s ~ ~ ~ 90 0"
				]
			}
		},
		"animation.dds_camping.furniture.align": {
			"animation_length": 0.25,
			"timeline": {
			"0.0": [
				"/execute as @s align xyz run tp @s ~0.5~~0.5"
			],
			"0.25": [
				"/execute as @s run setblock ~~~ minecraft:barrier"
			]
			}
		},
		"animation.dds_camping.furniture.place": {
			"animation_length": 1,
			"timeline": {
				"0.0": [
					"/playsound block.itemframe.place @a[r=10] ~~~ 1"
				]
			}
		}
	}
}