{
	"format_version": "1.8.0",
	"animations": {
		"animation.dds_camping.furniture.sleeping": {
			"animation_length": 7,
			"timeline": {
				"0.0": [
					"/execute as @s at @s run tp @p[tag=dds_camping_sleep] ~-1 ~ ~ 90 -30",
					"/gamerule sendcommandfeedback false",
					"/tellraw @a {\"rawtext\":[{\"text\":\"Sleeping through this night\"}]}",
					"/playanimation @p[tag=dds_camping_sleep] animation.player.sleeping root 100000"
				],
				"0.1": [
					"/inputpermission set @p[tag=dds_camping_sleep] movement disabled",
					"/inputpermission set @p[tag=dds_camping_sleep] camera disabled",
					"/camera @p[tag=dds_camping_sleep] fade time 4 1 1"
				],
				"0.15": [
					"/execute as @p[tag=dds_camping_sleep] at @s run tp @s ~ ~ ~ ~ -60",
					"/execute as @p[tag=dds_camping_sleep] at @s anchored eyes rotated ~ -90 positioned ^^5^3 run camera @s set minecraft:free ease 20 out_Circ pos ~-3 ~ ~ rot 90 ~"
				],
				"5.3": [
					"/execute as @p[tag=dds_camping_sleep] at @s run time set 0",
					"/execute as @p[tag=dds_camping_sleep] at @s run weather clear",
					"/playanimation @p[tag=dds_camping_sleep] animation.player.sleeping",
					"/playsound random.levelup @p[tag=dds_camping_sleep]",
					"/camera @p[tag=dds_camping_sleep] clear",
					"/inputpermission set @p[tag=dds_camping_sleep] movement enabled",
					"/inputpermission set @p[tag=dds_camping_sleep] camera enabled",
					"/tag @p remove dds_camping_sleep",
					"/event entity @s dds_camping:reset_variant_night"
				],
				"6.9": [
					"/gamerule sendcommandfeedback true"
				]
			}
		}
	}
}