{
	"format_version": "1.20.20",
	"minecraft:block": {
		"description": {
			"identifier": "dds_camping:camping_lantern_off",
			"menu_category": {
				"category": "none"
			},
			"traits": {
				"minecraft:placement_direction": {
					"enabled_states": ["minecraft:cardinal_direction"]
				}
			}
		},
		"components": {
			"minecraft:collision_box": {
				"origin": [-4, 0, -4],
				"size": [8, 8, 8]
			},
			"minecraft:loot": "loot_tables/dds/camping/camping_lantern.json",
			"minecraft:selection_box": {
				"origin": [-4, 0, -4],
				"size": [8, 8, 8]
			},
			"minecraft:destructible_by_mining": {
				"seconds_to_destroy": 0.4
			},
			"minecraft:light_dampening": 0,
			"minecraft:destructible_by_explosion": {
				"explosion_resistance": 32
			},
			"minecraft:geometry": "geometry.dds_camping.camping_lantern",
			"minecraft:material_instances": {
				"*": {
					"texture": "dds_camping_camping_lantern",
					"render_method": "alpha_test",
					"face_dimming": false,
					"ambient_occlusion": false
				}
			},
			"minecraft:map_color": "#ffcd17"
		},
		"permutations": [
			{
				"condition": "q.block_state('minecraft:cardinal_direction') == 'north' ",
				"components": {
					"minecraft:transformation": {
						"rotation": [0, 180, 0]
					}
				}
			},
			{
				"condition": "q.block_state('minecraft:cardinal_direction') == 'south' ",
				"components": {
					"minecraft:transformation": {
						"rotation": [0, 0, 0]
					}
				}
			},
			{
				"condition": "q.block_state('minecraft:cardinal_direction') == 'east' ",
				"components": {
					"minecraft:transformation": {
						"rotation": [0, 90, 0]
					}
				}
			},
			{
				"condition": "q.block_state('minecraft:cardinal_direction') == 'west' ",
				"components": {
					"minecraft:transformation": {
						"rotation": [0, 270, 0]
					}
				}
			}
		]
	}
}