{
	"format_version": "1.14.0",
	"minecraft:entity": {
		"description": {
			"identifier": "dds_camping:canoe",
			"is_summonable": true,
			"is_spawnable": true,
			"is_experimental": false
		},
		"component_groups": {
			"entity_death": {
				"minecraft:instant_despawn": {},
				"minecraft:spawn_entity": {
					"entities": [{
						"num_to_spawn": 1,
						"min_wait_time": 0,
						"max_wait_time": 0,
						"spawn_item": "dds_camping:canoe_spawn_egg",
						"single_use": true
					}]
				}
			}
		},
		"components": {
			"minecraft:type_family": {
				"family": [
					"water_vehicle"
				]
			},
			"minecraft:scale": {
				"value": 1.2
			},
			"minecraft:knockback_resistance": {
				"value": 1
			},
			"minecraft:interact": {
				"interactions": [{
					"on_interact": {
						"filters": {
							"all_of": [{
								"test": "is_sneaking",
								"subject": "player",
								"value": true
							}]
						},
						"event": "entity_despawn"
					},
					"use_item": false,
					"interact_text": "action.interact.structure_demolish"
				}]
			},
			"minecraft:behavior.rise_to_liquid_level": {
				"priority": 0,
				"liquid_y_offset": 0.5,
				"rise_delta": 0.05,
				"sink_delta": 0.05
			},
			"minecraft:underwater_movement": {
				"value": 0.1
			},
			"minecraft:navigation.walk": {
				"can_sink": false
			},
			"minecraft:rideable": {
				"seat_count": 2,
				"controlling_seat": 1,
				"family_types": [
					"player"
				],
				"interact_text": "action.interact.ride.boat",
				"pull_in_entities": true,
				"seats": [
					{
						"position": [
							0, 0.8, 0.7
						],
						"min_rider_count": 1,
						"max_rider_count": 2
					},
					{
						"position": [
							0, 0.8, -0.9
						],
						"min_rider_count": 2,
						"max_rider_count": 2
					}
				]
			},
			"minecraft:input_ground_controlled": {},
			"minecraft:health": {
				"value": 10,
				"max": 10
			},
			"minecraft:movement": {
				"value": 0.02
			},
			"minecraft:movement.basic": {},
			"minecraft:collision_box": {
				"width": 1,
				"height": 1
			},
			"minecraft:physics": {},
			"minecraft:on_death": {
				"event": "entity_despawn",
				"target": "self"
			}
		},
		"events": {
			"entity_despawn": {
				"add": {
					"component_groups": [
						"entity_death"
					]
				}
			}
		}
	}
}
