{
	"format_version": "1.12.0",
	"minecraft:geometry": [
		{
			"description": {
				"identifier": "geometry.dds_camping.bear",
				"texture_width": 128,
				"texture_height": 128,
				"visible_bounds_width": 4,
				"visible_bounds_height": 2.5,
				"visible_bounds_offset": [0, 0.75, 0]
			},
			"bones": [
				{
					"name": "body",
					"pivot": [-2, 15, 12],
					"cubes": [
						{"origin": [-7, 14, 5], "size": [14, 16, 11], "pivot": [0, 15, 12], "rotation": [90, 0, 0], "uv": [0, 0]},
						{"origin": [-6, 30, 5], "size": [12, 10, 10], "pivot": [0, 15, 12], "rotation": [90, 0, 0], "uv": [0, 27]}
					]
				},
				{
					"name": "head",
					"parent": "body",
					"pivot": [0, 14, -16],
					"mirror": true,
					"cubes": [
						{"origin": [-3.5, 10, -19], "size": [7, 7, 7], "uv": [37, 40], "mirror": false},
						{"origin": [-2.5, 9, -21], "size": [5, 4, 3], "pivot": [0, 11.5, -20.5], "rotation": [22.5, 0, 0], "uv": [58, 35], "mirror": false},
						{"origin": [-1.5, 10, -22], "size": [3, 2, 2], "pivot": [0, 11.5, -23.5], "rotation": [22.5, 0, 0], "uv": [0, 0], "mirror": false},
						{"origin": [-4.5, 15, -16], "size": [3, 4, 1], "pivot": [-3.5, 17, -15.5], "rotation": [0, 0, -15], "uv": [0, 27], "mirror": false},
						{"origin": [1.5, 15, -16], "size": [3, 4, 1], "pivot": [3.5, 17, -15.5], "rotation": [0, 0, 15], "uv": [0, 4], "mirror": false}
					],
					"locators": {
						"lead": [0, 14, -16]
					}
				},
				{
					"name": "leg0",
					"parent": "body",
					"pivot": [-4.5, 10, 6],
					"cubes": [
						{"origin": [-7.5, 6, 4], "size": [4, 8, 8], "uv": [0, 47]},
						{"origin": [-7.5, 0, 6], "size": [4, 6, 5], "uv": [42, 54]},
						{"origin": [-6.5, 0, 5], "size": [1, 1, 1], "uv": [4, 34]},
						{"origin": [-5, 0, 5], "size": [1, 1, 1], "uv": [0, 9]}
					]
				},
				{
					"name": "leg1",
					"parent": "body",
					"pivot": [4.5, 10, 6],
					"cubes": [
						{"origin": [4, 0, 5], "size": [1, 1, 1], "uv": [4, 9]},
						{"origin": [5.5, 0, 5], "size": [1, 1, 1], "uv": [0, 34]},
						{"origin": [3.5, 6, 4], "size": [4, 8, 8], "uv": [42, 19]},
						{"origin": [3.5, 0, 6], "size": [4, 6, 5], "uv": [58, 15]}
					]
				},
				{
					"name": "leg2",
					"parent": "body",
					"pivot": [-3.5, 10, -8],
					"cubes": [
						{"origin": [-6.5, 0, -9], "size": [4, 10, 5], "uv": [50, 0]},
						{"origin": [-6.5, 0, -10], "size": [1, 1, 1], "uv": [4, 34]},
						{"origin": [-3.5, 0, -10], "size": [1, 1, 1], "uv": [0, 32]},
						{"origin": [-5, 0, -10], "size": [1, 1, 1], "uv": [0, 9]}
					]
				},
				{
					"name": "leg3",
					"parent": "body",
					"pivot": [3.5, 10, -8],
					"cubes": [
						{"origin": [2.5, 0, -9], "size": [4, 10, 5], "uv": [24, 49]},
						{"origin": [5.5, 0, -10], "size": [1, 1, 1], "uv": [0, 34]},
						{"origin": [2.5, 0, -10], "size": [1, 1, 1], "uv": [4, 32]},
						{"origin": [4, 0, -10], "size": [1, 1, 1], "uv": [4, 9]}
					]
				}
			]
		}
	]
}