{
	"format_version": "1.12.0",
	"minecraft:geometry": [
		{
			"description": {
				"identifier": "geometry.dds_camping.bobcat",
				"texture_width": 64,
				"texture_height": 64,
				"visible_bounds_width": 4,
				"visible_bounds_height": 3,
				"visible_bounds_offset": [0, 1.5, 0]
			},
			"bones": [
				{
					"name": "root",
					"pivot": [0, 0, 0]
				},
				{
					"name": "body",
					"parent": "root",
					"pivot": [0, 14.5, -0.6],
					"cubes": [
						{"origin": [-3, 8.5, -0.6], "size": [6, 7, 10], "uv": [0, 17]}
					]
				},
				{
					"name": "head",
					"parent": "body",
					"pivot": [0, 15.8, -8],
					"cubes": [
						{"origin": [-3, 12.8, -14], "size": [6, 6, 6], "uv": [26, 28]},
						{"origin": [-0.2, 12.2, -13.2], "size": [3, 4, 3], "inflate": 0.2, "pivot": [3.1, 16.4, -13.4], "rotation": [-10, 0, -7.5], "uv": [35, 40]},
						{"origin": [-2.8, 12.2, -13.2], "size": [3, 4, 3], "inflate": 0.2, "pivot": [-3.1, 16.4, -13.4], "rotation": [-10, 0, 7.5], "uv": [35, 40], "mirror": true},
						{"origin": [-1.5, 12.8, -15.8], "size": [3, 2, 2], "uv": [44, 28]},
						{"origin": [2.53109, 14.21154, -21.54423], "size": [1, 3, 3], "pivot": [0.53109, -2.28846, -9.54423], "rotation": [-30, 30, 0], "uv": [0, 44]},
						{"origin": [-3.53109, 14.21154, -21.54423], "size": [1, 3, 3], "pivot": [-0.53109, -2.28846, -9.54423], "rotation": [-30, -30, 0], "uv": [0, 44], "mirror": true}
					]
				},
				{
					"name": "nose0",
					"parent": "head",
					"pivot": [-0.5, 15.9, -14],
					"rotation": [21, 0, 0],
					"cubes": [
						{"origin": [-1.5, 13.9, -16], "size": [3, 2, 2], "inflate": 0.1, "uv": [22, 23]},
						{"origin": [-0.5, 14.9, -16], "size": [1, 1, 1], "inflate": 0.3, "uv": [5, 0]}
					]
				},
				{
					"name": "body1",
					"parent": "body",
					"pivot": [0, 8.5, 0.4],
					"rotation": [-5, 0, 0],
					"cubes": [
						{"origin": [-3.5, 7.5, -8.6], "size": [7, 8, 9], "uv": [0, 0]}
					]
				},
				{
					"name": "neck0",
					"parent": "body1",
					"pivot": [0, 9.5, -4.6],
					"rotation": [-20, 0, 0],
					"cubes": [
						{"origin": [-2.5, 9.5, -12.6], "size": [5, 6, 8], "inflate": -0.4, "uv": [24, 9]}
					]
				},
				{
					"name": "leg1",
					"parent": "body",
					"pivot": [3.5, 10.4, 6],
					"rotation": [-25, 0, 0],
					"cubes": [
						{"origin": [1.5, 6.4, 4], "size": [3, 6, 4], "inflate": 0.3, "uv": [0, 34]}
					]
				},
				{
					"name": "leftbackleg1",
					"parent": "leg1",
					"pivot": [3, 6.1, 4],
					"rotation": [67.5, 0, 0],
					"cubes": [
						{"origin": [1.5, 0.1, 4], "size": [3, 6, 3], "inflate": -0.01, "uv": [14, 34]}
					]
				},
				{
					"name": "leftbackleg2",
					"parent": "leftbackleg1",
					"pivot": [3, 0.1, 7],
					"rotation": [-65, 0, 0],
					"cubes": [
						{"origin": [2, -4.9, 4], "size": [2, 5, 3], "uv": [42, 7]}
					]
				},
				{
					"name": "leftbackleg3",
					"parent": "leftbackleg2",
					"pivot": [3, -3.3, 6.4],
					"rotation": [22.5, 0, 0],
					"cubes": [
						{"origin": [1.5, -5.3, 3.4], "size": [3, 2, 3], "uv": [32, 23]}
					]
				},
				{
					"name": "leg0",
					"parent": "body",
					"pivot": [-3.5, 10.4, 6],
					"rotation": [-25, 0, 0],
					"cubes": [
						{"origin": [-4.5, 6.4, 4], "size": [3, 6, 4], "inflate": 0.3, "uv": [0, 34], "mirror": true}
					]
				},
				{
					"name": "rightbackleg1",
					"parent": "leg0",
					"pivot": [-3, 6.1, 4],
					"rotation": [67.5, 0, 0],
					"cubes": [
						{"origin": [-4.5, 0.1, 4], "size": [3, 6, 3], "inflate": -0.01, "uv": [14, 34], "mirror": true}
					]
				},
				{
					"name": "rightbackleg2",
					"parent": "rightbackleg1",
					"pivot": [-3, 0.1, 7],
					"rotation": [-65, 0, 0],
					"cubes": [
						{"origin": [-4, -4.9, 4], "size": [2, 5, 3], "uv": [42, 7], "mirror": true}
					]
				},
				{
					"name": "rightbackleg3",
					"parent": "rightbackleg2",
					"pivot": [-3, -3.3, 6.4],
					"rotation": [22.5, 0, 0],
					"cubes": [
						{"origin": [-4.5, -5.3, 3.4], "size": [3, 2, 3], "uv": [32, 23], "mirror": true}
					]
				},
				{
					"name": "leg2",
					"parent": "body",
					"pivot": [-3.5, 11, -5.5],
					"rotation": [15, 0, 0],
					"cubes": [
						{"origin": [-4.5, 8, -7.5], "size": [3, 5, 4], "inflate": 0.2, "uv": [23, 0], "mirror": true}
					]
				},
				{
					"name": "rightfrontleg1",
					"parent": "leg2",
					"pivot": [-3, 8.3, -6.8],
					"rotation": [7.5, 0, 0],
					"cubes": [
						{"origin": [-4.5, 5.3, -6.8], "size": [3, 3, 3], "inflate": -0.01, "uv": [11, 43], "mirror": true}
					]
				},
				{
					"name": "rightfrontleg2",
					"parent": "rightfrontleg1",
					"pivot": [-3, 5.3, -3.8],
					"rotation": [-30, 0, 0],
					"cubes": [
						{"origin": [-4, -0.7, -6.8], "size": [2, 6, 3], "uv": [0, 17], "mirror": true}
					]
				},
				{
					"name": "rightfrontleg3",
					"parent": "rightfrontleg2",
					"pivot": [-3, 0.7, -4.3],
					"rotation": [7.5, 0, 0],
					"cubes": [
						{"origin": [-4.5, -1.3, -7.3], "size": [3, 2, 3], "uv": [44, 23], "mirror": true}
					]
				},
				{
					"name": "leg3",
					"parent": "body",
					"pivot": [3.5, 11, -5.5],
					"rotation": [15, 0, 0],
					"cubes": [
						{"origin": [1.5, 8, -7.5], "size": [3, 5, 4], "inflate": 0.2, "uv": [23, 0]}
					]
				},
				{
					"name": "leftfrontleg1",
					"parent": "leg3",
					"pivot": [3, 8.3, -6.8],
					"rotation": [7.5, 0, 0],
					"cubes": [
						{"origin": [1.5, 5.3, -6.8], "size": [3, 3, 3], "inflate": -0.01, "uv": [11, 43]}
					]
				},
				{
					"name": "leftfrontleg2",
					"parent": "leftfrontleg1",
					"pivot": [3, 5.3, -3.8],
					"rotation": [-30, 0, 0],
					"cubes": [
						{"origin": [2, -0.7, -6.8], "size": [2, 6, 3], "uv": [0, 17]}
					]
				},
				{
					"name": "leftfrontleg3",
					"parent": "leftfrontleg2",
					"pivot": [3, 0.7, -4.3],
					"rotation": [7.5, 0, 0],
					"cubes": [
						{"origin": [1.5, -1.3, -7.3], "size": [3, 2, 3], "uv": [44, 23]}
					]
				},
				{
					"name": "tail",
					"parent": "body",
					"pivot": [0, 15.5, 9.4],
					"rotation": [-40, 0, 0],
					"cubes": [
						{"origin": [-1, 13.5, 9.4], "size": [2, 2, 5], "uv": [37, 0]}
					]
				},
				{
					"name": "world",
					"pivot": [0, 0, 0]
				}
			]
		}
	]
}