{
	"format_version": "1.12.0",
	"minecraft:geometry": [
		{
			"description": {
				"identifier": "geometry.dds_camping.caribou",
				"texture_width": 96,
				"texture_height": 96,
				"visible_bounds_width": 4,
				"visible_bounds_height": 3.5,
				"visible_bounds_offset": [0, 1.25, 0]
			},
			"bones": [
				{
					"name": "left_back_leg",
					"pivot": [4.5, 18, 12],
					"rotation": [-27.5, 0, 0],
					"cubes": [
						{"origin": [1.5, 10, 9], "size": [4, 8, 6], "uv": [56, 17], "mirror": true}
					]
				},
				{
					"name": "left_back_leg2",
					"parent": "left_back_leg",
					"pivot": [4, 10, 10],
					"rotation": [57.5, 0, 0],
					"cubes": [
						{"origin": [2, 3, 10], "size": [3, 7, 4], "uv": [36, 62], "mirror": true}
					]
				},
				{
					"name": "left_back_leg3",
					"parent": "left_back_leg2",
					"pivot": [3.25, 3, 13.5],
					"rotation": [-45, 0, 0],
					"cubes": [
						{"origin": [2.25, -4, 10.5], "size": [2, 7, 3], "uv": [0, 24], "mirror": true}
					]
				},
				{
					"name": "left_back_leg4",
					"parent": "left_back_leg3",
					"pivot": [3.25, -3.5, 12.5],
					"rotation": [-75, 0, 0],
					"cubes": [
						{"origin": [1.75, -6.5, 11], "size": [3, 3, 3], "uv": [0, 0]}
					]
				},
				{
					"name": "body",
					"pivot": [0, 5, 0],
					"cubes": [
						{"origin": [-4.5, 11, 1], "size": [9, 11, 13], "uv": [0, 0]},
						{"origin": [-1.5, 19, 14], "size": [3, 3, 4], "pivot": [1.5, 22, 14], "rotation": [-15, 0, 0], "uv": [65, 0]},
						{"origin": [-4.5, 11, -7], "size": [9, 11, 8], "inflate": 0.025, "pivot": [4.5, 11, 1], "rotation": [-10, 0, 0], "uv": [0, 42]}
					]
				},
				{
					"name": "neck0",
					"parent": "body",
					"pivot": [0, 18, -4],
					"rotation": [-15, 0, 0],
					"cubes": [
						{"origin": [-3, 13, -13], "size": [6, 8, 9], "uv": [44, 0]},
						{"origin": [0, 7, -12], "size": [0, 7, 6], "pivot": [0, 13, -9], "rotation": [15, 0, 0], "uv": [0, 0]}
					],
					"locators": {
						"locator": [0, 17, -5]
					}
				},
				{
					"name": "head",
					"parent": "neck0",
					"pivot": [0, 19, -10.75],
					"rotation": [45, 0, 0],
					"cubes": [
						{"origin": [-4, 15.5, -17.75], "size": [8, 7, 7], "uv": [34, 48]},
						{"origin": [-3, 15.5, -22.75], "size": [6, 5, 5], "uv": [56, 31]},
						{"origin": [2.5, 19.5, -12.75], "size": [3, 5, 1], "uv": [8, 71]},
						{"origin": [-5.5, 19.5, -12.75], "size": [3, 5, 1], "uv": [0, 71]}
					]
				},
				{
					"name": "left_horn",
					"parent": "head",
					"pivot": [0.5, 19.5, -12.75],
					"rotation": [-7.5, 0, 0],
					"cubes": [
						{"origin": [0.49, 19.5, -14.75], "size": [2, 5, 2], "uv": [45, 0]},
						{"origin": [0.49, 24.5, -18.75], "size": [8, 6, 12], "uv": [28, 30]}
					]
				},
				{
					"name": "right_horn",
					"parent": "head",
					"pivot": [-0.5, 19.5, -12.75],
					"rotation": [-7.5, 0, 0],
					"cubes": [
						{"origin": [-2.49, 19.5, -14.75], "size": [2, 5, 2], "uv": [0, 42]},
						{"origin": [-8.49, 24.5, -18.75], "size": [8, 6, 12], "uv": [0, 24]}
					]
				},
				{
					"name": "right_front_leg",
					"pivot": [-3, 16, -2.5],
					"cubes": [
						{"origin": [-6, 13, -5], "size": [4, 5, 5], "uv": [0, 61]}
					]
				},
				{
					"name": "right_front_leg6",
					"parent": "right_front_leg",
					"pivot": [-3.5, 13, -2.5],
					"cubes": [
						{"origin": [-5.5, 8, -4.5], "size": [3, 5, 4], "uv": [31, 0]}
					]
				},
				{
					"name": "right_front_leg7",
					"parent": "right_front_leg6",
					"pivot": [-3, 8, -2],
					"cubes": [
						{"origin": [-5, 1, -4], "size": [2, 7, 3], "uv": [28, 24]}
					]
				},
				{
					"name": "right_front_leg8",
					"parent": "right_front_leg7",
					"pivot": [-2.5, 0, -3],
					"cubes": [
						{"origin": [-5.5, 0, -5], "size": [3, 3, 3], "uv": [50, 17]}
					]
				},
				{
					"name": "right_back_leg",
					"pivot": [-4.5, 18, 12],
					"rotation": [-27.5, 0, 0],
					"cubes": [
						{"origin": [-5.5, 10, 9], "size": [4, 8, 6], "uv": [56, 17]}
					]
				},
				{
					"name": "right_back_leg6",
					"parent": "right_back_leg",
					"pivot": [-4, 10, 10],
					"rotation": [57.5, 0, 0],
					"cubes": [
						{"origin": [-5, 3, 10], "size": [3, 7, 4], "uv": [36, 62]}
					]
				},
				{
					"name": "right_back_leg7",
					"parent": "right_back_leg6",
					"pivot": [-3.25, 3, 13.5],
					"rotation": [-45, 0, 0],
					"cubes": [
						{"origin": [-4.25, -4, 10.5], "size": [2, 7, 3], "uv": [0, 24]}
					]
				},
				{
					"name": "right_back_leg8",
					"parent": "right_back_leg7",
					"pivot": [-3.25, -3.5, 12.5],
					"rotation": [-75, 0, 0],
					"cubes": [
						{"origin": [-4.75, -6.5, 11], "size": [3, 3, 3], "uv": [0, 0], "mirror": true}
					]
				},
				{
					"name": "left_front_leg",
					"pivot": [3, 16, -2.5],
					"cubes": [
						{"origin": [2, 13, -5], "size": [4, 5, 5], "uv": [0, 61], "mirror": true}
					]
				},
				{
					"name": "left_front_leg3",
					"parent": "left_front_leg",
					"pivot": [3.5, 13, -2.5],
					"cubes": [
						{"origin": [2.5, 8, -4.5], "size": [3, 5, 4], "uv": [31, 0], "mirror": true}
					]
				},
				{
					"name": "left_front_leg4",
					"parent": "left_front_leg3",
					"pivot": [3, 8, -2],
					"cubes": [
						{"origin": [3, 1, -4], "size": [2, 7, 3], "uv": [28, 24], "mirror": true}
					]
				},
				{
					"name": "left_front_leg5",
					"parent": "left_front_leg4",
					"pivot": [2.5, 0, -3],
					"cubes": [
						{"origin": [2.5, 0, -5], "size": [3, 3, 3], "uv": [50, 17], "mirror": true}
					]
				}
			]
		}
	]
}