{
	"format_version": "1.12.0",
	"minecraft:geometry": [
		{
			"description": {
				"identifier": "geometry.dds_camping.racoon",
				"texture_width": 64,
				"texture_height": 64,
				"visible_bounds_width": 4,
				"visible_bounds_height": 2.5,
				"visible_bounds_offset": [0, 0.75, 0]
			},
			"bones": [
				{
					"name": "root",
					"pivot": [0, 0, 0]
				},
				{
					"name": "body",
					"parent": "root",
					"pivot": [0, 8, 0],
					"cubes": [
						{"origin": [-4, 0, -3], "size": [8, 11, 6], "pivot": [-1, 8, 0], "rotation": [90, 0, 0], "uv": [0, 0]}
					]
				},
				{
					"name": "head",
					"parent": "body",
					"pivot": [0, 9, -3],
					"cubes": [
						{"origin": [-5, 11, -5], "size": [2, 2, 1], "uv": [0, 20]},
						{"origin": [3, 11, -5], "size": [2, 2, 1], "uv": [0, 17]},
						{"origin": [-2, 5, -12], "size": [4, 2, 3], "uv": [28, 5]}
					],
					"locators": {
						"held_item": [-2, 6, -10],
						"lead": [0, 5, -4]
					}
				},
				{
					"name": "head_sleeping",
					"parent": "head",
					"pivot": [0, 9, -3],
					"cubes": [
						{"origin": [-5, 5, -9], "size": [10, 6, 6], "uv": [0, 17]},
						{"origin": [3, 11, -5], "size": [2, 2, 1], "uv": [0, 17]},
						{"origin": [-5, 11, -5], "size": [2, 2, 1], "uv": [0, 20]},
						{"origin": [-2, 5, -12], "size": [4, 2, 3], "uv": [28, 5]}
					]
				},
				{
					"name": "leg0",
					"parent": "body",
					"pivot": [-3, 6, 6],
					"cubes": [
						{"origin": [-3.005, 0, 5], "size": [2, 6, 2], "uv": [0, 37]}
					]
				},
				{
					"name": "leg1",
					"parent": "body",
					"pivot": [1, 6, 6],
					"cubes": [
						{"origin": [1.005, 0, 5], "size": [2, 6, 2], "uv": [16, 29]}
					]
				},
				{
					"name": "leg2",
					"parent": "body",
					"pivot": [-3, 6, -1],
					"cubes": [
						{"origin": [-3.005, 0, -2], "size": [2, 6, 2], "uv": [8, 29]}
					]
				},
				{
					"name": "leg3",
					"parent": "body",
					"pivot": [1, 6, -1],
					"cubes": [
						{"origin": [1.005, 0, -2], "size": [2, 6, 2], "uv": [0, 29]}
					]
				},
				{
					"name": "tail",
					"parent": "body",
					"pivot": [0, 8, 6.3],
					"rotation": [77.5, 0, 0],
					"cubes": [
						{
							"origin": [-2, -3, 5.05],
							"size": [4, 10, 5],
							"uv": {
								"north": {"uv": [32, 29], "uv_size": [6, 9]},
								"east": {"uv": [26, 29], "uv_size": [6, 9]},
								"south": {"uv": [44, 29], "uv_size": [6, 9]},
								"west": {"uv": [38, 29], "uv_size": [6, 9]},
								"up": {"uv": [32, 23], "uv_size": [6, 6]},
								"down": {"uv": [38, 29], "uv_size": [6, -6]}
							}
						}
					]
				},
				{
					"name": "world",
					"pivot": [0, 0, 0]
				}
			]
		}
	]
}