{
	"format_version": "1.12.0",
	"minecraft:geometry": [
		{
			"description": {
				"identifier": "geometry.dds_camping.snake",
				"texture_width": 48,
				"texture_height": 48,
				"visible_bounds_width": 5,
				"visible_bounds_height": 2.5,
				"visible_bounds_offset": [0, 0.75, 0]
			},
			"bones": [
				{
					"name": "base0",
					"pivot": [0, 0, 0]
				},
				{
					"name": "body7",
					"parent": "base0",
					"pivot": [0, 0.2, -8.9],
					"rotation": [-7.5, 0, 0],
					"cubes": [
						{"origin": [-1, 0.2, -8.9], "size": [2, 2, 3], "inflate": 0.025, "uv": [24, 5]}
					]
				},
				{
					"name": "body8",
					"parent": "body7",
					"pivot": [0, 0.2, -5.9],
					"rotation": [7.5, 0, 0],
					"cubes": [
						{"origin": [-1, 0.2, -5.9], "size": [2, 2, 3], "inflate": -0.025, "uv": [24, 0]}
					]
				},
				{
					"name": "body9",
					"parent": "body8",
					"pivot": [0, 2.1, -2.975],
					"cubes": [
						{"origin": [-1, 0.2, -2.975], "size": [2, 2, 4], "inflate": -0.05, "uv": [16, 18]}
					]
				},
				{
					"name": "body10",
					"parent": "body9",
					"pivot": [0, 2, 0.875],
					"cubes": [
						{"origin": [-1, 0.2, 0.875], "size": [2, 2, 4], "inflate": -0.075, "uv": [16, 12]}
					]
				},
				{
					"name": "body11",
					"parent": "body10",
					"pivot": [0, 2, 4.725],
					"cubes": [
						{"origin": [-1, 0.2, 4.725], "size": [2, 2, 4], "inflate": -0.1, "uv": [16, 6]}
					]
				},
				{
					"name": "body12",
					"parent": "body11",
					"pivot": [0, 1.8, 8.525],
					"cubes": [
						{"origin": [-1, 0.1, 8.225], "size": [2, 2, 4], "inflate": -0.225, "uv": [8, 15]}
					]
				},
				{
					"name": "body13",
					"parent": "body12",
					"pivot": [0, 1.775, 11.975],
					"cubes": [
						{"origin": [-1, 0.075, 11.675], "size": [2, 2, 4], "inflate": -0.275, "uv": [0, 13]}
					]
				},
				{
					"name": "body14",
					"parent": "body13",
					"pivot": [0, 1.65, 15.275],
					"cubes": [
						{"origin": [-1, 0.05, 14.975], "size": [2, 2, 4], "inflate": -0.325, "uv": [12, 0]}
					]
				},
				{
					"name": "body15",
					"parent": "body14",
					"pivot": [0, 1.65, 18.55],
					"cubes": [
						{"origin": [-1, 0.05, 18.25], "size": [2, 2, 4], "inflate": -0.35, "uv": [8, 9]}
					]
				},
				{
					"name": "body16",
					"parent": "body15",
					"pivot": [0, 1.625, 21.75],
					"cubes": [
						{"origin": [-1, 0.025, 21.45], "size": [2, 2, 4], "inflate": -0.4, "uv": [0, 7]}
					]
				},
				{
					"name": "body0",
					"parent": "base0",
					"pivot": [0, 0.5, -9],
					"rotation": [-22.5, 0, 0],
					"cubes": [
						{"origin": [-1, 11.51357, -15.47279], "size": [2, 2, 3], "uv": [0, 27]}
					]
				},
				{
					"name": "body1",
					"parent": "body0",
					"pivot": [0, 13.51357, -12.47279],
					"rotation": [-32.5, 0, 0],
					"cubes": [
						{"origin": [-1, 11.51357, -12.47279], "size": [2, 2, 3], "inflate": -0.025, "uv": [26, 26]}
					]
				},
				{
					"name": "body2",
					"parent": "body1",
					"pivot": [0, 13.51357, -9.47279],
					"rotation": [-45, 0, 0],
					"cubes": [
						{"origin": [-1, 11.51357, -9.47279], "size": [2, 2, 3], "uv": [26, 21]}
					]
				},
				{
					"name": "body3",
					"parent": "body2",
					"pivot": [0, 13.51357, -6.47279],
					"rotation": [-35, 0, 0],
					"cubes": [
						{"origin": [-1, 11.51357, -6.47279], "size": [2, 2, 3], "inflate": 0.05, "uv": [25, 15]}
					]
				},
				{
					"name": "body4",
					"parent": "body3",
					"pivot": [0, 11.51357, -3.47279],
					"rotation": [12.5, 0, 0],
					"cubes": [
						{"origin": [-1, 11.51357, -3.47279], "size": [2, 2, 3], "uv": [25, 10]}
					]
				},
				{
					"name": "body5",
					"parent": "body4",
					"pivot": [0, 11.51357, -0.47279],
					"rotation": [35, 0, 0],
					"cubes": [
						{"origin": [-1, 11.51357, -0.47279], "size": [2, 2, 3], "inflate": 0.025, "uv": [19, 24]}
					]
				},
				{
					"name": "body6",
					"parent": "body5",
					"pivot": [0, 11.51357, 2.52721],
					"rotation": [47.5, 0, 0],
					"cubes": [
						{"origin": [-1, 11.51357, 2.52721], "size": [2, 2, 3], "uv": [9, 24]}
					]
				},
				{
					"name": "head0",
					"parent": "base0",
					"pivot": [0, 14.25, -10],
					"cubes": [
						{"origin": [-1.5, 13, -13], "size": [3, 3, 3], "uv": [0, 21]},
						{"origin": [-1, 13, -14], "size": [2, 2, 1], "uv": [0, 0]}
					]
				},
				{
					"name": "language",
					"parent": "head0",
					"pivot": [0, 11, -18.5],
					"rotation": [27.5, 0, 0],
					"cubes": [
						{"origin": [-1.5, 10.46226, -18.94643], "size": [3, 1, 6], "inflate": -0.5, "uv": [0, 0]}
					]
				}
			]
		}
	]
}