{
	"format_version": "1.8.0",
	"minecraft:client_entity": {
		"description": {
			"identifier": "dds_camping:bear",
			"materials": {
				"default": "entity_alphatest"
			},
			"textures": {
				"default": "textures/dds/camping/entity/bear"
			},
			"geometry": {
				"default": "geometry.dds_camping.bear"
			},
			"animations": {
				"walk": "animation.dds_camping.bear.walk",
				"move": "animation.dds_camping.bear.move",
				"look_at_target": "animation.common.look_at_target",
				"baby_transform": "animation.dds_camping.bear.baby_transform"
			},
			"scripts": {
				"scale": "1.2"
			},
			"animation_controllers": [
				{
					"move": "controller.animation.polarbear.move"
				},
				{
					"baby": "controller.animation.polarbear.baby"
				}
			],
			"render_controllers": ["controller.render.polarbear"],
			"spawn_egg": {
				"base_color": "#6a4316",
				"overlay_color": "#d29d81"
			}
		}
	}
}