{
	"format_version": "1.10.0",
	"minecraft:client_entity": {
		"description": {
			"identifier": "dds_camping:caribou",
			"materials": {
				"default": "entity_alphatest"
			},
			"textures": {
				"default": "textures/dds/camping/entity/caribou"
			},
			"geometry": {
				"default": "geometry.dds_camping.caribou"
			},
			"spawn_egg": {
				"base_color": "#1d014e",
				"overlay_color": "#5ee1b7"
			},
			"scripts": {
				"pre_animation": [
					"variable.tcos_right_side = (Math.cos(query.modified_distance_moved * 38.17) * query.modified_move_speed / variable.gliding_speed_value) * 57.3;",
					"variable.tcos_left_side = -variable.tcos_right_side;"
				],
				"animate": [
					"walk",
					"look_at_target"
				]
			},
			"animations": {
				"walk": "animation.dds_camping.caribou.walk",
				"look_at_target": "animation.dds_camping.caribou.look_at_target"
			},
			"render_controllers": ["controller.render.default"]
		}
	}
}