{
	"format_version": "1.10.0",
	"minecraft:client_entity": {
		"description": {
			"identifier": "dds_camping:racoon",
			"materials": {
				"default": "entity_alphatest"
			},
			"textures": {
				"default": "textures/dds/camping/entity/racoon"
			},
			"geometry": {
				"default": "geometry.dds_camping.racoon"
			},
			"animations": {
				"walk": "animation.dds_camping.racoon.walk",
				"look_at_target": "animation.common.look_at_target",
				"baby_transform": "animation.dds_camping.racoon.baby_transform",
				"crouch": "animation.dds_camping.racoon.crouch",
				"sleep": "animation.dds_camping.racoon.sleep",
				"setup": "animation.dds_camping.racoon.setup",
				"sit": "animation.dds_camping.racoon.sit",
				"wiggle": "animation.dds_camping.racoon.wiggle",
				"stuck": "animation.dds_camping.racoon.stuck",
				"pounce": "animation.dds_camping.racoon.pounce",
				"move": "controller.animation.fox.move"
			},
			"scripts": {
				"animate": [
					"setup",
					{
						"baby_transform": "query.is_baby"
					},
					"move"
				]
			},
			"render_controllers": ["controller.render.default"],
			"spawn_egg": {
				"base_color": "#555d4b",
				"overlay_color": "#7c6e55"
			}
		}
	}
}