{
	"format_version": "1.10.0",
	"minecraft:client_entity": {
		"description": {
			"identifier": "dds_camping:snake",
			"materials": {
				"default": "entity_alphatest"
			},
			"textures": {
				"default": "textures/dds/camping/entity/snake"
			},
			"geometry": {
				"default": "geometry.dds_camping.snake"
			},
			"render_controllers": ["controller.render.default"],
			"scripts": {
				"animate": [
					"look_at_target",
						"walk.c"
				  ]
			  },

			"animations": {
				"look_at_target": "animation.spider.look_at_target",
				"walk": "animation.dds_camping.dds_snake.walk",
				"idle": "animation.dds_camping.dds_snake.idle",
				"walk.c":"controller.animation.dds_camping.snake.move"
			  },
			"spawn_egg": {
				"base_color": "#6d0640",
				"overlay_color": "#7cc402"
			}
		}
	}
}