{"version":1,"content":[{"path":"animations/dds/camping/car_generic.animation.json","key":"eV0iQQqoWM4xS3EHKEIFpzil3dBgnazm"},{"path":"animations/dds/camping/furniture.animation.json","key":"bR5KwEHtqABUC19pEVM1M4LmJh4QEBhh"},{"path":"animations/dds/camping/sleeping.animation.json","key":"iN7IPCLEfGVi1N9eNR1dp8xwYsfq06mx"},{"path":"animation_controllers/dds/camping/atv_sound.json","key":"uM4G6O846HU8QHH8NtfhGNFVCrfaotdm"},{"path":"animation_controllers/dds/camping/car_gen.json","key":"vA3bAxY7phaB6PVgSYrSGCMCjWEewiKc"},{"path":"animation_controllers/dds/camping/furniture.json","key":"zU26w9HyZEk6KjxuBF2IMa2824BkMHQQ"},{"path":"animation_controllers/dds/camping/sleep.json","key":"vM8NTH2frFEa91bs9MkUmdLVj5wxRLuM"},{"path":"blocks/dds/camping/camping_lantern.block.json","key":"jC54lU2Wf7OL714fuThcUn2vMbhXOBAM"},{"path":"blocks/dds/camping/camping_lantern_off.json","key":"qW38vRvK72MnNw0hh3jRYj1K3ghu887J"},{"path":"entities/dds/camping/animals/bear.behavior.json","key":"rN77WaIEw2EGLmZ9cvlixf0nbsmj5GEP"},{"path":"entities/dds/camping/animals/bobcat.behavior.json","key":"dO1Q5T8fgfGQHkYH1IxlqNz0JNvym0LV"},{"path":"entities/dds/camping/animals/caribou.behavior.json","key":"mI5nWH05upoducOnmbMEEVEs0G3nI3CP"},{"path":"entities/dds/camping/animals/racoon.behavior.json","key":"uX9UI1qT9vByFUMSi2yhjI0uz2648MFQ"},{"path":"entities/dds/camping/animals/snake.json","key":"gW3JbMThXoJymPmtN3ZFaZ0CyNZ7rkPO"},{"path":"entities/dds/camping/atv.json","key":"rW0qRrPNInKetcJtBJfWLCgAtoJMHT7v"},{"path":"entities/dds/camping/blanket.json","key":"pB0Wr363S8mov37HPivUBmExwM0Y8gt9"},{"path":"entities/dds/camping/campfire.json","key":"eS1ghyY8ONz01lXnRNUyw91HdEAs7maA"},{"path":"entities/dds/camping/camping_npc.json","key":"cE3e48P8GtcORs42J9rsEJqk8OjgYeJM"},{"path":"entities/dds/camping/canoe.json","key":"sR8OiidXN5rT0KexPGo063ljfp2fX3V3"},{"path":"entities/dds/camping/cayak.json","key":"hA1K4eOl9IE30plOHZIO8tWMRmLCj0pS"},{"path":"entities/dds/camping/guidebook/guide_book.behavior.json","key":"yI7Xr0WnraUZOTk5qpl3WkWEuJvJOFyv"},{"path":"entities/dds/camping/hamper.json","key":"yR0r8ciJZAuHFg1Nqgm3vQZqdrvMWraa"},{"path":"entities/dds/camping/projectile/hook_projectile.json","key":"nX316vxOHHQp4M4BfvVpZoP4eO27Ofuz"},{"path":"entities/dds/camping/sleepingbag.json","key":"xC3bHAqqQTmIgHczLtl4gT9ZB8PfT6i5"},{"path":"entities/dds/camping/stove.json","key":"eU3qWclf48A9kCERoozHdWWsbf1zIAH1"},{"path":"entities/dds/camping/tent.json","key":"xF7fLqt6XHmZScxBJKOrIc2fe5U1jMBC"},{"path":"functions/dds/camping/control.mcfunction","key":"iB58vJWzharN5ScBSvl6yxUQe6uo2ZkI"},{"path":"functions/dds/camping/replacing_light.mcfunction","key":"bV0jmrqqk3JqsA2fmO8OSCkI8nFTA1vG"},{"path":"functions/tick.json","key":"oJ6K2EeeivVMNo6jVfKu3WYZIKE21PgE"},{"path":"items/dds/camping/binoculars.json","key":"yF6agKv8SrGscLCp64K2Sn9sB7txIKhm"},{"path":"items/dds/camping/bobcat_meat.json","key":"oB1xQ78q0u4WaZA1MFb1rPk7RAleGwme"},{"path":"items/dds/camping/bobcat_meat_cooked.json","key":"jQ5M45jtzOg0ho83Ow7X738S7byNHb54"},{"path":"items/dds/camping/chainsaw.item.json","key":"qQ52kXmAQ5G7onWhmX1XR2PcPaJIQUoU"},{"path":"items/dds/camping/cooked_marshmallow.json","key":"xZ8UE6Yx8kdaR5KpdlYHUSu5Bee7QI0y"},{"path":"items/dds/camping/grappling_hook.json","key":"kV6q14is0kiSTbaUpc7RKZmLjtCuIp7P"},{"path":"items/dds/camping/marshmallow.json","key":"yE1kcEFyY3r6JT2L7xVv0Z0iAP966RyO"},{"path":"items/dds/camping/racoon_fur.json","key":"sB63RraJckxYJG8GMx5syRicEUR8TW10"},{"path":"loot_tables/dds/camping/bear.json","key":"pU9z9a9ILwxRZAYYXpLm8NCjH6fySQuM"},{"path":"loot_tables/dds/camping/bobcat.json","key":"bX53syF5dCyqUXhwnytFXkNvcJxfUgxN"},{"path":"loot_tables/dds/camping/camping_lantern.json","key":"uY5NpkTAUMUVpvPx1Jhx8Vc2ud5wdNpS"},{"path":"loot_tables/dds/camping/caribou.json","key":"yQ7CcVZ1rXFPTe60W1jnvdGBMko1RXcB"},{"path":"loot_tables/dds/camping/racoon.json","key":"kP2E5iJtGpYdTv3FuQgfdO2qHFQQZh7z"},{"path":"loot_tables/dds/camping/snake.json","key":"uY4Jm8Kz9tLfXiNPRvM0bgW9xCxZWXjy"},{"path":"manifest.json"},{"path":"pack_icon.png"},{"path":"recipes/dds/camping/blanket.recipe.json","key":"qZ7aHwhX0ofPrdBOPXY4gd2WwxmPoeWM"},{"path":"recipes/dds/camping/campfire.recipe.json","key":"pO5GwjGdrbrNzfWe7aXfIpJxoSxj4gIz"},{"path":"recipes/dds/camping/camping_lantern.recipe.json","key":"vJ0FpNkE5rwWPxZVAQOKGhHJEkYKNejn"},{"path":"recipes/dds/camping/camping_npc.recipe.json","key":"gU8VKH7XCSmmup3zc2VJlZrizxa4gloA"},{"path":"recipes/dds/camping/canoe.recipe.json","key":"eW4i0NjlXMuVTmpep1eOKWk6aI9bAKZA"},{"path":"recipes/dds/camping/hamper.recipe.json","key":"qM9ElM4lLXdxExNjxhPhRghpeQcQj13t"},{"path":"recipes/dds/camping/marshmallow.recipe.json","key":"xJ6dEOy5ryk9nRygv9Jvloaas0OUgL0B"},{"path":"recipes/dds/camping/sleeping_bag.recipe.json","key":"gC2NwHSsX3Fb0BPERYZkCCKdjZR4Xc61"},{"path":"scripts/dds/camping/main.js","key":"nI2dz9NQzWdvEpZ3Z4cvQotCRMzpIF5I"},{"path":"scripts/dds/camping/utility/capatitor.js","key":"gA4vFVCkvPx7K1T0bzYGOQAwdmw4VAnG"},{"path":"scripts/dds/camping/utility/dy_light.js","key":"qJ5G4Mbg8wrwws6Xwkvcyx03iYPYL3oj"},{"path":"scripts/dds/camping/utility/hamper.js","key":"dZ7VPlwtryybqH85MwRGb2SpZMO0Xel0"},{"path":"spawn_rules/dds/camping/bear.spawn_rule.json","key":"eI8ZSyhEng5aYeRo84LMkPRcwFV0LE7K"},{"path":"spawn_rules/dds/camping/bobcat.spawn_rule.json","key":"vY4tgF9q5Y31lHg2F3dFe7ShWRbBgFc6"},{"path":"spawn_rules/dds/camping/caribou.spawn_rule.json","key":"cT3xXf3qnXFvHUTsOK50EUf9kNJmwAmo"},{"path":"spawn_rules/dds/camping/racoon.spawn_rule.json","key":"gS2IwkCjErE8PkiqL3wqfFAmAQLGXmwy"},{"path":"spawn_rules/dds/camping/snake.spawn_rule.json","key":"yC928tkKX2adqdHI73E19U289kLExwlp"},{"path":"structures/dds_camping/guidebook.mcstructure","key":"oP3iztE7f3OQk6qaZ3lj71m8g8nlmQ91"},{"path":"texts/en_US.lang"},{"path":"texts/languages.json"},{"path":"trading/dds/camping/camping_npc.trades.json","key":"lA2LWHqqyo46uK3I8dPxtA4LOvyo4piJ"},{"path":"signatures.json","key":"xB7gBQrohguT4svkQJ77ddZEG0tFPJxd"},{"path":"animations/dds/camping/"},{"path":"animation_controllers/dds/camping/"},{"path":"blocks/dds/camping/"},{"path":"entities/dds/camping/animals/"},{"path":"entities/dds/camping/"},{"path":"entities/dds/camping/guidebook/"},{"path":"entities/dds/camping/projectile/"},{"path":"functions/dds/camping/"},{"path":"functions/"},{"path":"items/dds/camping/"},{"path":"loot_tables/dds/camping/"},{"path":"recipes/dds/camping/"},{"path":"scripts/dds/camping/"},{"path":"scripts/dds/camping/utility/"},{"path":"spawn_rules/dds/camping/"},{"path":"structures/dds_camping/"},{"path":"texts/"},{"path":"trading/dds/camping/"}]}