{
	"format_version": "1.21.0",
	"minecraft:geometry": [
		{
			"description": {
				"identifier": "geometry.dds_camping.guide_book",
				"texture_width": 1512,
				"texture_height": 1512,
				"visible_bounds_width": 3,
				"visible_bounds_height": 2.5,
				"visible_bounds_offset": [0, 0.75, 0]
			},
			"bones": [
				{
					"name": "root",
					"pivot": [0, 0, 0]
				},
				{
					"name": "guidebook_main",
					"parent": "root",
					"pivot": [0, 0, 0]
				},
				{
					"name": "guidebook",
					"parent": "guidebook_main",
					"pivot": [0, 11.21604, 2.99389],
					"rotation": [57.5, 0, 0],
					"cubes": [
						{
							"origin": [-1.26824, 11.15711, -6.25157],
							"size": [2.53648, 1.13284, 18.49091],
							"uv": {
								"north": {"uv": [295.1, 144.1], "uv_size": [5.8, 2.8]},
								"east": {"uv": [232.1, 144.1], "uv_size": [62.8, 2.8]},
								"south": {"uv": [364.1, 144.1], "uv_size": [5.8, 2.8]},
								"west": {"uv": [301.1, 144.1], "uv_size": [62.8, 2.8]},
								"up": {"uv": [295.1, 81.1], "uv_size": [5.8, 62.8]},
								"down": {"uv": [301.1, 143.9], "uv_size": [5.8, -62.8]}
							}
						},
						{
							"origin": [-2.13824, 9.41711, -7.41157],
							"size": [4.27648, 2.58284, 20.81091],
							"uv": {
								"north": {"uv": [236.1, 73.1], "uv_size": [7.8, 3.8]},
								"east": {"uv": [165.1, 73.1], "uv_size": [70.8, 3.8]},
								"south": {"uv": [315.1, 73.1], "uv_size": [7.8, 3.8]},
								"west": {"uv": [244.1, 73.1], "uv_size": [70.8, 3.8]},
								"up": {"uv": [236.1, 2.1], "uv_size": [7.8, 70.8]},
								"down": {"uv": [244.1, 72.9], "uv_size": [7.8, -70.8]}
							}
						}
					]
				},
				{
					"name": "RightCover",
					"parent": "guidebook",
					"pivot": [0.46934, 11.84409, 2.99389],
					"cubes": [
						{
							"origin": [0.36911, 10.47448, -6.29896],
							"size": [11.82727, 1.68961, 18.58571],
							"pivot": [0, 12.57473, 2.98743],
							"rotation": [0, 0, -20],
							"uv": {
								"north": {"uv": [103.9, 210.1], "uv_size": [-39.8, 4.8]},
								"east": {"uv": [167.9, 210.1], "uv_size": [-63.8, 4.8]},
								"south": {"uv": [207.9, 210.1], "uv_size": [-39.8, 4.8]},
								"west": {"uv": [63.9, 210.1], "uv_size": [-63.8, 4.8]},
								"up": {"uv": [103.9, 146.1], "uv_size": [-39.8, 63.8]},
								"down": {"uv": [143.9, 209.9], "uv_size": [-39.8, -63.8]}
							}
						},
						{
							"origin": [0.36911, 9.78428, -7.33426],
							"size": [12.86257, 0.6902, 20.65631],
							"pivot": [0, 12.57473, 2.98743],
							"rotation": [0, 0, -20],
							"uv": {
								"north": {"uv": [114.9, 71.1], "uv_size": [-43.8, 1.8]},
								"east": {"uv": [185.9, 71.1], "uv_size": [-70.8, 1.8]},
								"south": {"uv": [229.9, 71.1], "uv_size": [-43.8, 1.8]},
								"west": {"uv": [70.9, 71.1], "uv_size": [-70.8, 1.8]},
								"up": {"uv": [114.9, 0.1], "uv_size": [-43.8, 70.8]},
								"down": {"uv": [158.9, 70.9], "uv_size": [-43.8, -70.8]}
							}
						}
					]
				},
				{
					"name": "Page1",
					"parent": "RightCover",
					"pivot": [-0.1, 12.27716, 2.98097],
					"rotation": [0, 0, 45],
					"cubes": [
						{
							"origin": [-0.08455, 12.15184, -6.19108],
							"size": [0, 11.67351, 18.34409],
							"inflate": 0.02,
							"pivot": [-0.11041, 12.18758, 2.98743],
							"rotation": [0, 0, 22.5],
							"uv": {
								"north": {"uv": [90.1, 241.1], "uv_size": [0, 56.8]},
								"east": {"uv": [472, 487.1], "uv_size": [502.3, 856.85141], "uv_rotation": 270},
								"south": {"uv": [180.1, 241.1], "uv_size": [0, 56.8]},
								"west": {"uv": [213.54859, 241.1], "uv_size": [213.25141, 121.8]},
								"up": {"uv": [90.1, 151.1], "uv_size": [0, 89.8]},
								"down": {"uv": [90.1, 240.9], "uv_size": [0, -89.8]}
							}
						}
					]
				},
				{
					"name": "LeftCover",
					"parent": "guidebook",
					"pivot": [-0.46934, 11.84409, 2.99389],
					"cubes": [
						{
							"origin": [-13.23167, 9.78428, -7.33426],
							"size": [12.86257, 0.6902, 20.65631],
							"pivot": [0, 12.57473, 2.98743],
							"rotation": [0, 0, 20],
							"uv": {
								"north": {"uv": [71.1, 71.1], "uv_size": [43.8, 1.8]},
								"east": {"uv": [0.1, 71.1], "uv_size": [70.8, 1.8]},
								"south": {"uv": [186.1, 71.1], "uv_size": [43.8, 1.8]},
								"west": {"uv": [115.1, 71.1], "uv_size": [70.8, 1.8]},
								"up": {"uv": [71.1, 0.1], "uv_size": [43.8, 70.8]},
								"down": {"uv": [115.1, 70.9], "uv_size": [43.8, -70.8]}
							}
						},
						{
							"origin": [-12.19637, 10.47448, -6.29896],
							"size": [11.82727, 1.68961, 18.58571],
							"pivot": [0, 12.57473, 2.98743],
							"rotation": [0, 0, 20],
							"uv": {
								"north": {"uv": [64.1, 210.1], "uv_size": [39.8, 4.8]},
								"east": {"uv": [0.1, 210.1], "uv_size": [63.8, 4.8]},
								"south": {"uv": [168.1, 210.1], "uv_size": [39.8, 4.8]},
								"west": {"uv": [104.1, 210.1], "uv_size": [63.8, 4.8]},
								"up": {"uv": [64.1, 146.1], "uv_size": [39.8, 63.8]},
								"down": {"uv": [104.1, 209.9], "uv_size": [39.8, -63.8]}
							}
						}
					]
				},
				{
					"name": "Page2",
					"parent": "LeftCover",
					"pivot": [0.2, 12.27716, 2.98097],
					"rotation": [0, 0, -45],
					"cubes": [
						{
							"origin": [0.18455, 12.15184, -6.19108],
							"size": [0, 11.67351, 18.34409],
							"inflate": 0.02,
							"pivot": [0.21041, 12.18758, 2.98743],
							"rotation": [0, 0, -22.5],
							"uv": {
								"north": {"uv": [90.1, 241.1], "uv_size": [0, 56.8]},
								"east": {"uv": [427.8, 363.1], "uv_size": [-213.25141, 121.8]},
								"south": {"uv": [180.1, 241.1], "uv_size": [0, 56.8]},
								"west": {"uv": [494.8, 1343.35141], "uv_size": [-494.8, -857.25141], "uv_rotation": 270},
								"up": {"uv": [90.1, 151.1], "uv_size": [0, 89.8]},
								"down": {"uv": [90.1, 240.9], "uv_size": [0, -89.8]}
							}
						}
					]
				}
			]
		}
	]
}