{
	"format_version" : "1.10.0",
	"animation_controllers" : {
		"controller.animation.dds_camping.snake.move" : {
			"initial_state" : "default",
			"states" : {
				"default" : {
					"animations" : [
						{
							"walk" : "query.modified_move_speed"
						}
					],
					"transitions" : [
						{
							"idle" : "query.ground_speed<=0"
						}
					]
				},
				"idle" : {
					"animations" : [
						"idle"
					],
					"transitions" : [
						{
							"default" : "query.ground_speed>=0.1"
						}
					]
				}
			}
		}
	}
}
