{
    "format_version": "1.19.0",
    "minecraft:client_entity": {
        "description": {
            "identifier": "dds_camping:guide_book",
            "materials": {
                "default": "entity_alphatest"
            },
            "textures": {
                "page_0": "textures/dds/camping/entity/book/page_0",
                "page_1": "textures/dds/camping/entity/book/page_1",
                "page_2": "textures/dds/camping/entity/book/page_2",
                "page_3": "textures/dds/camping/entity/book/page_3",
                "page_4": "textures/dds/camping/entity/book/page_4",
                "page_5": "textures/dds/camping/entity/book/page_5",
                "page_6": "textures/dds/camping/entity/book/page_6",
                "page_7": "textures/dds/camping/entity/book/page_7",
                "page_8": "textures/dds/camping/entity/book/page_8",
                "page_9": "textures/dds/camping/entity/book/page_9",
                "page_10": "textures/dds/camping/entity/book/page_10",
                "page_11": "textures/dds/camping/entity/book/page_11",
                "page_12": "textures/dds/camping/entity/book/page_12",
                "page_13": "textures/dds/camping/entity/book/page_13",
                "page_14": "textures/dds/camping/entity/book/page_14",
                "page_15": "textures/dds/camping/entity/book/page_15",
                "page_16": "textures/dds/camping/entity/book/page_16",
                "page_17": "textures/dds/camping/entity/book/page_17"
            },
            "geometry": {
                "default": "geometry.dds_camping.guide_book"
            },
            "animations": {
				"look_at_target": "animation.dds_camping.guidebook.target_player",
                "forward": "animation.dds_camping.guidebook.forward",
                "backward": "animation.dds_camping.guidebook.backward",
                "close": "animation.dds_camping.guidebook.close"
            },
			"scripts": {
                "animate": ["look_at_target"]
            },
			"sound_effects": {
				"page_turn": "item.book.page_turn",
				"book_close": "item.book.put"
			},
            "spawn_egg": {
                "texture": "dds_camping_guidebook"
            },
            "render_controllers": [
                "controller.render.dds_camping.guide_book"
            ]
        }
    }
}