{
    "format_version": "1.10",
    "render_controllers": {
        "controller.render.dds_camping.animated_four": {
            "arrays": {
                "textures": {
                    "Array.flash": [
                        "Texture.default",
                        "Texture.second",
                        "Texture.third",
                        "Texture.fourth"
                    ]
                }
            },
            "geometry": "geometry.default",
            "materials": [
                {
					"*": "material.default"
				}
            ],
            "textures": [
                "Array.flash[query.life_time * 8]"
            ]
        },
		"controller.render.dds_camping.animated_five": {
            "arrays": {
                "textures": {
                    "Array.flash": [
                        "Texture.default",
                        "Texture.second",
                        "Texture.third",
                        "Texture.fourth",
                        "Texture.fifth"
                    ]
                }
            },
            "geometry": "geometry.default",
            "materials": [
                {
					"*": "material.default"
				}
            ],
            "textures": [
                "Array.flash[query.life_time * 8]"
            ]
        }
    }
}