{
	"format_version": "1.20.0",
	"render_controllers": {
		"controller.render.dds_camping.car_base": {
			"geometry": "geometry.default",
			"materials": [
				{
					"*": "material.default"
				},
				{
                    "alpha": "Material.alpha"
                },
				{
                    "front_wheel2": "Material.alpha"
                },
				{
                    "front_wheel": "Material.alpha"
                },
				{
                    "back_wheel": "Material.alpha"
                }
			],
			"textures": [
				"texture.base"
			],
            "is_hurt_color": {},
            "on_fire_color": {}
		},
		"controller.render.dds_camping.containers": {
            "geometry": "Geometry.default",
            "materials": [
                {
                    "*": "Material.default"
                }
            ],
            "textures": [
                "Texture.default"
            ],
            "is_hurt_color": {},
            "on_fire_color": {}
        },
		"controller.render.dds_camping.tent": {
            "arrays": {
                "textures": {
                    "Array.color": [
                        "Texture.undyed",
                        "Texture.white",
                        "Texture.orange",
                        "Texture.magenta",
                        "Texture.light_blue",
                        "Texture.yellow",
                        "Texture.lime",
                        "Texture.pink",
                        "Texture.gray",
                        "Texture.silver",
                        "Texture.cyan",
                        "Texture.purple",
                        "Texture.blue",
                        "Texture.brown",
                        "Texture.green",
                        "Texture.red",
                        "Texture.black"
                    ]
                }
            },
            "geometry": "Geometry.default",
            "materials": [
                {
                    "*": "Material.default"
                }
            ],
            "textures": [
                "Array.color[v.color]"
            ],
            "is_hurt_color": {},
            "on_fire_color": {}
        }
	}
}