{
    "format_version": "1.10",
    "render_controllers": {
        "controller.render.dds_camping.chainsaw": {
            "arrays": {
                "textures": {
                    "Array.flash": [
                        "Texture.default",
                        "Texture.second"
                    ]
                }
            },
            "geometry": "geometry.default",
            "materials": [
                {
                    "*": "variable.is_enchanted ? material.enchanted : material.default"
                }
            ],
            "textures": [
                "Array.flash[query.life_time * 8]"
            ]
        }
    }
}