{
    "format_version": "1.20.10",
    "render_controllers": {
        "controller.render.dds_camping.guide_book": {
            "geometry": "Geometry.default",
            "materials": [
                {
                    "*": "material.default"
                }
            ],
            "arrays": {
                "textures": {
                    "Array.pages": [
                        "texture.page_0",
                        "texture.page_1",
                        "texture.page_2",
                        "texture.page_3",
                        "texture.page_4",
                        "texture.page_5",
                        "texture.page_6",
                        "texture.page_7",
                        "texture.page_8",
                        "texture.page_9",
                        "texture.page_10",
                        "texture.page_11",
                        "texture.page_12",
                        "texture.page_13",
                        "texture.page_14",
                        "texture.page_15",
                        "texture.page_16",
                        "texture.page_17"
                    ]
                }
            },
            "textures": [
                "Array.pages[q.property('dds_camping:page')]"
            ]
        }
    }
}