{"version":1,"content":[{"path":"animations/dds/camping/animals/bear.animation.json","key":"kH3xwQCwgfE6X552suFwMBqKQXFUPo0I"},{"path":"animations/dds/camping/animals/bobcat.animation.json","key":"pH2NTgxLBgC4Z4ksV912qSfhjXaKgJeS"},{"path":"animations/dds/camping/animals/caribou.animation.json","key":"gJ5ozGaqd7sY2Vky6jmYkcVbkuYzZoRc"},{"path":"animations/dds/camping/animals/racoon.animation.json","key":"sE11yml6xo1KwZEZOHeuaiCdaiIuUPuE"},{"path":"animations/dds/camping/animals/snake.animation.json","key":"bX9vIu2BeukcPC7kGIUtrKrtnTBM6Pvi"},{"path":"animations/dds/camping/attachables/binocular.animation.json","key":"hI9PN98R5VMwqcMgC6ZJXAScIt8L0e5i"},{"path":"animations/dds/camping/attachables/camping_lantern.animation.json","key":"yK2Ph9Zv3klFYIGN20Etwg7Ka77LBON6"},{"path":"animations/dds/camping/attachables/chainsaw.animation.json","key":"eX5ho3GiMnO1cVTHEiW22C2tAZVU6ZrL"},{"path":"animations/dds/camping/attachables/grappling_hook.animation.json","key":"yA57Xcru3ayro22Kqf9zGffviFrtE6O9"},{"path":"animations/dds/camping/atv.animation.json","key":"jG7hfC1uuZoqpU9Xjzdb54i4qMySm0Lf"},{"path":"animations/dds/camping/campfire.animation.json","key":"rP06a5FYSVgMnfLetXB83CiG0eOucsOT"},{"path":"animations/dds/camping/camping_npc.animation.json","key":"wK4k8zbA4NqTdsrxoYFStUQIUwxsULgM"},{"path":"animations/dds/camping/guidebook/guidebook.animation.json","key":"qA1IbYCq1isi9rNX69a9tRV7jwB0v6Y5"},{"path":"animations/dds/camping/portable_stove.animation.json","key":"lL5zSz3sBbPj6VrluClQ3r48AumlJtmZ"},{"path":"animations/dds/camping/structure_origin.animation.json","key":"hH8NI6BNHJRPARwOURTGYJlsnA1294Cg"},{"path":"animation_controllers/dds/camping/general.animation_controllers.json","key":"jW1BIB4GxA5VZWzXrYPh9aE2KorYINwL"},{"path":"animation_controllers/dds/camping/snake.animation_controllers.json","key":"oY18ZLHnf4BeddaitdpU9EHjNT2VFAO7"},{"path":"attachables/dds/camping/binocular.attachable.json","key":"jC5TWhaqSHYUyh4KSTcdEzpguUzV5Tbz"},{"path":"attachables/dds/camping/camping_lantern.attachable.json","key":"iZ9rcAdjuock5tUIbISJQYooJjlvrZsN"},{"path":"attachables/dds/camping/chainsaw.attachable.json","key":"jP27YOQG0sxl7RFUvt8YzStA6JXHHJGe"},{"path":"attachables/dds/camping/grappling_hook.attachable.json","key":"rX2Z7iECil8Lkze4s2firZyOU8nq1bsJ"},{"path":"blocks.json","key":"aR1fQqLiVqvViiQo3R9ZPSuuxgHb2gUg"},{"path":"entity/dds/camping/animals/bear.json","key":"rX06JYWGlLGKsT79mf11AkvgpLsfhHeZ"},{"path":"entity/dds/camping/animals/bobcat.json","key":"zS75CNK2ZzuWra0G4e5mL1BPmUvTvUTq"},{"path":"entity/dds/camping/animals/caribou.json","key":"hW5m4fNvjS8vXkBGaH9av8qmJtAPmp7s"},{"path":"entity/dds/camping/animals/racoon.json","key":"tB5Kbmci0ml1jl38oJ3BV1PPOG7hWu3k"},{"path":"entity/dds/camping/animals/snake.json","key":"xB04k3bUfEZlbX8jiEBc43nbTo0EcOyz"},{"path":"entity/dds/camping/atv.json","key":"zS1Zijn0oRRWlk0f3L7kcrreCoZ6PQfk"},{"path":"entity/dds/camping/blanket.json","key":"kZ7kvcAbhkxoyLGFHJwjwZZs45uQr2WK"},{"path":"entity/dds/camping/campfire.json","key":"nX7k4G0IQTyMkPoR48sKppH0qAjUNBzR"},{"path":"entity/dds/camping/camping_npc.json","key":"jS9NAU9o657wLPcC8yiecBKHIzakOuJA"},{"path":"entity/dds/camping/canoe.json","key":"oE8l5mOXe56EtUL1f62r4EWsLAEeJWBV"},{"path":"entity/dds/camping/cayak.json","key":"cR3B7HMB6RQJmMJysijlENJnCRWXVy2m"},{"path":"entity/dds/camping/guidebook/guide_book.entity.json","key":"bB71xSMBfVcFbTYnbchpSv5Mxn4anLfn"},{"path":"entity/dds/camping/hamper.json","key":"rE0uB3WgBSc5Ymt1qCfNY3ddBB7SN8aE"},{"path":"entity/dds/camping/projectile/hook_projectile.json","key":"cK3OGk6izJ3fkx5JXKQ6xOgQ4uv48Eaj"},{"path":"entity/dds/camping/sleepingbag.json","key":"sJ4yJsjitaTYhNhTrvdIIS8ubnPpY0v1"},{"path":"entity/dds/camping/stove.json","key":"xY5NcAopNdezmqMCuR21UTnkdrWEcQfX"},{"path":"entity/dds/camping/tent.json","key":"iB9t0ZuXNaiZCUxSUYnr4UiiFwoGFSWM"},{"path":"manifest.json"},{"path":"models/blocks/dds/camping/camping_lantern.geo.json","key":"zB4698AlzxCyTC3uzSlmPqSWcx7aIiP2"},{"path":"models/entity/dds/camping/animals/bear.geo.json","key":"hC3EhJJhyYfGBd6LyKI1pj0WjIRUkJ0R"},{"path":"models/entity/dds/camping/animals/bobcat.geo.json","key":"rX7NlSyWUoa2LeiaJw6XvRUvsIkrewsj"},{"path":"models/entity/dds/camping/animals/caribou.geo.json","key":"jJ3W8gcQOPiGMZywkHtBLltjzHeKcq4L"},{"path":"models/entity/dds/camping/animals/racoon.geo.json","key":"uI4RWRz9SsjAsVAZeVg5zqmqiXNiC9ib"},{"path":"models/entity/dds/camping/animals/snake.geo.json","key":"rT7QHJqF9HlKW3z6RjzBUIFttZEh8rcy"},{"path":"models/entity/dds/camping/attachable/binoculars.geo.json","key":"yL8m8qPwwKPqTqGYZs1FCM4xpUGRyl0U"},{"path":"models/entity/dds/camping/attachable/camping_lantern.geo.json","key":"aT0Woxz9RfvoT263JWirNhNy5rJAL3L1"},{"path":"models/entity/dds/camping/attachable/chainsaw.geo.json","key":"vG5h0nebEqeVnxHwIdp7Ixc9LEdjNWKw"},{"path":"models/entity/dds/camping/attachable/grappling_hook.geo.json","key":"dR2fvsyE7arSkKuIkAG4GusWGBbuCvhx"},{"path":"models/entity/dds/camping/atv.geo.json","key":"dF8OcVNi4lx5ng2YBHOVlQy4GapWv88Y"},{"path":"models/entity/dds/camping/blanket.geo.json","key":"lC12G3s4HeJ5dliipQQpA0flTSyivy0z"},{"path":"models/entity/dds/camping/campfire.geo.json","key":"eV11LI8MkQWoVwMxSxioU3HVSbjlLsFA"},{"path":"models/entity/dds/camping/camping_npc.geo.json","key":"yC1iEflapEMSSehH0tF4cfhnlnLbEIoX"},{"path":"models/entity/dds/camping/canoe.geo.json","key":"rU0txlUZJKHzf4XbBSwd1WlCvgSd1Tmt"},{"path":"models/entity/dds/camping/cayak.geo.json","key":"kK935bpSvUxudSXNeM7YRof1huLX8diE"},{"path":"models/entity/dds/camping/guidebook/guidebook.geo.json","key":"tA9VkOQs1N2whLFtNHwHi9LvZLhuEHzI"},{"path":"models/entity/dds/camping/hamper.geo.json","key":"wL7wxWdQ4s9XYb83cSJdsYQZ8og7VXmn"},{"path":"models/entity/dds/camping/portable_stove.geo.json","key":"iT743BIcUci4HnUq6NHJK11rCqtmzIQL"},{"path":"models/entity/dds/camping/sleepingbag.geo.json","key":"cH8io8FKUkzFbcyIcrk9b6l3UCRLTCqm"},{"path":"models/entity/dds/camping/tent.geo.json","key":"gH4KZZd6Fv2VWtRUKburE4EXEWs6Cr1O"},{"path":"pack_icon.png"},{"path":"particles/dds/camping/campfire_smoke.particle.json","key":"yT46FM4Y20m5omw9uCG8FS5wLiCyjz29"},{"path":"render_controllers/dds/camping/animated.render_controllers.json","key":"fC9Qx8CvxnoLnRAQTAfLzOhqBi5LC8CZ"},{"path":"render_controllers/dds/camping/cars.render_controllers.json","key":"cE8uCiTNTmEvFFQoiz5pO1FTE21TNo9S"},{"path":"render_controllers/dds/camping/chainsaw.render_controllers.json","key":"oM184ciYQE1bczuRUPIOANhJxZVyhR9t"},{"path":"render_controllers/dds/camping/guide_book.render_controllers.json","key":"dL5FAcYcjIhOp4S9lTkIIHYb3wweOyde"},{"path":"sounds/dds/camping/atv/loop.ogg"},{"path":"sounds/dds/camping/atv/start.ogg"},{"path":"sounds/sound_definitions.json","key":"cF9QraYQcYEKjpYGqyul4RfHCemnFEmK"},{"path":"sounds.json","key":"tY9bXnHeVS9pEa9PB021SuFjaR601tBu"},{"path":"texts/en_US.lang"},{"path":"texts/languages.json"},{"path":"textures/dds/camping/blocks/camping_lantern.png","key":"tM6UKJ5vcG8Vtw27Cuh8yHdIrrm2AHnc"},{"path":"textures/dds/camping/entity/atv.png","key":"fX8aRFEK0Zy7X1V8oncCENl9vI0O7gHz"},{"path":"textures/dds/camping/entity/bear.png","key":"tH4HfES6MWtsj56EZPNdvKGbVo7OMsJU"},{"path":"textures/dds/camping/entity/binoculars.png","key":"lG8LL7BIl97KnPOFcoYeIxnouiMI35VO"},{"path":"textures/dds/camping/entity/blanket.png","key":"jM74b26ygP3R4qpxeQQBO4GxAcJIHxqG"},{"path":"textures/dds/camping/entity/bobcat.png","key":"iW4PLoPhJG4zZaPmr78GKRJq0JYdaTKh"},{"path":"textures/dds/camping/entity/book/page_0.png","key":"pB77JFjPjjdfF7bcQOORksQAvyPloQG9"},{"path":"textures/dds/camping/entity/book/page_1.png","key":"pB5iLUz2UeFjoESt5UmV6J9RqE4SLO7p"},{"path":"textures/dds/camping/entity/book/page_10.png","key":"wU18BHTa0rytvOvgBMy2vIXtRaXCmEu0"},{"path":"textures/dds/camping/entity/book/page_11.png","key":"mN6sUt4GqznXLUThvmvgdXpjJcSUlIa9"},{"path":"textures/dds/camping/entity/book/page_12.png","key":"uO0A7PGFpNePmBCPVal2YpwWdXNq0gWu"},{"path":"textures/dds/camping/entity/book/page_13.png","key":"qB21kcfpcp1eqeeLriXYY4fzutLF2zfz"},{"path":"textures/dds/camping/entity/book/page_14.png","key":"cA8Cd9RSMz7h10XvNd1qyny3K7sSXSI7"},{"path":"textures/dds/camping/entity/book/page_15.png","key":"xP11Zeczr7y9ncWOWNIXlUnqllnCqagz"},{"path":"textures/dds/camping/entity/book/page_16.png","key":"lS79mg8rs3qo6xSTGN4NXO5tMZVtCElU"},{"path":"textures/dds/camping/entity/book/page_17.png","key":"pJ6LEyeqJFisaLEgiLudtLbsuPuWZZMP"},{"path":"textures/dds/camping/entity/book/page_2.png","key":"rI7qIb8FYikGvliCb0a0EhoXPVmCatbn"},{"path":"textures/dds/camping/entity/book/page_3.png","key":"fK49dpj3BwJpPoQBvuluZRBUfEelXFuJ"},{"path":"textures/dds/camping/entity/book/page_4.png","key":"sG9nysjMl5glPIMHHR6k2iIsPiSxgUQy"},{"path":"textures/dds/camping/entity/book/page_5.png","key":"iI1ZzpWfLpPZUHHmRu1waFjHyhFbUO4L"},{"path":"textures/dds/camping/entity/book/page_6.png","key":"uR10vvgcJ28MQNFXQCEGkajr4OBcZV4a"},{"path":"textures/dds/camping/entity/book/page_7.png","key":"aY1ME70NCLzJcOs6mW9xyq7Mca76sFPn"},{"path":"textures/dds/camping/entity/book/page_8.png","key":"rP62UTOJ3weZlAHXxPeRjVMN66zwKV02"},{"path":"textures/dds/camping/entity/book/page_9.png","key":"kE0ydwL0sCV61pJ5ZgtCdcbQCcOMUAa7"},{"path":"textures/dds/camping/entity/campfire/frame1.png","key":"sV6V8mexgn8kpjL8qm3dot3j5qiJr2qw"},{"path":"textures/dds/camping/entity/campfire/frame2.png","key":"yN9SA0MaHdzipaiyJ3hJa8Kuu6EHtaBK"},{"path":"textures/dds/camping/entity/campfire/frame3.png","key":"eH0hRGm8cMsBE8NZTUL3XzCHjMU1vNJ9"},{"path":"textures/dds/camping/entity/campfire/frame4.png","key":"iN17cKctsQjtVG5PybIsJpuHmayWjHOe"},{"path":"textures/dds/camping/entity/campfire/frame5.png","key":"cW2qBvsvGqoc7nevzTBiV1YelyIHfNtj"},{"path":"textures/dds/camping/entity/camping_npc.png","key":"xA44G2rp8JLUGPaVqCNJWAriw3TEVhoy"},{"path":"textures/dds/camping/entity/canoe.png","key":"zK2FWd63IpnCJotvmWV6RjQq1fIEO2Jb"},{"path":"textures/dds/camping/entity/caribou.png","key":"sH7dvSPukPmTyuKjbKR7SsVmsFZK5vLI"},{"path":"textures/dds/camping/entity/cayak.png","key":"yZ5kXqKRiffNWMrogTpc0a1kKX0qaRh9"},{"path":"textures/dds/camping/entity/chainsaw/frame1.png","key":"qR604eAs7zcHSI1n8EcZC8irPmjFgm7W"},{"path":"textures/dds/camping/entity/chainsaw/frame2.png","key":"sY6WW0JVGdQnYxNi4sKBQQ2MKA2Z8v4K"},{"path":"textures/dds/camping/entity/grappling_hook.png","key":"vU9VLP36fpq6IengAirOhiIklpUwP3UJ"},{"path":"textures/dds/camping/entity/hamper.png","key":"eN2v6U4zzPSgMKRq0huKhhcJSFJjUYNR"},{"path":"textures/dds/camping/entity/racoon.png","key":"qS7Qs6d8r5ObmeS4HZbrKeFcnpKadA0c"},{"path":"textures/dds/camping/entity/sleepingbag.png","key":"lO7xsipjLAItVUreCC8apO3ylSSMBA3t"},{"path":"textures/dds/camping/entity/snake.png","key":"fO8WtWbLcbVhWlAHu1LSqSvkYROuiZVx"},{"path":"textures/dds/camping/entity/stove/frame1.png","key":"oN8ksGdZ2blqQyhbrIwLnUBYMpvRXSYA"},{"path":"textures/dds/camping/entity/stove/frame2.png","key":"pC2uboI6Uyu6TcpqpCj2al4ScgzlPGfV"},{"path":"textures/dds/camping/entity/stove/frame3.png","key":"kI2s4KqmIQ0yZBqizqdySKQe7s8XmPSs"},{"path":"textures/dds/camping/entity/stove/frame4.png","key":"oV9OaI03l4yxIRkSJ5qprNj8yMpAQOtT"},{"path":"textures/dds/camping/entity/tent/black.png","key":"rN8jESUd25hzdxduXpILJkcsAYTIebqv"},{"path":"textures/dds/camping/entity/tent/blue.png","key":"rT1F7aRknltMtgnpq68uqnOYZ0xVb0sE"},{"path":"textures/dds/camping/entity/tent/brown.png","key":"oT7khjgP9jp2cvC8n39KpEzLQ7X9Godr"},{"path":"textures/dds/camping/entity/tent/cyan.png","key":"mE0cUMW4gRRHxZP6XrAMke1BW8gJBSRH"},{"path":"textures/dds/camping/entity/tent/gray.png","key":"eP3MjLOhVSHQ0tEXJLpZIgQZ3U8e33ot"},{"path":"textures/dds/camping/entity/tent/green.png","key":"kH2xO8BSNoz7QkkZgtWi29gmU1rua8AQ"},{"path":"textures/dds/camping/entity/tent/light_blue.png","key":"eF4omaY5G3nhI6IIaiR7B3AbMjV155oQ"},{"path":"textures/dds/camping/entity/tent/lime.png","key":"sJ5B8cWXTZiN9JVfCIe80A0VodH2ekQw"},{"path":"textures/dds/camping/entity/tent/magenta.png","key":"zH4hW7qowJyj7UpQm4YwsVmMBImP1oIV"},{"path":"textures/dds/camping/entity/tent/orange.png","key":"kO6YG0JOSI60yKGYG2MVmdaEHc5apPhA"},{"path":"textures/dds/camping/entity/tent/pink.png","key":"mU5FlmdynvPAHEUBIa71zTtM2iHpdO3J"},{"path":"textures/dds/camping/entity/tent/purple.png","key":"pI6ly02y6yyTimaXzLUF1EOCs8olkYJu"},{"path":"textures/dds/camping/entity/tent/red.png","key":"bY4e0czwRxxnInUQEfZTUGvIMXdb7MRA"},{"path":"textures/dds/camping/entity/tent/silver.png","key":"pE83Je4Myh1MbAgqK06xcnVYGGMeiWAb"},{"path":"textures/dds/camping/entity/tent/tent.png","key":"vS35FNtol00NgnsabVo9oUV6OA2vcEsK"},{"path":"textures/dds/camping/entity/tent/white.png","key":"yA0RMG1nEnuOWGapvH9T8HMkypXh6QxL"},{"path":"textures/dds/camping/entity/tent/yellow.png","key":"jW2WFJ764yNOElyaqwp07g5Q3ZUvLrLM"},{"path":"textures/dds/camping/items/atv.png","key":"mL3Jke3O1RnS1JiRVu6A5WePz4u7yBk5"},{"path":"textures/dds/camping/items/binocular.png","key":"qG4ZqCos5grT9G6wfGhMBUdMRsC71qW5"},{"path":"textures/dds/camping/items/blanket.png","key":"oL1fgkXjhU4jcezQtKQTCIuKp3tCgN04"},{"path":"textures/dds/camping/items/camping_npc.png","key":"sJ9fEt5i0gPlx1kiH2xjtEAKw2qWLIwG"},{"path":"textures/dds/camping/items/canoe.png","key":"qC0VpUCoPJqpOryZOb5BlaMU8wgZgRRd"},{"path":"textures/dds/camping/items/cayak.png","key":"sK9lLQMUpmnxC3Cej8k9ijTjtjVwWpOy"},{"path":"textures/dds/camping/items/chainsaw.png","key":"aO5FQHCOTqyJPPEIZXy0g7AEKThRTPb4"},{"path":"textures/dds/camping/items/cooked_marshmallow.png","key":"jZ2hZsca2z9fjVPYzX6ZWKdFEORnae7A"},{"path":"textures/dds/camping/items/cooked_meat.png","key":"wY5emzLMkHplrghFidbJJLCkecjFMpUZ"},{"path":"textures/dds/camping/items/dds_campfire.png","key":"aA3UxKxPu1eWYXkx1ztOpeb4VH87XEBg"},{"path":"textures/dds/camping/items/fur.png","key":"sA6j82egPRWX521syUjBH5QLHbCf6uUH"},{"path":"textures/dds/camping/items/grappling_hook.png","key":"xY2vEpO7FK83HVFPZvkNC6b7soTogbhB"},{"path":"textures/dds/camping/items/guidebook.png","key":"xC7Xj1qkA7TBUt13ZZTs6WzCe8j06hxu"},{"path":"textures/dds/camping/items/hamper.png","key":"uM806tsVCUvRg1FOnsmNHMOxC0F72bsh"},{"path":"textures/dds/camping/items/marshmallow.png","key":"rC4mdXy2XvKfQtwkAohFb02MYhbstKBH"},{"path":"textures/dds/camping/items/meat.png","key":"qW8Rlu5c9qBwiNiZa4yxFeG1e8oSptrS"},{"path":"textures/dds/camping/items/portable_stove.png","key":"tX9h1E9liXW59qSs1CCw8oI48xYPX5I9"},{"path":"textures/dds/camping/items/sleeping_bag.png","key":"dS2LedqiSIasullpibvOsxjJcOo5V4f2"},{"path":"textures/dds/camping/items/tent.png","key":"uE610nowjXsUeauVYr2Z1p8Imv5Arj38"},{"path":"textures/dds/camping/particle/campfire_smoke.png","key":"pR7z4gHo5Cb2mBLlSX6WiMywBddeivBE"},{"path":"textures/item_texture.json","key":"dZ0TTRVgi5q7u501ZuRLRBZyjth7IfLf"},{"path":"textures/terrain_texture.json","key":"tW0wKVRAn40f5XArNOrwdpTZQ7BGK1aE"},{"path":"textures/textures_list.json","key":"eH8YAG7ogZ1OSllXyMZEt8oAZGM1z2ei"},{"path":"signatures.json","key":"aQ5P8qiq6RqWwgMNhNLtdTMJhwZa4o9E"},{"path":"animations/dds/camping/animals/"},{"path":"animations/dds/camping/attachables/"},{"path":"animations/dds/camping/"},{"path":"animations/dds/camping/guidebook/"},{"path":"animation_controllers/dds/camping/"},{"path":"attachables/dds/camping/"},{"path":"entity/dds/camping/animals/"},{"path":"entity/dds/camping/"},{"path":"entity/dds/camping/guidebook/"},{"path":"entity/dds/camping/projectile/"},{"path":"models/blocks/dds/camping/"},{"path":"models/entity/dds/camping/animals/"},{"path":"models/entity/dds/camping/attachable/"},{"path":"models/entity/dds/camping/"},{"path":"models/entity/dds/camping/guidebook/"},{"path":"particles/dds/camping/"},{"path":"render_controllers/dds/camping/"},{"path":"sounds/dds/camping/atv/"},{"path":"sounds/"},{"path":"texts/"},{"path":"textures/dds/camping/blocks/"},{"path":"textures/dds/camping/entity/"},{"path":"textures/dds/camping/entity/book/"},{"path":"textures/dds/camping/entity/campfire/"},{"path":"textures/dds/camping/entity/chainsaw/"},{"path":"textures/dds/camping/entity/stove/"},{"path":"textures/dds/camping/entity/tent/"},{"path":"textures/dds/camping/items/"},{"path":"textures/dds/camping/particle/"},{"path":"textures/"}]}