{
	"entity_sounds": {
		"entities": {
			"dds_camping:snake": {
				"events": {
					"death": {
						"pitch": 2,
						"sound": "mob.creeper.death",
						"volume": 1.0
					},
					"hurt": {
						"pitch": 0.8,
						"sound": "mob.creeper.say",
						"volume": 1.0
					}
				}
			},
			"dds_camping:caribou": {
				"events": {
					"ambient": {
						"pitch": 0.45,
						"sound": "mob.llama.idle",
						"volume": 0.50
					},
					"death": {
						"pitch": 0.45,
						"sound": "mob.llama.death",
						"volume": 0.50
					},
					"eat": {
						"pitch": 0.45,
						"sound": "mob.llama.eat",
						"volume": [
							0.50,
							1.50
						]
					},
					"hurt": {
						"pitch": 0.45,
						"sound": "mob.llama.hurt",
						"volume": [
							0.50,
							1.50
						]
					},
					"step": {
						"pitch": 0.45,
						"sound": "mob.llama.step",
						"volume": 0.150
					}
				}
			},
			"dds_camping:bobcat": {
				"events": {
					"ambient": {
						"pitch": 0.5,
						"sound": "mob.cat.straymeow"
					},
					"ambient.tame": {
						"pitch": 0.5,
						"sound": "mob.cat.meow"
					},
					"death": {
						"pitch": 0.5,
						"sound": "mob.cat.hit",
						"volume": 0.5
					},
					"eat": {
						"pitch": 0.5,
						"sound": "mob.cat.eat"
					},
					"hurt": {
						"pitch": 0.5,
						"sound": "mob.cat.hit",
						"volume": 0.45
					},
					"purr": {
						"pitch": 0.5,
						"sound": "mob.cat.purr"
					},
					"purreow": {
						"pitch": 0.5,
						"sound": "mob.cat.purreow"
					}
				},
				"volume": 1
			},
			"dds_camping:racoon": {
				"events": {
					"ambient": "mob.fox.ambient",
					"attack": "mob.fox.bite",
					"death": "mob.fox.death",
					"eat": "mob.fox.eat",
					"hurt": "mob.fox.hurt",
					"mad": "mob.fox.aggro",
					"screech": {
						"sound": "mob.fox.screech",
						"volume": 2
					},
					"sleep": "mob.fox.sleep",
					"sniff": "mob.fox.sniff",
					"spit": "mob.fox.spit"
				},
				"pitch": [
					0.8,
					1.2
				],
				"volume": 1
			},
			"dds_camping:bear": {
				"events": {
					"ambient": "mob.polarbear.idle",
					"ambient.baby": "mob.polarbear_baby.idle",
					"death": "mob.polarbear.death",
					"hurt": {
						"sound": "mob.polarbear.hurt",
						"volume": 0.7
					},
					"mob.warning": {
						"pitch": 1,
						"sound": "mob.polarbear.warning",
						"volume": 1.2
					},
					"step": {
						"pitch": 1,
						"sound": "mob.polarbear.step",
						"volume": 0.7
					}
				},
				"pitch": [
					0.8,
					1.2
				],
				"volume": 1
			},
			"dds_camping:atv": {
				"volume": 0.1,
				"pitch": [
					0.8,
					1.2
				],
				"events": {
					"step": {
						"sound": "ads.null",
						"volume": 0,
						"pitch": [
							0,
							0
						]
					},
					"jump": {
						"pitch": 1,
						"sound": "ads.null",
						"volume": 0.4
					}
				}
			},
			"dds_camping:tent": {
				"volume": 0.1,
				"pitch": [
					0.8,
					1.2
				],
				"events": {
					"hurt": "addy.null",
					"death": "addy.null"
				}
			},
			"dds_camping:hamper": {
				"volume": 0.1,
				"pitch": [
					0.8,
					1.2
				],
				"events": {
					"hurt": "addy.null",
					"death": "addy.null"
				}
			}
		}
	}
}