{
	"format_version": "1.16.0",
	"minecraft:geometry": [
		{
			"description": {
				"identifier": "geometry.dds_camping.binocular",
				"texture_width": 256,
				"texture_height": 256,
				"visible_bounds_width": 2,
				"visible_bounds_height": 1.5,
				"visible_bounds_offset": [0, 0.25, 0]
			},
			"bones": [
				{
					"name": "root",
					"pivot": [0, 8, 0],
					"binding": "c.item_slot == 'head' ? 'head' : q.item_slot_to_bone_name(c.item_slot)"
				},
				{
					"name": "root_x",
					"parent": "root",
					"pivot": [2, 8, 0]
				},
				{
					"name": "root_y",
					"parent": "root_x",
					"pivot": [2, 8, 0]
				},
				{
					"name": "root_z",
					"parent": "root_y",
					"pivot": [-1.76052, 1.13436, -3.32739],
					"cubes": [
						{
							"origin": [1.81731, 0.90843, -4.46321],
							"size": [1.70373, 0.45186, 0.39754],
							"pivot": [1.76052, 1.13436, -3.32739],
							"rotation": [0, -90, 45],
							"uv": {
								"north": {"uv": [135.1, 10.1], "uv_size": [17.8, 4.8]},
								"east": {"uv": [50.1, 183.1], "uv_size": [3.8, 4.8]},
								"south": {"uv": [118.1, 135.1], "uv_size": [17.8, 4.8]},
								"west": {"uv": [175.1, 185.1], "uv_size": [3.8, 4.8]},
								"up": {"uv": [42.1, 29.1], "uv_size": [17.8, 3.8]},
								"down": {"uv": [24.1, 76.9], "uv_size": [17.8, -3.8]}
							}
						},
						{
							"origin": [1.82299, 0.90843, -4.46321],
							"size": [1.69237, 0.45186, 0.39754],
							"pivot": [1.76052, 1.13436, -3.32739],
							"rotation": [0, -90, 22.5],
							"uv": {
								"north": {"uv": [136.1, 135.1], "uv_size": [17.8, 4.8]},
								"east": {"uv": [179.1, 185.1], "uv_size": [3.8, 4.8]},
								"south": {"uv": [24.1, 137.1], "uv_size": [17.8, 4.8]},
								"west": {"uv": [183.1, 185.1], "uv_size": [3.8, 4.8]},
								"up": {"uv": [90.1, 155.1], "uv_size": [17.8, 3.8]},
								"down": {"uv": [108.1, 158.9], "uv_size": [17.8, -3.8]}
							}
						},
						{
							"origin": [1.81731, 0.90843, -4.46321],
							"size": [1.70373, 0.45186, 0.39754],
							"pivot": [1.76052, 1.13436, -3.32739],
							"rotation": [0, -90, 0],
							"uv": {
								"north": {"uv": [42.1, 137.1], "uv_size": [17.8, 4.8]},
								"east": {"uv": [186.1, 6.1], "uv_size": [3.8, 4.8]},
								"south": {"uv": [60.1, 137.1], "uv_size": [17.8, 4.8]},
								"west": {"uv": [186.1, 47.1], "uv_size": [3.8, 4.8]},
								"up": {"uv": [126.1, 155.1], "uv_size": [17.8, 3.8]},
								"down": {"uv": [144.1, 158.9], "uv_size": [17.8, -3.8]}
							}
						},
						{
							"origin": [1.82299, 0.90843, -4.46321],
							"size": [1.69237, 0.45186, 0.39754],
							"pivot": [1.76052, 1.13436, -3.32739],
							"rotation": [0, -90, -22.5],
							"uv": {
								"north": {"uv": [78.1, 137.1], "uv_size": [17.8, 4.8]},
								"east": {"uv": [186.1, 65.1], "uv_size": [3.8, 4.8]},
								"south": {"uv": [0.1, 138.1], "uv_size": [17.8, 4.8]},
								"west": {"uv": [104.1, 186.1], "uv_size": [3.8, 4.8]},
								"up": {"uv": [156.1, 15.1], "uv_size": [17.8, 3.8]},
								"down": {"uv": [156.1, 22.9], "uv_size": [17.8, -3.8]}
							}
						},
						{
							"origin": [1.81731, 0.90843, -4.46321],
							"size": [1.70373, 0.45186, 0.39754],
							"pivot": [1.76052, 1.13436, -3.32739],
							"rotation": [0, -90, -45],
							"uv": {
								"north": {"uv": [138.1, 15.1], "uv_size": [17.8, 4.8]},
								"east": {"uv": [108.1, 186.1], "uv_size": [3.8, 4.8]},
								"south": {"uv": [138.1, 20.1], "uv_size": [17.8, 4.8]},
								"west": {"uv": [112.1, 186.1], "uv_size": [3.8, 4.8]},
								"up": {"uv": [156.1, 23.1], "uv_size": [17.8, 3.8]},
								"down": {"uv": [156.1, 30.9], "uv_size": [17.8, -3.8]}
							}
						},
						{
							"origin": [1.81731, 0.90843, -2.58911],
							"size": [1.70373, 0.45186, 0.39754],
							"pivot": [1.76052, 1.13436, -3.32739],
							"rotation": [0, -90, 45],
							"uv": {
								"north": {"uv": [138.1, 25.1], "uv_size": [17.8, 4.8]},
								"east": {"uv": [116.1, 186.1], "uv_size": [3.8, 4.8]},
								"south": {"uv": [138.1, 30.1], "uv_size": [17.8, 4.8]},
								"west": {"uv": [120.1, 186.1], "uv_size": [3.8, 4.8]},
								"up": {"uv": [156.1, 31.1], "uv_size": [17.8, 3.8]},
								"down": {"uv": [156.1, 38.9], "uv_size": [17.8, -3.8]}
							}
						},
						{
							"origin": [1.82299, 0.90843, -2.58911],
							"size": [1.69237, 0.45186, 0.39754],
							"pivot": [1.76052, 1.13436, -3.32739],
							"rotation": [0, -90, 22.5],
							"uv": {
								"north": {"uv": [138.1, 35.1], "uv_size": [17.8, 4.8]},
								"east": {"uv": [124.1, 186.1], "uv_size": [3.8, 4.8]},
								"south": {"uv": [138.1, 40.1], "uv_size": [17.8, 4.8]},
								"west": {"uv": [128.1, 186.1], "uv_size": [3.8, 4.8]},
								"up": {"uv": [156.1, 39.1], "uv_size": [17.8, 3.8]},
								"down": {"uv": [156.1, 46.9], "uv_size": [17.8, -3.8]}
							}
						},
						{
							"origin": [1.81731, 0.90843, -2.58911],
							"size": [1.70373, 0.45186, 0.39754],
							"pivot": [1.76052, 1.13436, -3.32739],
							"rotation": [0, -90, 0],
							"uv": {
								"north": {"uv": [138.1, 45.1], "uv_size": [17.8, 4.8]},
								"east": {"uv": [132.1, 186.1], "uv_size": [3.8, 4.8]},
								"south": {"uv": [118.1, 140.1], "uv_size": [17.8, 4.8]},
								"west": {"uv": [136.1, 186.1], "uv_size": [3.8, 4.8]},
								"up": {"uv": [15.1, 157.1], "uv_size": [17.8, 3.8]},
								"down": {"uv": [33.1, 160.9], "uv_size": [17.8, -3.8]}
							}
						},
						{
							"origin": [1.82299, 0.90843, -2.58911],
							"size": [1.69237, 0.45186, 0.39754],
							"pivot": [1.76052, 1.13436, -3.32739],
							"rotation": [0, -90, -22.5],
							"uv": {
								"north": {"uv": [136.1, 140.1], "uv_size": [17.8, 4.8]},
								"east": {"uv": [140.1, 186.1], "uv_size": [3.8, 4.8]},
								"south": {"uv": [141.1, 70.1], "uv_size": [17.8, 4.8]},
								"west": {"uv": [144.1, 186.1], "uv_size": [3.8, 4.8]},
								"up": {"uv": [51.1, 157.1], "uv_size": [17.8, 3.8]},
								"down": {"uv": [159.1, 3.9], "uv_size": [17.8, -3.8]}
							}
						},
						{
							"origin": [1.81731, 0.90843, -2.58911],
							"size": [1.70373, 0.45186, 0.39754],
							"pivot": [1.76052, 1.13436, -3.32739],
							"rotation": [0, -90, -45],
							"uv": {
								"north": {"uv": [18.1, 142.1], "uv_size": [17.8, 4.8]},
								"east": {"uv": [148.1, 186.1], "uv_size": [3.8, 4.8]},
								"south": {"uv": [36.1, 142.1], "uv_size": [17.8, 4.8]},
								"west": {"uv": [152.1, 186.1], "uv_size": [3.8, 4.8]},
								"up": {"uv": [159.1, 4.1], "uv_size": [17.8, 3.8]},
								"down": {"uv": [159.1, 73.9], "uv_size": [17.8, -3.8]}
							}
						},
						{
							"origin": [1.82299, -0.00146, -3.55332],
							"size": [1.69237, 0.39754, 0.45186],
							"pivot": [1.76052, 1.13436, -3.32739],
							"rotation": [0, -90, 22.5],
							"uv": {
								"north": {"uv": [90.1, 159.1], "uv_size": [17.8, 3.8]},
								"east": {"uv": [60.1, 29.1], "uv_size": [4.8, 3.8]},
								"south": {"uv": [108.1, 159.1], "uv_size": [17.8, 3.8]},
								"west": {"uv": [45.1, 68.1], "uv_size": [4.8, 3.8]},
								"up": {"uv": [54.1, 142.1], "uv_size": [17.8, 4.8]},
								"down": {"uv": [72.1, 146.9], "uv_size": [17.8, -4.8]}
							}
						},
						{
							"origin": [1.81731, -0.00146, -3.55332],
							"size": [1.70373, 0.39754, 0.45186],
							"pivot": [1.76052, 1.13436, -3.32739],
							"rotation": [0, -90, 0],
							"uv": {
								"north": {"uv": [159.1, 120.1], "uv_size": [17.8, 3.8]},
								"east": {"uv": [50.1, 68.1], "uv_size": [4.8, 3.8]},
								"south": {"uv": [159.1, 124.1], "uv_size": [17.8, 3.8]},
								"west": {"uv": [18.1, 138.1], "uv_size": [4.8, 3.8]},
								"up": {"uv": [0.1, 143.1], "uv_size": [17.8, 4.8]},
								"down": {"uv": [144.1, 79.9], "uv_size": [17.8, -4.8]}
							}
						},
						{
							"origin": [1.82299, -0.00146, -3.55332],
							"size": [1.69237, 0.39754, 0.45186],
							"pivot": [1.76052, 1.13436, -3.32739],
							"rotation": [0, -90, -22.5],
							"uv": {
								"north": {"uv": [126.1, 159.1], "uv_size": [17.8, 3.8]},
								"east": {"uv": [184.1, 140.1], "uv_size": [4.8, 3.8]},
								"south": {"uv": [159.1, 128.1], "uv_size": [17.8, 3.8]},
								"west": {"uv": [185.1, 159.1], "uv_size": [4.8, 3.8]},
								"up": {"uv": [144.1, 80.1], "uv_size": [17.8, 4.8]},
								"down": {"uv": [144.1, 89.9], "uv_size": [17.8, -4.8]}
							}
						},
						{
							"origin": [1.82299, 1.87264, -3.55332],
							"size": [1.69237, 0.39754, 0.45186],
							"pivot": [1.76052, 1.13436, -3.32739],
							"rotation": [0, -90, 22.5],
							"uv": {
								"north": {"uv": [144.1, 159.1], "uv_size": [17.8, 3.8]},
								"east": {"uv": [156.1, 186.1], "uv_size": [4.8, 3.8]},
								"south": {"uv": [69.1, 160.1], "uv_size": [17.8, 3.8]},
								"west": {"uv": [161.1, 186.1], "uv_size": [4.8, 3.8]},
								"up": {"uv": [144.1, 90.1], "uv_size": [17.8, 4.8]},
								"down": {"uv": [144.1, 99.9], "uv_size": [17.8, -4.8]}
							}
						},
						{
							"origin": [1.81731, 1.87264, -3.55332],
							"size": [1.70373, 0.39754, 0.45186],
							"pivot": [1.76052, 1.13436, -3.32739],
							"rotation": [0, -90, 0],
							"uv": {
								"north": {"uv": [0.1, 161.1], "uv_size": [17.8, 3.8]},
								"east": {"uv": [166.1, 186.1], "uv_size": [4.8, 3.8]},
								"south": {"uv": [18.1, 161.1], "uv_size": [17.8, 3.8]},
								"west": {"uv": [54.1, 187.1], "uv_size": [4.8, 3.8]},
								"up": {"uv": [144.1, 100.1], "uv_size": [17.8, 4.8]},
								"down": {"uv": [144.1, 109.9], "uv_size": [17.8, -4.8]}
							}
						},
						{
							"origin": [1.82299, 1.87264, -3.55332],
							"size": [1.69237, 0.39754, 0.45186],
							"pivot": [1.76052, 1.13436, -3.32739],
							"rotation": [0, -90, -22.5],
							"uv": {
								"north": {"uv": [36.1, 161.1], "uv_size": [17.8, 3.8]},
								"east": {"uv": [59.1, 187.1], "uv_size": [4.8, 3.8]},
								"south": {"uv": [162.1, 74.1], "uv_size": [17.8, 3.8]},
								"west": {"uv": [64.1, 187.1], "uv_size": [4.8, 3.8]},
								"up": {"uv": [144.1, 110.1], "uv_size": [17.8, 4.8]},
								"down": {"uv": [144.1, 119.9], "uv_size": [17.8, -4.8]}
							}
						},
						{
							"origin": [-0.25221, 1.05791, -2.90692],
							"size": [1.37333, 0.44207, 0.39081],
							"pivot": [0.12494, 1.14073, -1.20716],
							"rotation": [0, -90, -22.5],
							"uv": {
								"north": {"uv": [144.1, 120.1], "uv_size": [14.8, 4.8]},
								"east": {"uv": [171.1, 186.1], "uv_size": [3.8, 4.8]},
								"south": {"uv": [144.1, 125.1], "uv_size": [14.8, 4.8]},
								"west": {"uv": [69.1, 187.1], "uv_size": [3.8, 4.8]},
								"up": {"uv": [168.1, 55.1], "uv_size": [14.8, 3.8]},
								"down": {"uv": [168.1, 62.9], "uv_size": [14.8, -3.8]}
							}
						},
						{
							"origin": [-0.25221, 1.68104, -3.03087],
							"size": [1.37333, 0.44207, 0.39081],
							"pivot": [0.12494, 1.14073, -1.20716],
							"rotation": [0, -90, 0],
							"uv": {
								"north": {"uv": [144.1, 130.1], "uv_size": [14.8, 4.8]},
								"east": {"uv": [73.1, 187.1], "uv_size": [3.8, 4.8]},
								"south": {"uv": [90.1, 145.1], "uv_size": [14.8, 4.8]},
								"west": {"uv": [77.1, 187.1], "uv_size": [3.8, 4.8]},
								"up": {"uv": [168.1, 63.1], "uv_size": [14.8, 3.8]},
								"down": {"uv": [168.1, 152.9], "uv_size": [14.8, -3.8]}
							}
						},
						{
							"origin": [-0.25221, 2.30416, -2.90692],
							"size": [1.37333, 0.44207, 0.39081],
							"pivot": [0.12494, 1.14073, -1.20716],
							"rotation": [0, -90, 22.5],
							"uv": {
								"north": {"uv": [105.1, 145.1], "uv_size": [14.8, 4.8]},
								"east": {"uv": [81.1, 187.1], "uv_size": [3.8, 4.8]},
								"south": {"uv": [120.1, 145.1], "uv_size": [14.8, 4.8]},
								"west": {"uv": [85.1, 187.1], "uv_size": [3.8, 4.8]},
								"up": {"uv": [0.1, 169.1], "uv_size": [14.8, 3.8]},
								"down": {"uv": [15.1, 172.9], "uv_size": [14.8, -3.8]}
							}
						},
						{
							"origin": [-0.25221, -0.46476, -2.90692],
							"size": [1.37333, 0.44207, 0.39081],
							"pivot": [0.12494, 1.14073, -1.20716],
							"rotation": [0, -90, -22.5],
							"uv": {
								"north": {"uv": [135.1, 145.1], "uv_size": [14.8, 4.8]},
								"east": {"uv": [187.1, 180.1], "uv_size": [3.8, 4.8]},
								"south": {"uv": [18.1, 147.1], "uv_size": [14.8, 4.8]},
								"west": {"uv": [187.1, 185.1], "uv_size": [3.8, 4.8]},
								"up": {"uv": [30.1, 169.1], "uv_size": [14.8, 3.8]},
								"down": {"uv": [169.1, 135.9], "uv_size": [14.8, -3.8]}
							}
						},
						{
							"origin": [-0.25221, 0.15836, -3.03087],
							"size": [1.37333, 0.44207, 0.39081],
							"pivot": [0.12494, 1.14073, -1.20716],
							"rotation": [0, -90, 0],
							"uv": {
								"north": {"uv": [33.1, 147.1], "uv_size": [14.8, 4.8]},
								"east": {"uv": [0.1, 188.1], "uv_size": [3.8, 4.8]},
								"south": {"uv": [48.1, 147.1], "uv_size": [14.8, 4.8]},
								"west": {"uv": [4.1, 188.1], "uv_size": [3.8, 4.8]},
								"up": {"uv": [169.1, 136.1], "uv_size": [14.8, 3.8]},
								"down": {"uv": [169.1, 143.9], "uv_size": [14.8, -3.8]}
							}
						},
						{
							"origin": [-0.25221, 0.78149, -2.90692],
							"size": [1.37333, 0.44207, 0.39081],
							"pivot": [0.12494, 1.14073, -1.20716],
							"rotation": [0, -90, 22.5],
							"uv": {
								"north": {"uv": [63.1, 147.1], "uv_size": [14.8, 4.8]},
								"east": {"uv": [8.1, 188.1], "uv_size": [3.8, 4.8]},
								"south": {"uv": [0.1, 148.1], "uv_size": [14.8, 4.8]},
								"west": {"uv": [12.1, 188.1], "uv_size": [3.8, 4.8]},
								"up": {"uv": [72.1, 171.1], "uv_size": [14.8, 3.8]},
								"down": {"uv": [87.1, 174.9], "uv_size": [14.8, -3.8]}
							}
						},
						{
							"origin": [-0.25221, -0.20606, -1.81824],
							"size": [1.37333, 0.39081, 0.44207],
							"pivot": [0.12494, 1.14073, -1.20716],
							"rotation": [0, -90, -45],
							"uv": {
								"north": {"uv": [102.1, 171.1], "uv_size": [14.8, 3.8]},
								"east": {"uv": [16.1, 188.1], "uv_size": [4.8, 3.8]},
								"south": {"uv": [117.1, 171.1], "uv_size": [14.8, 3.8]},
								"west": {"uv": [21.1, 188.1], "uv_size": [4.8, 3.8]},
								"up": {"uv": [78.1, 150.1], "uv_size": [14.8, 4.8]},
								"down": {"uv": [93.1, 154.9], "uv_size": [14.8, -4.8]}
							}
						},
						{
							"origin": [-0.25221, 0.3222, -2.17121],
							"size": [1.37333, 0.39081, 0.44207],
							"pivot": [0.12494, 1.14073, -1.20716],
							"rotation": [0, -90, -22.5],
							"uv": {
								"north": {"uv": [132.1, 171.1], "uv_size": [14.8, 3.8]},
								"east": {"uv": [26.1, 188.1], "uv_size": [4.8, 3.8]},
								"south": {"uv": [147.1, 171.1], "uv_size": [14.8, 3.8]},
								"west": {"uv": [31.1, 188.1], "uv_size": [4.8, 3.8]},
								"up": {"uv": [108.1, 150.1], "uv_size": [14.8, 4.8]},
								"down": {"uv": [123.1, 154.9], "uv_size": [14.8, -4.8]}
							}
						},
						{
							"origin": [-0.25221, 0.94533, -2.29516],
							"size": [1.37333, 0.39081, 0.44207],
							"pivot": [0.12494, 1.14073, -1.20716],
							"rotation": [0, -90, 0],
							"uv": {
								"north": {"uv": [162.1, 171.1], "uv_size": [14.8, 3.8]},
								"east": {"uv": [36.1, 188.1], "uv_size": [4.8, 3.8]},
								"south": {"uv": [45.1, 172.1], "uv_size": [14.8, 3.8]},
								"west": {"uv": [41.1, 188.1], "uv_size": [4.8, 3.8]},
								"up": {"uv": [138.1, 150.1], "uv_size": [14.8, 4.8]},
								"down": {"uv": [150.1, 149.9], "uv_size": [14.8, -4.8]}
							}
						},
						{
							"origin": [-0.25221, 1.56845, -2.17121],
							"size": [1.37333, 0.39081, 0.44207],
							"pivot": [0.12494, 1.14073, -1.20716],
							"rotation": [0, -90, 22.5],
							"uv": {
								"north": {"uv": [0.1, 173.1], "uv_size": [14.8, 3.8]},
								"east": {"uv": [46.1, 188.1], "uv_size": [4.8, 3.8]},
								"south": {"uv": [15.1, 173.1], "uv_size": [14.8, 3.8]},
								"west": {"uv": [188.1, 52.1], "uv_size": [4.8, 3.8]},
								"up": {"uv": [15.1, 152.1], "uv_size": [14.8, 4.8]},
								"down": {"uv": [30.1, 156.9], "uv_size": [14.8, -4.8]}
							}
						},
						{
							"origin": [-0.25221, 2.09672, -1.81824],
							"size": [1.37333, 0.39081, 0.44207],
							"pivot": [0.12494, 1.14073, -1.20716],
							"rotation": [0, -90, 45],
							"uv": {
								"north": {"uv": [30.1, 173.1], "uv_size": [14.8, 3.8]},
								"east": {"uv": [188.1, 56.1], "uv_size": [4.8, 3.8]},
								"south": {"uv": [174.1, 12.1], "uv_size": [14.8, 3.8]},
								"west": {"uv": [188.1, 60.1], "uv_size": [4.8, 3.8]},
								"up": {"uv": [45.1, 152.1], "uv_size": [14.8, 4.8]},
								"down": {"uv": [60.1, 156.9], "uv_size": [14.8, -4.8]}
							}
						},
						{
							"origin": [-0.25221, -0.20606, -3.34091],
							"size": [1.37333, 0.39081, 0.44207],
							"pivot": [0.12494, 1.14073, -1.20716],
							"rotation": [0, -90, -45],
							"uv": {
								"north": {"uv": [174.1, 16.1], "uv_size": [14.8, 3.8]},
								"east": {"uv": [188.1, 144.1], "uv_size": [4.8, 3.8]},
								"south": {"uv": [174.1, 20.1], "uv_size": [14.8, 3.8]},
								"west": {"uv": [189.1, 11.1], "uv_size": [4.8, 3.8]},
								"up": {"uv": [0.1, 153.1], "uv_size": [14.8, 4.8]},
								"down": {"uv": [153.1, 14.9], "uv_size": [14.8, -4.8]}
							}
						},
						{
							"origin": [-0.25221, 0.3222, -3.69389],
							"size": [1.37333, 0.39081, 0.44207],
							"pivot": [0.12494, 1.14073, -1.20716],
							"rotation": [0, -90, -22.5],
							"uv": {
								"north": {"uv": [174.1, 24.1], "uv_size": [14.8, 3.8]},
								"east": {"uv": [189.1, 15.1], "uv_size": [4.8, 3.8]},
								"south": {"uv": [174.1, 28.1], "uv_size": [14.8, 3.8]},
								"west": {"uv": [189.1, 19.1], "uv_size": [4.8, 3.8]},
								"up": {"uv": [153.1, 50.1], "uv_size": [14.8, 4.8]},
								"down": {"uv": [153.1, 59.9], "uv_size": [14.8, -4.8]}
							}
						},
						{
							"origin": [-0.25221, 0.94533, -3.81783],
							"size": [1.37333, 0.39081, 0.44207],
							"pivot": [0.12494, 1.14073, -1.20716],
							"rotation": [0, -90, 0],
							"uv": {
								"north": {"uv": [174.1, 32.1], "uv_size": [14.8, 3.8]},
								"east": {"uv": [189.1, 23.1], "uv_size": [4.8, 3.8]},
								"south": {"uv": [174.1, 36.1], "uv_size": [14.8, 3.8]},
								"west": {"uv": [189.1, 27.1], "uv_size": [4.8, 3.8]},
								"up": {"uv": [153.1, 60.1], "uv_size": [14.8, 4.8]},
								"down": {"uv": [153.1, 69.9], "uv_size": [14.8, -4.8]}
							}
						},
						{
							"origin": [-0.25221, 1.56845, -3.69389],
							"size": [1.37333, 0.39081, 0.44207],
							"pivot": [0.12494, 1.14073, -1.20716],
							"rotation": [0, -90, 22.5],
							"uv": {
								"north": {"uv": [174.1, 40.1], "uv_size": [14.8, 3.8]},
								"east": {"uv": [189.1, 31.1], "uv_size": [4.8, 3.8]},
								"south": {"uv": [60.1, 175.1], "uv_size": [14.8, 3.8]},
								"west": {"uv": [189.1, 35.1], "uv_size": [4.8, 3.8]},
								"up": {"uv": [153.1, 150.1], "uv_size": [14.8, 4.8]},
								"down": {"uv": [154.1, 139.9], "uv_size": [14.8, -4.8]}
							}
						},
						{
							"origin": [-0.25221, 2.09672, -3.34091],
							"size": [1.37333, 0.39081, 0.44207],
							"pivot": [0.12494, 1.14073, -1.20716],
							"rotation": [0, -90, 45],
							"uv": {
								"north": {"uv": [75.1, 175.1], "uv_size": [14.8, 3.8]},
								"east": {"uv": [189.1, 39.1], "uv_size": [4.8, 3.8]},
								"south": {"uv": [90.1, 175.1], "uv_size": [14.8, 3.8]},
								"west": {"uv": [89.1, 189.1], "uv_size": [4.8, 3.8]},
								"up": {"uv": [154.1, 140.1], "uv_size": [14.8, 4.8]},
								"down": {"uv": [75.1, 159.9], "uv_size": [14.8, -4.8]}
							}
						},
						{
							"origin": [-2.04448, 1.75906, -0.14586],
							"size": [2.26596, 0.51112, 0.45186],
							"pivot": [-1.76052, 1.13436, 0.08007],
							"rotation": [0, -90, -22.5],
							"uv": {
								"north": {"uv": [42.1, 19.1], "uv_size": [23.8, 4.8]},
								"east": {"uv": [90.1, 179.1], "uv_size": [4.8, 4.8]},
								"south": {"uv": [42.1, 24.1], "uv_size": [23.8, 4.8]},
								"west": {"uv": [95.1, 179.1], "uv_size": [4.8, 4.8]},
								"up": {"uv": [57.1, 52.1], "uv_size": [23.8, 4.8]},
								"down": {"uv": [57.1, 61.9], "uv_size": [23.8, -4.8]}
							}
						},
						{
							"origin": [-2.04448, 1.75906, -0.14586],
							"size": [2.27164, 0.51112, 0.45186],
							"pivot": [-1.76052, 1.13436, 0.08007],
							"rotation": [0, -90, 0],
							"uv": {
								"north": {"uv": [57.1, 62.1], "uv_size": [23.8, 4.8]},
								"east": {"uv": [100.1, 179.1], "uv_size": [4.8, 4.8]},
								"south": {"uv": [63.1, 0.1], "uv_size": [23.8, 4.8]},
								"west": {"uv": [180.1, 82.1], "uv_size": [4.8, 4.8]},
								"up": {"uv": [63.1, 5.1], "uv_size": [23.8, 4.8]},
								"down": {"uv": [63.1, 14.9], "uv_size": [23.8, -4.8]}
							}
						},
						{
							"origin": [-2.04448, 1.75906, -0.14586],
							"size": [2.26596, 0.51112, 0.45186],
							"pivot": [-1.76052, 1.13436, 0.08007],
							"rotation": [0, -90, 22.5],
							"uv": {
								"north": {"uv": [66.1, 15.1], "uv_size": [23.8, 4.8]},
								"east": {"uv": [180.1, 87.1], "uv_size": [4.8, 4.8]},
								"south": {"uv": [66.1, 20.1], "uv_size": [23.8, 4.8]},
								"west": {"uv": [180.1, 92.1], "uv_size": [4.8, 4.8]},
								"up": {"uv": [66.1, 25.1], "uv_size": [23.8, 4.8]},
								"down": {"uv": [66.1, 34.9], "uv_size": [23.8, -4.8]}
							}
						},
						{
							"origin": [-2.04448, -0.00146, -0.14586],
							"size": [2.26596, 0.51112, 0.45186],
							"pivot": [-1.76052, 1.13436, 0.08007],
							"rotation": [0, -90, -22.5],
							"uv": {
								"north": {"uv": [66.1, 35.1], "uv_size": [23.8, 4.8]},
								"east": {"uv": [180.1, 97.1], "uv_size": [4.8, 4.8]},
								"south": {"uv": [66.1, 40.1], "uv_size": [23.8, 4.8]},
								"west": {"uv": [180.1, 102.1], "uv_size": [4.8, 4.8]},
								"up": {"uv": [66.1, 45.1], "uv_size": [23.8, 4.8]},
								"down": {"uv": [57.1, 71.9], "uv_size": [23.8, -4.8]}
							}
						},
						{
							"origin": [-2.04448, -0.00146, -0.14586],
							"size": [2.27164, 0.51112, 0.45186],
							"pivot": [-1.76052, 1.13436, 0.08007],
							"rotation": [0, -90, 0],
							"uv": {
								"north": {"uv": [21.1, 68.1], "uv_size": [23.8, 4.8]},
								"east": {"uv": [180.1, 107.1], "uv_size": [4.8, 4.8]},
								"south": {"uv": [45.1, 72.1], "uv_size": [23.8, 4.8]},
								"west": {"uv": [180.1, 112.1], "uv_size": [4.8, 4.8]},
								"up": {"uv": [69.1, 72.1], "uv_size": [23.8, 4.8]},
								"down": {"uv": [0.1, 77.9], "uv_size": [23.8, -4.8]}
							}
						},
						{
							"origin": [-2.04448, -0.00146, -0.14586],
							"size": [2.26596, 0.51112, 0.45186],
							"pivot": [-1.76052, 1.13436, 0.08007],
							"rotation": [0, -90, 22.5],
							"uv": {
								"north": {"uv": [24.1, 77.1], "uv_size": [23.8, 4.8]},
								"east": {"uv": [180.1, 153.1], "uv_size": [4.8, 4.8]},
								"south": {"uv": [48.1, 77.1], "uv_size": [23.8, 4.8]},
								"west": {"uv": [180.1, 158.1], "uv_size": [4.8, 4.8]},
								"up": {"uv": [72.1, 77.1], "uv_size": [23.8, 4.8]},
								"down": {"uv": [0.1, 82.9], "uv_size": [23.8, -4.8]}
							}
						},
						{
							"origin": [-2.04448, 0.90843, 0.70477],
							"size": [2.27164, 0.45186, 0.51112],
							"pivot": [-1.76052, 1.13436, 0.08007],
							"rotation": [0, -90, -45],
							"uv": {
								"north": {"uv": [81.1, 50.1], "uv_size": [23.8, 4.8]},
								"east": {"uv": [180.1, 166.1], "uv_size": [4.8, 4.8]},
								"south": {"uv": [81.1, 55.1], "uv_size": [23.8, 4.8]},
								"west": {"uv": [177.1, 180.1], "uv_size": [4.8, 4.8]},
								"up": {"uv": [81.1, 60.1], "uv_size": [23.8, 4.8]},
								"down": {"uv": [81.1, 69.9], "uv_size": [23.8, -4.8]}
							}
						},
						{
							"origin": [-2.04448, 0.90843, 0.70477],
							"size": [2.26596, 0.45186, 0.51112],
							"pivot": [-1.76052, 1.13436, 0.08007],
							"rotation": [0, -90, -22.5],
							"uv": {
								"north": {"uv": [24.1, 82.1], "uv_size": [23.8, 4.8]},
								"east": {"uv": [105.1, 181.1], "uv_size": [4.8, 4.8]},
								"south": {"uv": [48.1, 82.1], "uv_size": [23.8, 4.8]},
								"west": {"uv": [110.1, 181.1], "uv_size": [4.8, 4.8]},
								"up": {"uv": [72.1, 82.1], "uv_size": [23.8, 4.8]},
								"down": {"uv": [0.1, 87.9], "uv_size": [23.8, -4.8]}
							}
						},
						{
							"origin": [-2.04448, 0.90843, 0.70477],
							"size": [2.27164, 0.45186, 0.51112],
							"pivot": [-1.76052, 1.13436, 0.08007],
							"rotation": [0, -90, 0],
							"uv": {
								"north": {"uv": [87.1, 0.1], "uv_size": [23.8, 4.8]},
								"east": {"uv": [115.1, 181.1], "uv_size": [4.8, 4.8]},
								"south": {"uv": [87.1, 5.1], "uv_size": [23.8, 4.8]},
								"west": {"uv": [120.1, 181.1], "uv_size": [4.8, 4.8]},
								"up": {"uv": [87.1, 10.1], "uv_size": [23.8, 4.8]},
								"down": {"uv": [24.1, 91.9], "uv_size": [23.8, -4.8]}
							}
						},
						{
							"origin": [-2.04448, 0.90843, 0.70477],
							"size": [2.26596, 0.45186, 0.51112],
							"pivot": [-1.76052, 1.13436, 0.08007],
							"rotation": [0, -90, 22.5],
							"uv": {
								"north": {"uv": [48.1, 87.1], "uv_size": [23.8, 4.8]},
								"east": {"uv": [125.1, 181.1], "uv_size": [4.8, 4.8]},
								"south": {"uv": [72.1, 87.1], "uv_size": [23.8, 4.8]},
								"west": {"uv": [130.1, 181.1], "uv_size": [4.8, 4.8]},
								"up": {"uv": [0.1, 88.1], "uv_size": [23.8, 4.8]},
								"down": {"uv": [90.1, 19.9], "uv_size": [23.8, -4.8]}
							}
						},
						{
							"origin": [-2.04448, 0.90843, 0.70477],
							"size": [2.27164, 0.45186, 0.51112],
							"pivot": [-1.76052, 1.13436, 0.08007],
							"rotation": [0, -90, 45],
							"uv": {
								"north": {"uv": [90.1, 20.1], "uv_size": [23.8, 4.8]},
								"east": {"uv": [135.1, 181.1], "uv_size": [4.8, 4.8]},
								"south": {"uv": [90.1, 25.1], "uv_size": [23.8, 4.8]},
								"west": {"uv": [140.1, 181.1], "uv_size": [4.8, 4.8]},
								"up": {"uv": [90.1, 30.1], "uv_size": [23.8, 4.8]},
								"down": {"uv": [90.1, 39.9], "uv_size": [23.8, -4.8]}
							}
						},
						{
							"origin": [-2.04448, 0.90843, -1.05575],
							"size": [2.27164, 0.45186, 0.51112],
							"pivot": [-1.76052, 1.13436, 0.08007],
							"rotation": [0, -90, -45],
							"uv": {
								"north": {"uv": [90.1, 40.1], "uv_size": [23.8, 4.8]},
								"east": {"uv": [145.1, 181.1], "uv_size": [4.8, 4.8]},
								"south": {"uv": [90.1, 45.1], "uv_size": [23.8, 4.8]},
								"west": {"uv": [150.1, 181.1], "uv_size": [4.8, 4.8]},
								"up": {"uv": [24.1, 92.1], "uv_size": [23.8, 4.8]},
								"down": {"uv": [48.1, 96.9], "uv_size": [23.8, -4.8]}
							}
						},
						{
							"origin": [-2.04448, 0.90843, -1.05575],
							"size": [2.26596, 0.45186, 0.51112],
							"pivot": [-1.76052, 1.13436, 0.08007],
							"rotation": [0, -90, -22.5],
							"uv": {
								"north": {"uv": [72.1, 92.1], "uv_size": [23.8, 4.8]},
								"east": {"uv": [155.1, 181.1], "uv_size": [4.8, 4.8]},
								"south": {"uv": [0.1, 93.1], "uv_size": [23.8, 4.8]},
								"west": {"uv": [160.1, 181.1], "uv_size": [4.8, 4.8]},
								"up": {"uv": [93.1, 70.1], "uv_size": [23.8, 4.8]},
								"down": {"uv": [96.1, 79.9], "uv_size": [23.8, -4.8]}
							}
						},
						{
							"origin": [-2.04448, 0.90843, -1.05575],
							"size": [2.27164, 0.45186, 0.51112],
							"pivot": [-1.76052, 1.13436, 0.08007],
							"rotation": [0, -90, 0],
							"uv": {
								"north": {"uv": [96.1, 80.1], "uv_size": [23.8, 4.8]},
								"east": {"uv": [165.1, 181.1], "uv_size": [4.8, 4.8]},
								"south": {"uv": [96.1, 85.1], "uv_size": [23.8, 4.8]},
								"west": {"uv": [170.1, 181.1], "uv_size": [4.8, 4.8]},
								"up": {"uv": [96.1, 90.1], "uv_size": [23.8, 4.8]},
								"down": {"uv": [96.1, 99.9], "uv_size": [23.8, -4.8]}
							}
						},
						{
							"origin": [-2.04448, 0.90843, -1.05575],
							"size": [2.26596, 0.45186, 0.51112],
							"pivot": [-1.76052, 1.13436, 0.08007],
							"rotation": [0, -90, 22.5],
							"uv": {
								"north": {"uv": [24.1, 97.1], "uv_size": [23.8, 4.8]},
								"east": {"uv": [54.1, 182.1], "uv_size": [4.8, 4.8]},
								"south": {"uv": [48.1, 97.1], "uv_size": [23.8, 4.8]},
								"west": {"uv": [59.1, 182.1], "uv_size": [4.8, 4.8]},
								"up": {"uv": [72.1, 97.1], "uv_size": [23.8, 4.8]},
								"down": {"uv": [0.1, 102.9], "uv_size": [23.8, -4.8]}
							}
						},
						{
							"origin": [-2.04448, 0.90843, -1.05575],
							"size": [2.27164, 0.45186, 0.51112],
							"pivot": [-1.76052, 1.13436, 0.08007],
							"rotation": [0, -90, 45],
							"uv": {
								"north": {"uv": [96.1, 100.1], "uv_size": [23.8, 4.8]},
								"east": {"uv": [64.1, 182.1], "uv_size": [4.8, 4.8]},
								"south": {"uv": [24.1, 102.1], "uv_size": [23.8, 4.8]},
								"west": {"uv": [69.1, 182.1], "uv_size": [4.8, 4.8]},
								"up": {"uv": [48.1, 102.1], "uv_size": [23.8, 4.8]},
								"down": {"uv": [72.1, 106.9], "uv_size": [23.8, -4.8]}
							}
						},
						{
							"origin": [1.47657, 1.75906, -0.14586],
							"size": [2.26596, 0.51112, 0.45186],
							"pivot": [1.76052, 1.13436, 0.08007],
							"rotation": [0, -90, -22.5],
							"uv": {
								"north": {"uv": [0.1, 103.1], "uv_size": [23.8, 4.8]},
								"east": {"uv": [74.1, 182.1], "uv_size": [4.8, 4.8]},
								"south": {"uv": [105.1, 50.1], "uv_size": [23.8, 4.8]},
								"west": {"uv": [79.1, 182.1], "uv_size": [4.8, 4.8]},
								"up": {"uv": [105.1, 55.1], "uv_size": [23.8, 4.8]},
								"down": {"uv": [105.1, 64.9], "uv_size": [23.8, -4.8]}
							}
						},
						{
							"origin": [1.47657, 1.75906, -0.14586],
							"size": [2.27164, 0.51112, 0.45186],
							"pivot": [1.76052, 1.13436, 0.08007],
							"rotation": [0, -90, 0],
							"uv": {
								"north": {"uv": [105.1, 65.1], "uv_size": [23.8, 4.8]},
								"east": {"uv": [84.1, 182.1], "uv_size": [4.8, 4.8]},
								"south": {"uv": [96.1, 105.1], "uv_size": [23.8, 4.8]},
								"west": {"uv": [182.1, 180.1], "uv_size": [4.8, 4.8]},
								"up": {"uv": [24.1, 107.1], "uv_size": [23.8, 4.8]},
								"down": {"uv": [48.1, 111.9], "uv_size": [23.8, -4.8]}
							}
						},
						{
							"origin": [1.47657, 1.75906, -0.14586],
							"size": [2.26596, 0.51112, 0.45186],
							"pivot": [1.76052, 1.13436, 0.08007],
							"rotation": [0, -90, 22.5],
							"uv": {
								"north": {"uv": [72.1, 107.1], "uv_size": [23.8, 4.8]},
								"east": {"uv": [0.1, 183.1], "uv_size": [4.8, 4.8]},
								"south": {"uv": [0.1, 108.1], "uv_size": [23.8, 4.8]},
								"west": {"uv": [5.1, 183.1], "uv_size": [4.8, 4.8]},
								"up": {"uv": [96.1, 110.1], "uv_size": [23.8, 4.8]},
								"down": {"uv": [111.1, 4.9], "uv_size": [23.8, -4.8]}
							}
						},
						{
							"origin": [1.47657, -0.00146, -0.14586],
							"size": [2.26596, 0.51112, 0.45186],
							"pivot": [1.76052, 1.13436, 0.08007],
							"rotation": [0, -90, -22.5],
							"uv": {
								"north": {"uv": [111.1, 5.1], "uv_size": [23.8, 4.8]},
								"east": {"uv": [10.1, 183.1], "uv_size": [4.8, 4.8]},
								"south": {"uv": [111.1, 10.1], "uv_size": [23.8, 4.8]},
								"west": {"uv": [15.1, 183.1], "uv_size": [4.8, 4.8]},
								"up": {"uv": [24.1, 112.1], "uv_size": [23.8, 4.8]},
								"down": {"uv": [48.1, 116.9], "uv_size": [23.8, -4.8]}
							}
						},
						{
							"origin": [1.47657, -0.00146, -0.14586],
							"size": [2.27164, 0.51112, 0.45186],
							"pivot": [1.76052, 1.13436, 0.08007],
							"rotation": [0, -90, 0],
							"uv": {
								"north": {"uv": [72.1, 112.1], "uv_size": [23.8, 4.8]},
								"east": {"uv": [20.1, 183.1], "uv_size": [4.8, 4.8]},
								"south": {"uv": [0.1, 113.1], "uv_size": [23.8, 4.8]},
								"west": {"uv": [25.1, 183.1], "uv_size": [4.8, 4.8]},
								"up": {"uv": [114.1, 15.1], "uv_size": [23.8, 4.8]},
								"down": {"uv": [114.1, 24.9], "uv_size": [23.8, -4.8]}
							}
						},
						{
							"origin": [1.47657, -0.00146, -0.14586],
							"size": [2.26596, 0.50544, 0.45186],
							"pivot": [1.76052, 1.13436, 0.08007],
							"rotation": [0, -90, 22.5],
							"uv": {
								"north": {"uv": [114.1, 25.1], "uv_size": [23.8, 4.8]},
								"east": {"uv": [30.1, 183.1], "uv_size": [4.8, 4.8]},
								"south": {"uv": [114.1, 30.1], "uv_size": [23.8, 4.8]},
								"west": {"uv": [35.1, 183.1], "uv_size": [4.8, 4.8]},
								"up": {"uv": [114.1, 35.1], "uv_size": [23.8, 4.8]},
								"down": {"uv": [114.1, 44.9], "uv_size": [23.8, -4.8]}
							}
						},
						{
							"origin": [1.47657, 0.90843, 0.70477],
							"size": [2.27164, 0.45186, 0.51112],
							"pivot": [1.76052, 1.13436, 0.08007],
							"rotation": [0, -90, -45],
							"uv": {
								"north": {"uv": [114.1, 45.1], "uv_size": [23.8, 4.8]},
								"east": {"uv": [40.1, 183.1], "uv_size": [4.8, 4.8]},
								"south": {"uv": [96.1, 115.1], "uv_size": [23.8, 4.8]},
								"west": {"uv": [45.1, 183.1], "uv_size": [4.8, 4.8]},
								"up": {"uv": [24.1, 117.1], "uv_size": [23.8, 4.8]},
								"down": {"uv": [48.1, 121.9], "uv_size": [23.8, -4.8]}
							}
						},
						{
							"origin": [1.47657, 0.90843, 0.70477],
							"size": [2.26596, 0.45186, 0.51112],
							"pivot": [1.76052, 1.13436, 0.08007],
							"rotation": [0, -90, -22.5],
							"uv": {
								"north": {"uv": [117.1, 70.1], "uv_size": [23.8, 4.8]},
								"east": {"uv": [183.1, 55.1], "uv_size": [4.8, 4.8]},
								"south": {"uv": [72.1, 117.1], "uv_size": [23.8, 4.8]},
								"west": {"uv": [183.1, 60.1], "uv_size": [4.8, 4.8]},
								"up": {"uv": [0.1, 118.1], "uv_size": [23.8, 4.8]},
								"down": {"uv": [120.1, 79.9], "uv_size": [23.8, -4.8]}
							}
						},
						{
							"origin": [1.47657, 0.90843, 0.70477],
							"size": [2.27164, 0.45186, 0.51112],
							"pivot": [1.76052, 1.13436, 0.08007],
							"rotation": [0, -90, 0],
							"uv": {
								"north": {"uv": [120.1, 80.1], "uv_size": [23.8, 4.8]},
								"east": {"uv": [183.1, 144.1], "uv_size": [4.8, 4.8]},
								"south": {"uv": [120.1, 85.1], "uv_size": [23.8, 4.8]},
								"west": {"uv": [89.1, 184.1], "uv_size": [4.8, 4.8]},
								"up": {"uv": [120.1, 90.1], "uv_size": [23.8, 4.8]},
								"down": {"uv": [120.1, 99.9], "uv_size": [23.8, -4.8]}
							}
						},
						{
							"origin": [1.47657, 0.90843, 0.70477],
							"size": [2.26596, 0.45186, 0.51112],
							"pivot": [1.76052, 1.13436, 0.08007],
							"rotation": [0, -90, 22.5],
							"uv": {
								"north": {"uv": [96.1, 120.1], "uv_size": [23.8, 4.8]},
								"east": {"uv": [94.1, 184.1], "uv_size": [4.8, 4.8]},
								"south": {"uv": [120.1, 100.1], "uv_size": [23.8, 4.8]},
								"west": {"uv": [99.1, 184.1], "uv_size": [4.8, 4.8]},
								"up": {"uv": [120.1, 105.1], "uv_size": [23.8, 4.8]},
								"down": {"uv": [120.1, 114.9], "uv_size": [23.8, -4.8]}
							}
						},
						{
							"origin": [1.47657, 0.90843, 0.70477],
							"size": [2.27164, 0.45186, 0.51112],
							"pivot": [1.76052, 1.13436, 0.08007],
							"rotation": [0, -90, 45],
							"uv": {
								"north": {"uv": [120.1, 115.1], "uv_size": [23.8, 4.8]},
								"east": {"uv": [184.1, 130.1], "uv_size": [4.8, 4.8]},
								"south": {"uv": [120.1, 120.1], "uv_size": [23.8, 4.8]},
								"west": {"uv": [184.1, 135.1], "uv_size": [4.8, 4.8]},
								"up": {"uv": [24.1, 122.1], "uv_size": [23.8, 4.8]},
								"down": {"uv": [48.1, 126.9], "uv_size": [23.8, -4.8]}
							}
						},
						{
							"origin": [1.47657, 0.90843, -1.05575],
							"size": [2.27164, 0.45186, 0.51112],
							"pivot": [1.76052, 1.13436, 0.08007],
							"rotation": [0, -90, -45],
							"uv": {
								"north": {"uv": [72.1, 122.1], "uv_size": [23.8, 4.8]},
								"east": {"uv": [185.1, 82.1], "uv_size": [4.8, 4.8]},
								"south": {"uv": [0.1, 123.1], "uv_size": [23.8, 4.8]},
								"west": {"uv": [185.1, 87.1], "uv_size": [4.8, 4.8]},
								"up": {"uv": [96.1, 125.1], "uv_size": [23.8, 4.8]},
								"down": {"uv": [120.1, 129.9], "uv_size": [23.8, -4.8]}
							}
						},
						{
							"origin": [1.47657, 0.90843, -1.05575],
							"size": [2.26596, 0.45186, 0.51112],
							"pivot": [1.76052, 1.13436, 0.08007],
							"rotation": [0, -90, -22.5],
							"uv": {
								"north": {"uv": [24.1, 127.1], "uv_size": [23.8, 4.8]},
								"east": {"uv": [185.1, 92.1], "uv_size": [4.8, 4.8]},
								"south": {"uv": [48.1, 127.1], "uv_size": [23.8, 4.8]},
								"west": {"uv": [185.1, 97.1], "uv_size": [4.8, 4.8]},
								"up": {"uv": [72.1, 127.1], "uv_size": [23.8, 4.8]},
								"down": {"uv": [0.1, 132.9], "uv_size": [23.8, -4.8]}
							}
						},
						{
							"origin": [1.47657, 0.90843, -1.05575],
							"size": [2.27164, 0.45186, 0.51112],
							"pivot": [1.76052, 1.13436, 0.08007],
							"rotation": [0, -90, 0],
							"uv": {
								"north": {"uv": [129.1, 50.1], "uv_size": [23.8, 4.8]},
								"east": {"uv": [185.1, 102.1], "uv_size": [4.8, 4.8]},
								"south": {"uv": [129.1, 55.1], "uv_size": [23.8, 4.8]},
								"west": {"uv": [185.1, 107.1], "uv_size": [4.8, 4.8]},
								"up": {"uv": [129.1, 60.1], "uv_size": [23.8, 4.8]},
								"down": {"uv": [129.1, 69.9], "uv_size": [23.8, -4.8]}
							}
						},
						{
							"origin": [1.47657, 0.90843, -1.05575],
							"size": [2.26596, 0.45186, 0.51112],
							"pivot": [1.76052, 1.13436, 0.08007],
							"rotation": [0, -90, 22.5],
							"uv": {
								"north": {"uv": [96.1, 130.1], "uv_size": [23.8, 4.8]},
								"east": {"uv": [185.1, 112.1], "uv_size": [4.8, 4.8]},
								"south": {"uv": [120.1, 130.1], "uv_size": [23.8, 4.8]},
								"west": {"uv": [185.1, 149.1], "uv_size": [4.8, 4.8]},
								"up": {"uv": [24.1, 132.1], "uv_size": [23.8, 4.8]},
								"down": {"uv": [48.1, 136.9], "uv_size": [23.8, -4.8]}
							}
						},
						{
							"origin": [1.47657, 0.90843, -1.05575],
							"size": [2.27164, 0.45186, 0.51112],
							"pivot": [1.76052, 1.13436, 0.08007],
							"rotation": [0, -90, 45],
							"uv": {
								"north": {"uv": [72.1, 132.1], "uv_size": [23.8, 4.8]},
								"east": {"uv": [185.1, 154.1], "uv_size": [4.8, 4.8]},
								"south": {"uv": [0.1, 133.1], "uv_size": [23.8, 4.8]},
								"west": {"uv": [185.1, 166.1], "uv_size": [4.8, 4.8]},
								"up": {"uv": [135.1, 0.1], "uv_size": [23.8, 4.8]},
								"down": {"uv": [135.1, 9.9], "uv_size": [23.8, -4.8]}
							}
						},
						{
							"origin": [-0.56453, 1.96726, 0.92283],
							"size": [1.69698, 0.32437, 0.36692],
							"pivot": [0.17037, 1.10046, 2.76718],
							"rotation": [0, -90, 45],
							"uv": {
								"north": {"uv": [168.1, 67.1], "uv_size": [17.8, 2.8]},
								"east": {"uv": [90.1, 142.1], "uv_size": [3.8, 2.8]},
								"south": {"uv": [174.1, 44.1], "uv_size": [17.8, 2.8]},
								"west": {"uv": [78.1, 147.1], "uv_size": [3.8, 2.8]},
								"up": {"uv": [162.1, 78.1], "uv_size": [17.8, 3.8]},
								"down": {"uv": [162.1, 85.9], "uv_size": [17.8, -3.8]}
							}
						},
						{
							"origin": [-0.56453, 1.49516, 0.60738],
							"size": [1.6913, 0.32437, 0.36692],
							"pivot": [0.17037, 1.10046, 2.76718],
							"rotation": [0, -90, 22.5],
							"uv": {
								"north": {"uv": [105.1, 175.1], "uv_size": [17.8, 2.8]},
								"east": {"uv": [82.1, 147.1], "uv_size": [3.8, 2.8]},
								"south": {"uv": [123.1, 175.1], "uv_size": [17.8, 2.8]},
								"west": {"uv": [86.1, 147.1], "uv_size": [3.8, 2.8]},
								"up": {"uv": [162.1, 86.1], "uv_size": [17.8, 3.8]},
								"down": {"uv": [162.1, 93.9], "uv_size": [17.8, -3.8]}
							}
						},
						{
							"origin": [-0.56453, 0.93828, 0.49661],
							"size": [1.69698, 0.32437, 0.36692],
							"pivot": [0.17037, 1.10046, 2.76718],
							"rotation": [0, -90, 0],
							"uv": {
								"north": {"uv": [141.1, 175.1], "uv_size": [17.8, 2.8]},
								"east": {"uv": [156.1, 47.1], "uv_size": [3.8, 2.8]},
								"south": {"uv": [159.1, 175.1], "uv_size": [17.8, 2.8]},
								"west": {"uv": [69.1, 157.1], "uv_size": [3.8, 2.8]},
								"up": {"uv": [162.1, 94.1], "uv_size": [17.8, 3.8]},
								"down": {"uv": [162.1, 101.9], "uv_size": [17.8, -3.8]}
							}
						},
						{
							"origin": [-0.56453, 0.3814, 0.60738],
							"size": [1.6913, 0.32437, 0.36692],
							"pivot": [0.17037, 1.10046, 2.76718],
							"rotation": [0, -90, -22.5],
							"uv": {
								"north": {"uv": [0.1, 177.1], "uv_size": [17.8, 2.8]},
								"east": {"uv": [0.1, 158.1], "uv_size": [3.8, 2.8]},
								"south": {"uv": [177.1, 0.1], "uv_size": [17.8, 2.8]},
								"west": {"uv": [4.1, 158.1], "uv_size": [3.8, 2.8]},
								"up": {"uv": [162.1, 102.1], "uv_size": [17.8, 3.8]},
								"down": {"uv": [162.1, 109.9], "uv_size": [17.8, -3.8]}
							}
						},
						{
							"origin": [-0.56453, -0.0907, 0.92283],
							"size": [1.69698, 0.32437, 0.36692],
							"pivot": [0.17037, 1.10046, 2.76718],
							"rotation": [0, -90, -45],
							"uv": {
								"north": {"uv": [177.1, 3.1], "uv_size": [17.8, 2.8]},
								"east": {"uv": [8.1, 158.1], "uv_size": [3.8, 2.8]},
								"south": {"uv": [18.1, 177.1], "uv_size": [17.8, 2.8]},
								"west": {"uv": [159.1, 132.1], "uv_size": [3.8, 2.8]},
								"up": {"uv": [162.1, 110.1], "uv_size": [17.8, 3.8]},
								"down": {"uv": [162.1, 117.9], "uv_size": [17.8, -3.8]}
							}
						},
						{
							"origin": [-0.56453, 1.96726, 2.18665],
							"size": [1.69698, 0.32437, 0.36692],
							"pivot": [0.17037, 1.10046, 2.76718],
							"rotation": [0, -90, 45],
							"uv": {
								"north": {"uv": [36.1, 177.1], "uv_size": [17.8, 2.8]},
								"east": {"uv": [160.1, 47.1], "uv_size": [3.8, 2.8]},
								"south": {"uv": [177.1, 70.1], "uv_size": [17.8, 2.8]},
								"west": {"uv": [54.1, 161.1], "uv_size": [3.8, 2.8]},
								"up": {"uv": [162.1, 155.1], "uv_size": [17.8, 3.8]},
								"down": {"uv": [162.1, 162.9], "uv_size": [17.8, -3.8]}
							}
						},
						{
							"origin": [-0.56453, 1.49516, 1.8712],
							"size": [1.6913, 0.32437, 0.36692],
							"pivot": [0.17037, 1.10046, 2.76718],
							"rotation": [0, -90, 22.5],
							"uv": {
								"north": {"uv": [177.1, 118.1], "uv_size": [17.8, 2.8]},
								"east": {"uv": [58.1, 161.1], "uv_size": [3.8, 2.8]},
								"south": {"uv": [177.1, 121.1], "uv_size": [17.8, 2.8]},
								"west": {"uv": [62.1, 161.1], "uv_size": [3.8, 2.8]},
								"up": {"uv": [87.1, 163.1], "uv_size": [17.8, 3.8]},
								"down": {"uv": [105.1, 166.9], "uv_size": [17.8, -3.8]}
							}
						},
						{
							"origin": [-0.56453, 0.93828, 1.76043],
							"size": [1.69698, 0.32437, 0.36692],
							"pivot": [0.17037, 1.10046, 2.76718],
							"rotation": [0, -90, 0],
							"uv": {
								"north": {"uv": [177.1, 124.1], "uv_size": [17.8, 2.8]},
								"east": {"uv": [163.1, 132.1], "uv_size": [3.8, 2.8]},
								"south": {"uv": [177.1, 127.1], "uv_size": [17.8, 2.8]},
								"west": {"uv": [164.1, 47.1], "uv_size": [3.8, 2.8]},
								"up": {"uv": [123.1, 163.1], "uv_size": [17.8, 3.8]},
								"down": {"uv": [141.1, 166.9], "uv_size": [17.8, -3.8]}
							}
						},
						{
							"origin": [-0.56453, 0.3814, 1.8712],
							"size": [1.6913, 0.32437, 0.36692],
							"pivot": [0.17037, 1.10046, 2.76718],
							"rotation": [0, -90, -22.5],
							"uv": {
								"north": {"uv": [177.1, 163.1], "uv_size": [17.8, 2.8]},
								"east": {"uv": [72.1, 164.1], "uv_size": [3.8, 2.8]},
								"south": {"uv": [177.1, 171.1], "uv_size": [17.8, 2.8]},
								"west": {"uv": [76.1, 164.1], "uv_size": [3.8, 2.8]},
								"up": {"uv": [159.1, 163.1], "uv_size": [17.8, 3.8]},
								"down": {"uv": [54.1, 167.9], "uv_size": [17.8, -3.8]}
							}
						},
						{
							"origin": [-0.56453, -0.0907, 2.18665],
							"size": [1.69698, 0.32437, 0.36692],
							"pivot": [0.17037, 1.10046, 2.76718],
							"rotation": [0, -90, -45],
							"uv": {
								"north": {"uv": [177.1, 174.1], "uv_size": [17.8, 2.8]},
								"east": {"uv": [80.1, 164.1], "uv_size": [3.8, 2.8]},
								"south": {"uv": [177.1, 177.1], "uv_size": [17.8, 2.8]},
								"west": {"uv": [168.1, 12.1], "uv_size": [3.8, 2.8]},
								"up": {"uv": [0.1, 165.1], "uv_size": [17.8, 3.8]},
								"down": {"uv": [18.1, 168.9], "uv_size": [17.8, -3.8]}
							}
						},
						{
							"origin": [-0.56453, 0.84198, 1.26056],
							"size": [1.6913, 0.36692, 0.32437],
							"pivot": [0.17037, 1.10046, 2.76718],
							"rotation": [0, -90, 22.5],
							"uv": {
								"north": {"uv": [36.1, 165.1], "uv_size": [17.8, 3.8]},
								"east": {"uv": [63.1, 15.1], "uv_size": [2.8, 3.8]},
								"south": {"uv": [165.1, 145.1], "uv_size": [17.8, 3.8]},
								"west": {"uv": [42.1, 73.1], "uv_size": [2.8, 3.8]},
								"up": {"uv": [105.1, 178.1], "uv_size": [17.8, 2.8]},
								"down": {"uv": [123.1, 180.9], "uv_size": [17.8, -2.8]}
							}
						},
						{
							"origin": [-0.56453, 0.2851, 1.14979],
							"size": [1.69698, 0.36692, 0.32437],
							"pivot": [0.17037, 1.10046, 2.76718],
							"rotation": [0, -90, 0],
							"uv": {
								"north": {"uv": [72.1, 167.1], "uv_size": [17.8, 3.8]},
								"east": {"uv": [15.1, 148.1], "uv_size": [2.8, 3.8]},
								"south": {"uv": [90.1, 167.1], "uv_size": [17.8, 3.8]},
								"west": {"uv": [95.1, 189.1], "uv_size": [2.8, 3.8]},
								"up": {"uv": [141.1, 178.1], "uv_size": [17.8, 2.8]},
								"down": {"uv": [159.1, 180.9], "uv_size": [17.8, -2.8]}
							}
						},
						{
							"origin": [-0.56453, -0.27178, 1.26056],
							"size": [1.6913, 0.36692, 0.32437],
							"pivot": [0.17037, 1.10046, 2.76718],
							"rotation": [0, -90, -22.5],
							"uv": {
								"north": {"uv": [108.1, 167.1], "uv_size": [17.8, 3.8]},
								"east": {"uv": [98.1, 189.1], "uv_size": [2.8, 3.8]},
								"south": {"uv": [126.1, 167.1], "uv_size": [17.8, 3.8]},
								"west": {"uv": [101.1, 189.1], "uv_size": [2.8, 3.8]},
								"up": {"uv": [54.1, 179.1], "uv_size": [17.8, 2.8]},
								"down": {"uv": [72.1, 181.9], "uv_size": [17.8, -2.8]}
							}
						},
						{
							"origin": [-0.56453, 2.1058, 1.26056],
							"size": [1.6913, 0.36692, 0.32437],
							"pivot": [0.17037, 1.10046, 2.76718],
							"rotation": [0, -90, 22.5],
							"uv": {
								"north": {"uv": [144.1, 167.1], "uv_size": [17.8, 3.8]},
								"east": {"uv": [189.1, 130.1], "uv_size": [2.8, 3.8]},
								"south": {"uv": [162.1, 167.1], "uv_size": [17.8, 3.8]},
								"west": {"uv": [189.1, 134.1], "uv_size": [2.8, 3.8]},
								"up": {"uv": [0.1, 180.1], "uv_size": [17.8, 2.8]},
								"down": {"uv": [18.1, 182.9], "uv_size": [17.8, -2.8]}
							}
						},
						{
							"origin": [-0.56453, 1.54892, 1.14979],
							"size": [1.69698, 0.36692, 0.32437],
							"pivot": [0.17037, 1.10046, 2.76718],
							"rotation": [0, -90, 0],
							"uv": {
								"north": {"uv": [168.1, 8.1], "uv_size": [17.8, 3.8]},
								"east": {"uv": [189.1, 138.1], "uv_size": [2.8, 3.8]},
								"south": {"uv": [168.1, 47.1], "uv_size": [17.8, 3.8]},
								"west": {"uv": [190.1, 6.1], "uv_size": [2.8, 3.8]},
								"up": {"uv": [36.1, 180.1], "uv_size": [17.8, 2.8]},
								"down": {"uv": [180.1, 75.9], "uv_size": [17.8, -2.8]}
							}
						},
						{
							"origin": [-0.56453, 0.99204, 1.26056],
							"size": [1.6913, 0.36692, 0.32437],
							"pivot": [0.17037, 1.10046, 2.76718],
							"rotation": [0, -90, -22.5],
							"uv": {
								"north": {"uv": [168.1, 51.1], "uv_size": [17.8, 3.8]},
								"east": {"uv": [190.1, 47.1], "uv_size": [2.8, 3.8]},
								"south": {"uv": [54.1, 168.1], "uv_size": [17.8, 3.8]},
								"west": {"uv": [190.1, 64.1], "uv_size": [2.8, 3.8]},
								"up": {"uv": [180.1, 76.1], "uv_size": [17.8, 2.8]},
								"down": {"uv": [180.1, 81.9], "uv_size": [17.8, -2.8]}
							}
						},
						{
							"origin": [1.64694, 0.4541, 0.30723],
							"size": [1.93089, 1.81484, 3.06671],
							"pivot": [1.76052, 1.13436, 0.08007],
							"rotation": [0, -90, 0],
							"uv": {
								"north": {"uv": [42.1, 0.1], "uv_size": [20.8, 18.8]},
								"east": {"uv": [0.1, 33.1], "uv_size": [32.8, 18.8]},
								"south": {"uv": [0.1, 52.1], "uv_size": [20.8, 18.8]},
								"west": {"uv": [33.1, 33.1], "uv_size": [32.8, 18.8]},
								"up": {"uv": [0.1, 0.1], "uv_size": [20.8, 32.8]},
								"down": {"uv": [21.1, 32.9], "uv_size": [20.8, -32.8]}
							}
						},
						{
							"origin": [2.10127, 0.37904, -4.17802],
							"size": [0.11358, 1.51064, 1.70126],
							"pivot": [1.76052, 1.13436, -3.32739],
							"rotation": [0, -90, 0],
							"uv": {
								"north": {"uv": [53.1, 188.1], "uv_size": [0.8, 15.8]},
								"east": {"uv": [21.1, 52.1], "uv_size": [17.8, 15.8]},
								"south": {"uv": [94.1, 189.1], "uv_size": [0.8, 15.8]},
								"west": {"uv": [39.1, 52.1], "uv_size": [17.8, 15.8]},
								"up": {"uv": [51.1, 188.1], "uv_size": [0.8, 17.8]},
								"down": {"uv": [52.1, 205.9], "uv_size": [0.8, -17.8]}
							}
						},
						{
							"origin": [-0.67812, 0.64026, 3.71944],
							"size": [0.10683, 0.93483, 1.00587],
							"pivot": [0.17037, 1.10046, 2.76718],
							"rotation": [0, 90, 0],
							"uv": {
								"north": {"uv": [190.1, 104.1], "uv_size": [0.8, 9.8]},
								"east": {"uv": [96.1, 135.1], "uv_size": [10.8, 9.8]},
								"south": {"uv": [190.1, 148.1], "uv_size": [0.8, 9.8]},
								"west": {"uv": [107.1, 135.1], "uv_size": [10.8, 9.8]},
								"up": {"uv": [190.1, 82.1], "uv_size": [0.8, 10.8]},
								"down": {"uv": [190.1, 103.9], "uv_size": [0.8, -10.8]}
							}
						},
						{
							"origin": [-1.13245, 1.96726, 0.92283],
							"size": [1.69698, 0.32437, 0.36692],
							"pivot": [-0.17037, 1.10046, 2.76718],
							"rotation": [0, 90, -45],
							"uv": {
								"north": {"uv": [185.9, 67.1], "uv_size": [-17.8, 2.8]},
								"east": {"uv": [81.9, 147.1], "uv_size": [-3.8, 2.8]},
								"south": {"uv": [191.9, 44.1], "uv_size": [-17.8, 2.8]},
								"west": {"uv": [93.9, 142.1], "uv_size": [-3.8, 2.8]},
								"up": {"uv": [179.9, 78.1], "uv_size": [-17.8, 3.8]},
								"down": {"uv": [179.9, 85.9], "uv_size": [-17.8, -3.8]}
							}
						},
						{
							"origin": [-1.12677, 1.49516, 0.60738],
							"size": [1.6913, 0.32437, 0.36692],
							"pivot": [-0.17037, 1.10046, 2.76718],
							"rotation": [0, 90, -22.5],
							"uv": {
								"north": {"uv": [122.9, 175.1], "uv_size": [-17.8, 2.8]},
								"east": {"uv": [89.9, 147.1], "uv_size": [-3.8, 2.8]},
								"south": {"uv": [140.9, 175.1], "uv_size": [-17.8, 2.8]},
								"west": {"uv": [85.9, 147.1], "uv_size": [-3.8, 2.8]},
								"up": {"uv": [179.9, 86.1], "uv_size": [-17.8, 3.8]},
								"down": {"uv": [179.9, 93.9], "uv_size": [-17.8, -3.8]}
							}
						},
						{
							"origin": [-1.13244, 0.93828, 0.49661],
							"size": [1.69698, 0.32437, 0.36692],
							"pivot": [-0.17037, 1.10046, 2.76718],
							"rotation": [0, 90, 0],
							"uv": {
								"north": {"uv": [158.9, 175.1], "uv_size": [-17.8, 2.8]},
								"east": {"uv": [72.9, 157.1], "uv_size": [-3.8, 2.8]},
								"south": {"uv": [176.9, 175.1], "uv_size": [-17.8, 2.8]},
								"west": {"uv": [159.9, 47.1], "uv_size": [-3.8, 2.8]},
								"up": {"uv": [179.9, 94.1], "uv_size": [-17.8, 3.8]},
								"down": {"uv": [179.9, 101.9], "uv_size": [-17.8, -3.8]}
							}
						},
						{
							"origin": [-1.12677, 0.3814, 0.60738],
							"size": [1.6913, 0.32437, 0.36692],
							"pivot": [-0.17037, 1.10046, 2.76718],
							"rotation": [0, 90, 22.5],
							"uv": {
								"north": {"uv": [17.9, 177.1], "uv_size": [-17.8, 2.8]},
								"east": {"uv": [7.9, 158.1], "uv_size": [-3.8, 2.8]},
								"south": {"uv": [194.9, 0.1], "uv_size": [-17.8, 2.8]},
								"west": {"uv": [3.9, 158.1], "uv_size": [-3.8, 2.8]},
								"up": {"uv": [179.9, 102.1], "uv_size": [-17.8, 3.8]},
								"down": {"uv": [179.9, 109.9], "uv_size": [-17.8, -3.8]}
							}
						},
						{
							"origin": [-1.13245, -0.0907, 0.92283],
							"size": [1.69698, 0.32437, 0.36692],
							"pivot": [-0.17037, 1.10046, 2.76718],
							"rotation": [0, 90, 45],
							"uv": {
								"north": {"uv": [194.9, 3.1], "uv_size": [-17.8, 2.8]},
								"east": {"uv": [162.9, 132.1], "uv_size": [-3.8, 2.8]},
								"south": {"uv": [35.9, 177.1], "uv_size": [-17.8, 2.8]},
								"west": {"uv": [11.9, 158.1], "uv_size": [-3.8, 2.8]},
								"up": {"uv": [179.9, 110.1], "uv_size": [-17.8, 3.8]},
								"down": {"uv": [179.9, 117.9], "uv_size": [-17.8, -3.8]}
							}
						},
						{
							"origin": [-1.13245, 1.96726, 2.18665],
							"size": [1.69698, 0.32437, 0.36692],
							"pivot": [-0.17037, 1.10046, 2.76718],
							"rotation": [0, 90, -45],
							"uv": {
								"north": {"uv": [53.9, 177.1], "uv_size": [-17.8, 2.8]},
								"east": {"uv": [57.9, 161.1], "uv_size": [-3.8, 2.8]},
								"south": {"uv": [194.9, 70.1], "uv_size": [-17.8, 2.8]},
								"west": {"uv": [163.9, 47.1], "uv_size": [-3.8, 2.8]},
								"up": {"uv": [179.9, 155.1], "uv_size": [-17.8, 3.8]},
								"down": {"uv": [179.9, 162.9], "uv_size": [-17.8, -3.8]}
							}
						},
						{
							"origin": [-1.12677, 1.49516, 1.8712],
							"size": [1.6913, 0.32437, 0.36692],
							"pivot": [-0.17037, 1.10046, 2.76718],
							"rotation": [0, 90, -22.5],
							"uv": {
								"north": {"uv": [194.9, 118.1], "uv_size": [-17.8, 2.8]},
								"east": {"uv": [65.9, 161.1], "uv_size": [-3.8, 2.8]},
								"south": {"uv": [194.9, 121.1], "uv_size": [-17.8, 2.8]},
								"west": {"uv": [61.9, 161.1], "uv_size": [-3.8, 2.8]},
								"up": {"uv": [104.9, 163.1], "uv_size": [-17.8, 3.8]},
								"down": {"uv": [122.9, 166.9], "uv_size": [-17.8, -3.8]}
							}
						},
						{
							"origin": [-1.13244, 0.93828, 1.76043],
							"size": [1.69698, 0.32437, 0.36692],
							"pivot": [-0.17037, 1.10046, 2.76718],
							"rotation": [0, 90, 0],
							"uv": {
								"north": {"uv": [194.9, 124.1], "uv_size": [-17.8, 2.8]},
								"east": {"uv": [167.9, 47.1], "uv_size": [-3.8, 2.8]},
								"south": {"uv": [194.9, 127.1], "uv_size": [-17.8, 2.8]},
								"west": {"uv": [166.9, 132.1], "uv_size": [-3.8, 2.8]},
								"up": {"uv": [140.9, 163.1], "uv_size": [-17.8, 3.8]},
								"down": {"uv": [158.9, 166.9], "uv_size": [-17.8, -3.8]}
							}
						},
						{
							"origin": [-1.12677, 0.3814, 1.8712],
							"size": [1.6913, 0.32437, 0.36692],
							"pivot": [-0.17037, 1.10046, 2.76718],
							"rotation": [0, 90, 22.5],
							"uv": {
								"north": {"uv": [194.9, 163.1], "uv_size": [-17.8, 2.8]},
								"east": {"uv": [79.9, 164.1], "uv_size": [-3.8, 2.8]},
								"south": {"uv": [194.9, 171.1], "uv_size": [-17.8, 2.8]},
								"west": {"uv": [75.9, 164.1], "uv_size": [-3.8, 2.8]},
								"up": {"uv": [176.9, 163.1], "uv_size": [-17.8, 3.8]},
								"down": {"uv": [71.9, 167.9], "uv_size": [-17.8, -3.8]}
							}
						},
						{
							"origin": [-1.13245, -0.0907, 2.18665],
							"size": [1.69698, 0.32437, 0.36692],
							"pivot": [-0.17037, 1.10046, 2.76718],
							"rotation": [0, 90, 45],
							"uv": {
								"north": {"uv": [194.9, 174.1], "uv_size": [-17.8, 2.8]},
								"east": {"uv": [171.9, 12.1], "uv_size": [-3.8, 2.8]},
								"south": {"uv": [194.9, 177.1], "uv_size": [-17.8, 2.8]},
								"west": {"uv": [83.9, 164.1], "uv_size": [-3.8, 2.8]},
								"up": {"uv": [17.9, 165.1], "uv_size": [-17.8, 3.8]},
								"down": {"uv": [35.9, 168.9], "uv_size": [-17.8, -3.8]}
							}
						},
						{
							"origin": [-1.12677, 0.84198, 1.26056],
							"size": [1.6913, 0.36692, 0.32437],
							"pivot": [-0.17037, 1.10046, 2.76718],
							"rotation": [0, 90, -22.5],
							"uv": {
								"north": {"uv": [53.9, 165.1], "uv_size": [-17.8, 3.8]},
								"east": {"uv": [44.9, 73.1], "uv_size": [-2.8, 3.8]},
								"south": {"uv": [182.9, 145.1], "uv_size": [-17.8, 3.8]},
								"west": {"uv": [65.9, 15.1], "uv_size": [-2.8, 3.8]},
								"up": {"uv": [122.9, 178.1], "uv_size": [-17.8, 2.8]},
								"down": {"uv": [140.9, 180.9], "uv_size": [-17.8, -2.8]}
							}
						},
						{
							"origin": [-1.13244, 0.2851, 1.14979],
							"size": [1.69698, 0.36692, 0.32437],
							"pivot": [-0.17037, 1.10046, 2.76718],
							"rotation": [0, 90, 0],
							"uv": {
								"north": {"uv": [89.9, 167.1], "uv_size": [-17.8, 3.8]},
								"east": {"uv": [97.9, 189.1], "uv_size": [-2.8, 3.8]},
								"south": {"uv": [107.9, 167.1], "uv_size": [-17.8, 3.8]},
								"west": {"uv": [17.9, 148.1], "uv_size": [-2.8, 3.8]},
								"up": {"uv": [158.9, 178.1], "uv_size": [-17.8, 2.8]},
								"down": {"uv": [176.9, 180.9], "uv_size": [-17.8, -2.8]}
							}
						},
						{
							"origin": [-1.12677, -0.27178, 1.26056],
							"size": [1.6913, 0.36692, 0.32437],
							"pivot": [-0.17037, 1.10046, 2.76718],
							"rotation": [0, 90, 22.5],
							"uv": {
								"north": {"uv": [125.9, 167.1], "uv_size": [-17.8, 3.8]},
								"east": {"uv": [103.9, 189.1], "uv_size": [-2.8, 3.8]},
								"south": {"uv": [143.9, 167.1], "uv_size": [-17.8, 3.8]},
								"west": {"uv": [100.9, 189.1], "uv_size": [-2.8, 3.8]},
								"up": {"uv": [71.9, 179.1], "uv_size": [-17.8, 2.8]},
								"down": {"uv": [89.9, 181.9], "uv_size": [-17.8, -2.8]}
							}
						},
						{
							"origin": [-1.12677, 2.1058, 1.26056],
							"size": [1.6913, 0.36692, 0.32437],
							"pivot": [-0.17037, 1.10046, 2.76718],
							"rotation": [0, 90, -22.5],
							"uv": {
								"north": {"uv": [161.9, 167.1], "uv_size": [-17.8, 3.8]},
								"east": {"uv": [191.9, 134.1], "uv_size": [-2.8, 3.8]},
								"south": {"uv": [179.9, 167.1], "uv_size": [-17.8, 3.8]},
								"west": {"uv": [191.9, 130.1], "uv_size": [-2.8, 3.8]},
								"up": {"uv": [17.9, 180.1], "uv_size": [-17.8, 2.8]},
								"down": {"uv": [35.9, 182.9], "uv_size": [-17.8, -2.8]}
							}
						},
						{
							"origin": [-1.13244, 1.54892, 1.14979],
							"size": [1.69698, 0.36692, 0.32437],
							"pivot": [-0.17037, 1.10046, 2.76718],
							"rotation": [0, 90, 0],
							"uv": {
								"north": {"uv": [185.9, 8.1], "uv_size": [-17.8, 3.8]},
								"east": {"uv": [192.9, 6.1], "uv_size": [-2.8, 3.8]},
								"south": {"uv": [185.9, 47.1], "uv_size": [-17.8, 3.8]},
								"west": {"uv": [191.9, 138.1], "uv_size": [-2.8, 3.8]},
								"up": {"uv": [53.9, 180.1], "uv_size": [-17.8, 2.8]},
								"down": {"uv": [197.9, 75.9], "uv_size": [-17.8, -2.8]}
							}
						},
						{
							"origin": [-1.12677, 0.99204, 1.26056],
							"size": [1.6913, 0.36692, 0.32437],
							"pivot": [-0.17037, 1.10046, 2.76718],
							"rotation": [0, 90, 22.5],
							"uv": {
								"north": {"uv": [185.9, 51.1], "uv_size": [-17.8, 3.8]},
								"east": {"uv": [192.9, 64.1], "uv_size": [-2.8, 3.8]},
								"south": {"uv": [71.9, 168.1], "uv_size": [-17.8, 3.8]},
								"west": {"uv": [192.9, 47.1], "uv_size": [-2.8, 3.8]},
								"up": {"uv": [197.9, 76.1], "uv_size": [-17.8, 2.8]},
								"down": {"uv": [197.9, 81.9], "uv_size": [-17.8, -2.8]}
							}
						},
						{
							"origin": [0.57129, 0.64026, 3.71944],
							"size": [0.10683, 0.93483, 1.00587],
							"pivot": [-0.17037, 1.10046, 2.76718],
							"rotation": [0, -90, 0],
							"uv": {
								"north": {"uv": [190.9, 104.1], "uv_size": [-0.8, 9.8]},
								"east": {"uv": [117.9, 135.1], "uv_size": [-10.8, 9.8]},
								"south": {"uv": [190.9, 148.1], "uv_size": [-0.8, 9.8]},
								"west": {"uv": [106.9, 135.1], "uv_size": [-10.8, 9.8]},
								"up": {"uv": [190.9, 82.1], "uv_size": [-0.8, 10.8]},
								"down": {"uv": [190.9, 103.9], "uv_size": [-0.8, -10.8]}
							}
						},
						{
							"origin": [-3.52104, 0.90843, -4.46321],
							"size": [1.70373, 0.45186, 0.39754],
							"pivot": [-1.76052, 1.13436, -3.32739],
							"rotation": [0, 90, -45],
							"uv": {
								"north": {"uv": [152.9, 10.1], "uv_size": [-17.8, 4.8]},
								"east": {"uv": [178.9, 185.1], "uv_size": [-3.8, 4.8]},
								"south": {"uv": [135.9, 135.1], "uv_size": [-17.8, 4.8]},
								"west": {"uv": [53.9, 183.1], "uv_size": [-3.8, 4.8]},
								"up": {"uv": [59.9, 29.1], "uv_size": [-17.8, 3.8]},
								"down": {"uv": [41.9, 76.9], "uv_size": [-17.8, -3.8]}
							}
						},
						{
							"origin": [-3.51536, 0.90843, -4.46321],
							"size": [1.69237, 0.45186, 0.39754],
							"pivot": [-1.76052, 1.13436, -3.32739],
							"rotation": [0, 90, -22.5],
							"uv": {
								"north": {"uv": [153.9, 135.1], "uv_size": [-17.8, 4.8]},
								"east": {"uv": [186.9, 185.1], "uv_size": [-3.8, 4.8]},
								"south": {"uv": [41.9, 137.1], "uv_size": [-17.8, 4.8]},
								"west": {"uv": [182.9, 185.1], "uv_size": [-3.8, 4.8]},
								"up": {"uv": [107.9, 155.1], "uv_size": [-17.8, 3.8]},
								"down": {"uv": [125.9, 158.9], "uv_size": [-17.8, -3.8]}
							}
						},
						{
							"origin": [-3.52104, 0.90843, -4.46321],
							"size": [1.70373, 0.45186, 0.39754],
							"pivot": [-1.76052, 1.13436, -3.32739],
							"rotation": [0, 90, 0],
							"uv": {
								"north": {"uv": [59.9, 137.1], "uv_size": [-17.8, 4.8]},
								"east": {"uv": [189.9, 47.1], "uv_size": [-3.8, 4.8]},
								"south": {"uv": [77.9, 137.1], "uv_size": [-17.8, 4.8]},
								"west": {"uv": [189.9, 6.1], "uv_size": [-3.8, 4.8]},
								"up": {"uv": [143.9, 155.1], "uv_size": [-17.8, 3.8]},
								"down": {"uv": [161.9, 158.9], "uv_size": [-17.8, -3.8]}
							}
						},
						{
							"origin": [-3.51536, 0.90843, -4.46321],
							"size": [1.69237, 0.45186, 0.39754],
							"pivot": [-1.76052, 1.13436, -3.32739],
							"rotation": [0, 90, 22.5],
							"uv": {
								"north": {"uv": [95.9, 137.1], "uv_size": [-17.8, 4.8]},
								"east": {"uv": [107.9, 186.1], "uv_size": [-3.8, 4.8]},
								"south": {"uv": [17.9, 138.1], "uv_size": [-17.8, 4.8]},
								"west": {"uv": [189.9, 65.1], "uv_size": [-3.8, 4.8]},
								"up": {"uv": [173.9, 15.1], "uv_size": [-17.8, 3.8]},
								"down": {"uv": [173.9, 22.9], "uv_size": [-17.8, -3.8]}
							}
						},
						{
							"origin": [-3.52104, 0.90843, -4.46321],
							"size": [1.70373, 0.45186, 0.39754],
							"pivot": [-1.76052, 1.13436, -3.32739],
							"rotation": [0, 90, 45],
							"uv": {
								"north": {"uv": [155.9, 15.1], "uv_size": [-17.8, 4.8]},
								"east": {"uv": [115.9, 186.1], "uv_size": [-3.8, 4.8]},
								"south": {"uv": [155.9, 20.1], "uv_size": [-17.8, 4.8]},
								"west": {"uv": [111.9, 186.1], "uv_size": [-3.8, 4.8]},
								"up": {"uv": [173.9, 23.1], "uv_size": [-17.8, 3.8]},
								"down": {"uv": [173.9, 30.9], "uv_size": [-17.8, -3.8]}
							}
						},
						{
							"origin": [-3.52104, 0.90843, -2.58911],
							"size": [1.70373, 0.45186, 0.39754],
							"pivot": [-1.76052, 1.13436, -3.32739],
							"rotation": [0, 90, -45],
							"uv": {
								"north": {"uv": [155.9, 25.1], "uv_size": [-17.8, 4.8]},
								"east": {"uv": [123.9, 186.1], "uv_size": [-3.8, 4.8]},
								"south": {"uv": [155.9, 30.1], "uv_size": [-17.8, 4.8]},
								"west": {"uv": [119.9, 186.1], "uv_size": [-3.8, 4.8]},
								"up": {"uv": [173.9, 31.1], "uv_size": [-17.8, 3.8]},
								"down": {"uv": [173.9, 38.9], "uv_size": [-17.8, -3.8]}
							}
						},
						{
							"origin": [-3.51536, 0.90843, -2.58911],
							"size": [1.69237, 0.45186, 0.39754],
							"pivot": [-1.76052, 1.13436, -3.32739],
							"rotation": [0, 90, -22.5],
							"uv": {
								"north": {"uv": [155.9, 35.1], "uv_size": [-17.8, 4.8]},
								"east": {"uv": [131.9, 186.1], "uv_size": [-3.8, 4.8]},
								"south": {"uv": [155.9, 40.1], "uv_size": [-17.8, 4.8]},
								"west": {"uv": [127.9, 186.1], "uv_size": [-3.8, 4.8]},
								"up": {"uv": [173.9, 39.1], "uv_size": [-17.8, 3.8]},
								"down": {"uv": [173.9, 46.9], "uv_size": [-17.8, -3.8]}
							}
						},
						{
							"origin": [-3.52104, 0.90843, -2.58911],
							"size": [1.70373, 0.45186, 0.39754],
							"pivot": [-1.76052, 1.13436, -3.32739],
							"rotation": [0, 90, 0],
							"uv": {
								"north": {"uv": [155.9, 45.1], "uv_size": [-17.8, 4.8]},
								"east": {"uv": [139.9, 186.1], "uv_size": [-3.8, 4.8]},
								"south": {"uv": [135.9, 140.1], "uv_size": [-17.8, 4.8]},
								"west": {"uv": [135.9, 186.1], "uv_size": [-3.8, 4.8]},
								"up": {"uv": [32.9, 157.1], "uv_size": [-17.8, 3.8]},
								"down": {"uv": [50.9, 160.9], "uv_size": [-17.8, -3.8]}
							}
						},
						{
							"origin": [-3.51536, 0.90843, -2.58911],
							"size": [1.69237, 0.45186, 0.39754],
							"pivot": [-1.76052, 1.13436, -3.32739],
							"rotation": [0, 90, 22.5],
							"uv": {
								"north": {"uv": [153.9, 140.1], "uv_size": [-17.8, 4.8]},
								"east": {"uv": [147.9, 186.1], "uv_size": [-3.8, 4.8]},
								"south": {"uv": [158.9, 70.1], "uv_size": [-17.8, 4.8]},
								"west": {"uv": [143.9, 186.1], "uv_size": [-3.8, 4.8]},
								"up": {"uv": [68.9, 157.1], "uv_size": [-17.8, 3.8]},
								"down": {"uv": [176.9, 3.9], "uv_size": [-17.8, -3.8]}
							}
						},
						{
							"origin": [-3.52104, 0.90843, -2.58911],
							"size": [1.70373, 0.45186, 0.39754],
							"pivot": [-1.76052, 1.13436, -3.32739],
							"rotation": [0, 90, 45],
							"uv": {
								"north": {"uv": [35.9, 142.1], "uv_size": [-17.8, 4.8]},
								"east": {"uv": [155.9, 186.1], "uv_size": [-3.8, 4.8]},
								"south": {"uv": [53.9, 142.1], "uv_size": [-17.8, 4.8]},
								"west": {"uv": [151.9, 186.1], "uv_size": [-3.8, 4.8]},
								"up": {"uv": [176.9, 4.1], "uv_size": [-17.8, 3.8]},
								"down": {"uv": [176.9, 73.9], "uv_size": [-17.8, -3.8]}
							}
						},
						{
							"origin": [-3.51536, -0.00146, -3.55332],
							"size": [1.69237, 0.39754, 0.45186],
							"pivot": [-1.76052, 1.13436, -3.32739],
							"rotation": [0, 90, -22.5],
							"uv": {
								"north": {"uv": [107.9, 159.1], "uv_size": [-17.8, 3.8]},
								"east": {"uv": [49.9, 68.1], "uv_size": [-4.8, 3.8]},
								"south": {"uv": [125.9, 159.1], "uv_size": [-17.8, 3.8]},
								"west": {"uv": [64.9, 29.1], "uv_size": [-4.8, 3.8]},
								"up": {"uv": [71.9, 142.1], "uv_size": [-17.8, 4.8]},
								"down": {"uv": [89.9, 146.9], "uv_size": [-17.8, -4.8]}
							}
						},
						{
							"origin": [-3.52104, -0.00146, -3.55332],
							"size": [1.70373, 0.39754, 0.45186],
							"pivot": [-1.76052, 1.13436, -3.32739],
							"rotation": [0, 90, 0],
							"uv": {
								"north": {"uv": [176.9, 120.1], "uv_size": [-17.8, 3.8]},
								"east": {"uv": [22.9, 138.1], "uv_size": [-4.8, 3.8]},
								"south": {"uv": [176.9, 124.1], "uv_size": [-17.8, 3.8]},
								"west": {"uv": [54.9, 68.1], "uv_size": [-4.8, 3.8]},
								"up": {"uv": [17.9, 143.1], "uv_size": [-17.8, 4.8]},
								"down": {"uv": [161.9, 79.9], "uv_size": [-17.8, -4.8]}
							}
						},
						{
							"origin": [-3.51536, -0.00146, -3.55332],
							"size": [1.69237, 0.39754, 0.45186],
							"pivot": [-1.76052, 1.13436, -3.32739],
							"rotation": [0, 90, 22.5],
							"uv": {
								"north": {"uv": [143.9, 159.1], "uv_size": [-17.8, 3.8]},
								"east": {"uv": [189.9, 159.1], "uv_size": [-4.8, 3.8]},
								"south": {"uv": [176.9, 128.1], "uv_size": [-17.8, 3.8]},
								"west": {"uv": [188.9, 140.1], "uv_size": [-4.8, 3.8]},
								"up": {"uv": [161.9, 80.1], "uv_size": [-17.8, 4.8]},
								"down": {"uv": [161.9, 89.9], "uv_size": [-17.8, -4.8]}
							}
						},
						{
							"origin": [-3.51536, 1.87264, -3.55332],
							"size": [1.69237, 0.39754, 0.45186],
							"pivot": [-1.76052, 1.13436, -3.32739],
							"rotation": [0, 90, -22.5],
							"uv": {
								"north": {"uv": [161.9, 159.1], "uv_size": [-17.8, 3.8]},
								"east": {"uv": [165.9, 186.1], "uv_size": [-4.8, 3.8]},
								"south": {"uv": [86.9, 160.1], "uv_size": [-17.8, 3.8]},
								"west": {"uv": [160.9, 186.1], "uv_size": [-4.8, 3.8]},
								"up": {"uv": [161.9, 90.1], "uv_size": [-17.8, 4.8]},
								"down": {"uv": [161.9, 99.9], "uv_size": [-17.8, -4.8]}
							}
						},
						{
							"origin": [-3.52104, 1.87264, -3.55332],
							"size": [1.70373, 0.39754, 0.45186],
							"pivot": [-1.76052, 1.13436, -3.32739],
							"rotation": [0, 90, 0],
							"uv": {
								"north": {"uv": [17.9, 161.1], "uv_size": [-17.8, 3.8]},
								"east": {"uv": [58.9, 187.1], "uv_size": [-4.8, 3.8]},
								"south": {"uv": [35.9, 161.1], "uv_size": [-17.8, 3.8]},
								"west": {"uv": [170.9, 186.1], "uv_size": [-4.8, 3.8]},
								"up": {"uv": [161.9, 100.1], "uv_size": [-17.8, 4.8]},
								"down": {"uv": [161.9, 109.9], "uv_size": [-17.8, -4.8]}
							}
						},
						{
							"origin": [-3.51536, 1.87264, -3.55332],
							"size": [1.69237, 0.39754, 0.45186],
							"pivot": [-1.76052, 1.13436, -3.32739],
							"rotation": [0, 90, 22.5],
							"uv": {
								"north": {"uv": [53.9, 161.1], "uv_size": [-17.8, 3.8]},
								"east": {"uv": [68.9, 187.1], "uv_size": [-4.8, 3.8]},
								"south": {"uv": [179.9, 74.1], "uv_size": [-17.8, 3.8]},
								"west": {"uv": [63.9, 187.1], "uv_size": [-4.8, 3.8]},
								"up": {"uv": [161.9, 110.1], "uv_size": [-17.8, 4.8]},
								"down": {"uv": [161.9, 119.9], "uv_size": [-17.8, -4.8]}
							}
						},
						{
							"origin": [-1.12111, 1.05791, -2.90692],
							"size": [1.37333, 0.44207, 0.39081],
							"pivot": [-0.12494, 1.14073, -1.20716],
							"rotation": [0, 90, 22.5],
							"uv": {
								"north": {"uv": [158.9, 120.1], "uv_size": [-14.8, 4.8]},
								"east": {"uv": [72.9, 187.1], "uv_size": [-3.8, 4.8]},
								"south": {"uv": [158.9, 125.1], "uv_size": [-14.8, 4.8]},
								"west": {"uv": [174.9, 186.1], "uv_size": [-3.8, 4.8]},
								"up": {"uv": [182.9, 55.1], "uv_size": [-14.8, 3.8]},
								"down": {"uv": [182.9, 62.9], "uv_size": [-14.8, -3.8]}
							}
						},
						{
							"origin": [-1.12111, 1.68104, -3.03087],
							"size": [1.37333, 0.44207, 0.39081],
							"pivot": [-0.12494, 1.14073, -1.20716],
							"rotation": [0, 90, 0],
							"uv": {
								"north": {"uv": [158.9, 130.1], "uv_size": [-14.8, 4.8]},
								"east": {"uv": [80.9, 187.1], "uv_size": [-3.8, 4.8]},
								"south": {"uv": [104.9, 145.1], "uv_size": [-14.8, 4.8]},
								"west": {"uv": [76.9, 187.1], "uv_size": [-3.8, 4.8]},
								"up": {"uv": [182.9, 63.1], "uv_size": [-14.8, 3.8]},
								"down": {"uv": [182.9, 152.9], "uv_size": [-14.8, -3.8]}
							}
						},
						{
							"origin": [-1.12111, 2.30416, -2.90692],
							"size": [1.37333, 0.44207, 0.39081],
							"pivot": [-0.12494, 1.14073, -1.20716],
							"rotation": [0, 90, -22.5],
							"uv": {
								"north": {"uv": [119.9, 145.1], "uv_size": [-14.8, 4.8]},
								"east": {"uv": [88.9, 187.1], "uv_size": [-3.8, 4.8]},
								"south": {"uv": [134.9, 145.1], "uv_size": [-14.8, 4.8]},
								"west": {"uv": [84.9, 187.1], "uv_size": [-3.8, 4.8]},
								"up": {"uv": [14.9, 169.1], "uv_size": [-14.8, 3.8]},
								"down": {"uv": [29.9, 172.9], "uv_size": [-14.8, -3.8]}
							}
						},
						{
							"origin": [-1.12111, -0.46476, -2.90692],
							"size": [1.37333, 0.44207, 0.39081],
							"pivot": [-0.12494, 1.14073, -1.20716],
							"rotation": [0, 90, 22.5],
							"uv": {
								"north": {"uv": [149.9, 145.1], "uv_size": [-14.8, 4.8]},
								"east": {"uv": [190.9, 185.1], "uv_size": [-3.8, 4.8]},
								"south": {"uv": [32.9, 147.1], "uv_size": [-14.8, 4.8]},
								"west": {"uv": [190.9, 180.1], "uv_size": [-3.8, 4.8]},
								"up": {"uv": [44.9, 169.1], "uv_size": [-14.8, 3.8]},
								"down": {"uv": [183.9, 135.9], "uv_size": [-14.8, -3.8]}
							}
						},
						{
							"origin": [-1.12111, 0.15836, -3.03087],
							"size": [1.37333, 0.44207, 0.39081],
							"pivot": [-0.12494, 1.14073, -1.20716],
							"rotation": [0, 90, 0],
							"uv": {
								"north": {"uv": [47.9, 147.1], "uv_size": [-14.8, 4.8]},
								"east": {"uv": [7.9, 188.1], "uv_size": [-3.8, 4.8]},
								"south": {"uv": [62.9, 147.1], "uv_size": [-14.8, 4.8]},
								"west": {"uv": [3.9, 188.1], "uv_size": [-3.8, 4.8]},
								"up": {"uv": [183.9, 136.1], "uv_size": [-14.8, 3.8]},
								"down": {"uv": [183.9, 143.9], "uv_size": [-14.8, -3.8]}
							}
						},
						{
							"origin": [-1.12111, 0.78149, -2.90692],
							"size": [1.37333, 0.44207, 0.39081],
							"pivot": [-0.12494, 1.14073, -1.20716],
							"rotation": [0, 90, -22.5],
							"uv": {
								"north": {"uv": [77.9, 147.1], "uv_size": [-14.8, 4.8]},
								"east": {"uv": [15.9, 188.1], "uv_size": [-3.8, 4.8]},
								"south": {"uv": [14.9, 148.1], "uv_size": [-14.8, 4.8]},
								"west": {"uv": [11.9, 188.1], "uv_size": [-3.8, 4.8]},
								"up": {"uv": [86.9, 171.1], "uv_size": [-14.8, 3.8]},
								"down": {"uv": [101.9, 174.9], "uv_size": [-14.8, -3.8]}
							}
						},
						{
							"origin": [-1.12111, -0.20606, -1.81824],
							"size": [1.37333, 0.39081, 0.44207],
							"pivot": [-0.12494, 1.14073, -1.20716],
							"rotation": [0, 90, 45],
							"uv": {
								"north": {"uv": [116.9, 171.1], "uv_size": [-14.8, 3.8]},
								"east": {"uv": [25.9, 188.1], "uv_size": [-4.8, 3.8]},
								"south": {"uv": [131.9, 171.1], "uv_size": [-14.8, 3.8]},
								"west": {"uv": [20.9, 188.1], "uv_size": [-4.8, 3.8]},
								"up": {"uv": [92.9, 150.1], "uv_size": [-14.8, 4.8]},
								"down": {"uv": [107.9, 154.9], "uv_size": [-14.8, -4.8]}
							}
						},
						{
							"origin": [-1.12111, 0.3222, -2.17121],
							"size": [1.37333, 0.39081, 0.44207],
							"pivot": [-0.12494, 1.14073, -1.20716],
							"rotation": [0, 90, 22.5],
							"uv": {
								"north": {"uv": [146.9, 171.1], "uv_size": [-14.8, 3.8]},
								"east": {"uv": [35.9, 188.1], "uv_size": [-4.8, 3.8]},
								"south": {"uv": [161.9, 171.1], "uv_size": [-14.8, 3.8]},
								"west": {"uv": [30.9, 188.1], "uv_size": [-4.8, 3.8]},
								"up": {"uv": [122.9, 150.1], "uv_size": [-14.8, 4.8]},
								"down": {"uv": [137.9, 154.9], "uv_size": [-14.8, -4.8]}
							}
						},
						{
							"origin": [-1.12111, 0.94533, -2.29516],
							"size": [1.37333, 0.39081, 0.44207],
							"pivot": [-0.12494, 1.14073, -1.20716],
							"rotation": [0, 90, 0],
							"uv": {
								"north": {"uv": [176.9, 171.1], "uv_size": [-14.8, 3.8]},
								"east": {"uv": [45.9, 188.1], "uv_size": [-4.8, 3.8]},
								"south": {"uv": [59.9, 172.1], "uv_size": [-14.8, 3.8]},
								"west": {"uv": [40.9, 188.1], "uv_size": [-4.8, 3.8]},
								"up": {"uv": [152.9, 150.1], "uv_size": [-14.8, 4.8]},
								"down": {"uv": [164.9, 149.9], "uv_size": [-14.8, -4.8]}
							}
						},
						{
							"origin": [-1.12111, 1.56845, -2.17121],
							"size": [1.37333, 0.39081, 0.44207],
							"pivot": [-0.12494, 1.14073, -1.20716],
							"rotation": [0, 90, -22.5],
							"uv": {
								"north": {"uv": [14.9, 173.1], "uv_size": [-14.8, 3.8]},
								"east": {"uv": [192.9, 52.1], "uv_size": [-4.8, 3.8]},
								"south": {"uv": [29.9, 173.1], "uv_size": [-14.8, 3.8]},
								"west": {"uv": [50.9, 188.1], "uv_size": [-4.8, 3.8]},
								"up": {"uv": [29.9, 152.1], "uv_size": [-14.8, 4.8]},
								"down": {"uv": [44.9, 156.9], "uv_size": [-14.8, -4.8]}
							}
						},
						{
							"origin": [-1.12111, 2.09672, -1.81824],
							"size": [1.37333, 0.39081, 0.44207],
							"pivot": [-0.12494, 1.14073, -1.20716],
							"rotation": [0, 90, -45],
							"uv": {
								"north": {"uv": [44.9, 173.1], "uv_size": [-14.8, 3.8]},
								"east": {"uv": [192.9, 60.1], "uv_size": [-4.8, 3.8]},
								"south": {"uv": [188.9, 12.1], "uv_size": [-14.8, 3.8]},
								"west": {"uv": [192.9, 56.1], "uv_size": [-4.8, 3.8]},
								"up": {"uv": [59.9, 152.1], "uv_size": [-14.8, 4.8]},
								"down": {"uv": [74.9, 156.9], "uv_size": [-14.8, -4.8]}
							}
						},
						{
							"origin": [-1.12111, -0.20606, -3.34091],
							"size": [1.37333, 0.39081, 0.44207],
							"pivot": [-0.12494, 1.14073, -1.20716],
							"rotation": [0, 90, 45],
							"uv": {
								"north": {"uv": [188.9, 16.1], "uv_size": [-14.8, 3.8]},
								"east": {"uv": [193.9, 11.1], "uv_size": [-4.8, 3.8]},
								"south": {"uv": [188.9, 20.1], "uv_size": [-14.8, 3.8]},
								"west": {"uv": [192.9, 144.1], "uv_size": [-4.8, 3.8]},
								"up": {"uv": [14.9, 153.1], "uv_size": [-14.8, 4.8]},
								"down": {"uv": [167.9, 14.9], "uv_size": [-14.8, -4.8]}
							}
						},
						{
							"origin": [-1.12111, 0.3222, -3.69389],
							"size": [1.37333, 0.39081, 0.44207],
							"pivot": [-0.12494, 1.14073, -1.20716],
							"rotation": [0, 90, 22.5],
							"uv": {
								"north": {"uv": [188.9, 24.1], "uv_size": [-14.8, 3.8]},
								"east": {"uv": [193.9, 19.1], "uv_size": [-4.8, 3.8]},
								"south": {"uv": [188.9, 28.1], "uv_size": [-14.8, 3.8]},
								"west": {"uv": [193.9, 15.1], "uv_size": [-4.8, 3.8]},
								"up": {"uv": [167.9, 50.1], "uv_size": [-14.8, 4.8]},
								"down": {"uv": [167.9, 59.9], "uv_size": [-14.8, -4.8]}
							}
						},
						{
							"origin": [-1.12111, 0.94533, -3.81783],
							"size": [1.37333, 0.39081, 0.44207],
							"pivot": [-0.12494, 1.14073, -1.20716],
							"rotation": [0, 90, 0],
							"uv": {
								"north": {"uv": [188.9, 32.1], "uv_size": [-14.8, 3.8]},
								"east": {"uv": [193.9, 27.1], "uv_size": [-4.8, 3.8]},
								"south": {"uv": [188.9, 36.1], "uv_size": [-14.8, 3.8]},
								"west": {"uv": [193.9, 23.1], "uv_size": [-4.8, 3.8]},
								"up": {"uv": [167.9, 60.1], "uv_size": [-14.8, 4.8]},
								"down": {"uv": [167.9, 69.9], "uv_size": [-14.8, -4.8]}
							}
						},
						{
							"origin": [-1.12111, 1.56845, -3.69389],
							"size": [1.37333, 0.39081, 0.44207],
							"pivot": [-0.12494, 1.14073, -1.20716],
							"rotation": [0, 90, -22.5],
							"uv": {
								"north": {"uv": [188.9, 40.1], "uv_size": [-14.8, 3.8]},
								"east": {"uv": [193.9, 35.1], "uv_size": [-4.8, 3.8]},
								"south": {"uv": [74.9, 175.1], "uv_size": [-14.8, 3.8]},
								"west": {"uv": [193.9, 31.1], "uv_size": [-4.8, 3.8]},
								"up": {"uv": [167.9, 150.1], "uv_size": [-14.8, 4.8]},
								"down": {"uv": [168.9, 139.9], "uv_size": [-14.8, -4.8]}
							}
						},
						{
							"origin": [-1.12111, 2.09672, -3.34091],
							"size": [1.37333, 0.39081, 0.44207],
							"pivot": [-0.12494, 1.14073, -1.20716],
							"rotation": [0, 90, -45],
							"uv": {
								"north": {"uv": [89.9, 175.1], "uv_size": [-14.8, 3.8]},
								"east": {"uv": [93.9, 189.1], "uv_size": [-4.8, 3.8]},
								"south": {"uv": [104.9, 175.1], "uv_size": [-14.8, 3.8]},
								"west": {"uv": [193.9, 39.1], "uv_size": [-4.8, 3.8]},
								"up": {"uv": [168.9, 140.1], "uv_size": [-14.8, 4.8]},
								"down": {"uv": [89.9, 159.9], "uv_size": [-14.8, -4.8]}
							}
						},
						{
							"origin": [-2.21485, 0.37904, -4.17802],
							"size": [0.11358, 1.51064, 1.70126],
							"pivot": [-1.76052, 1.13436, -3.32739],
							"rotation": [0, 90, 0],
							"uv": {
								"north": {"uv": [53.9, 188.1], "uv_size": [-0.8, 15.8]},
								"east": {"uv": [56.9, 52.1], "uv_size": [-17.8, 15.8]},
								"south": {"uv": [94.9, 189.1], "uv_size": [-0.8, 15.8]},
								"west": {"uv": [38.9, 52.1], "uv_size": [-17.8, 15.8]},
								"up": {"uv": [51.9, 188.1], "uv_size": [-0.8, 17.8]},
								"down": {"uv": [52.9, 205.9], "uv_size": [-0.8, -17.8]}
							}
						}
					]
				}
			]
		}
	]
}