{
	"format_version": "1.16.0",
	"minecraft:geometry": [
		{
			"description": {
				"identifier": "geometry.dds_camping.camping_lantern_item",
				"texture_width": 256,
				"texture_height": 256,
				"visible_bounds_width": 2,
				"visible_bounds_height": 2.5,
				"visible_bounds_offset": [0, 0.75, 0]
			},
			"bones": [
				{
					"name": "root_item",
					"pivot": [0, 0, 0],
					"binding": "q.item_slot_to_bone_name(c.item_slot)"
				},
				{
					"name": "root_z",
					"parent": "root_item",
					"pivot": [0, 1.9071, 0],
					"cubes": [
						{
							"origin": [6.52292, 6.63374, -0.23143],
							"size": [0.37998, 2.24819, 0.46285],
							"pivot": [0, 7.75784, 0],
							"rotation": [0, 0, -90],
							"uv": {
								"north": {"uv": [2.1, 151.1], "uv_size": [1.8, 10.8]},
								"east": {"uv": [4.1, 151.1], "uv_size": [1.8, 10.8]},
								"south": {"uv": [6.1, 151.1], "uv_size": [1.8, 10.8]},
								"west": {"uv": [8.1, 151.1], "uv_size": [1.8, 10.8]},
								"up": {"uv": [117.1, 32.1], "uv_size": [1.8, 1.8]},
								"down": {"uv": [34.1, 118.9], "uv_size": [1.8, -1.8]}
							}
						},
						{
							"origin": [-2.549, 0.90244, -0.40558],
							"size": [0.60163, 1.6149, 0.81116],
							"pivot": [-2.46984, 1.12409, 0],
							"rotation": [0, 0, -76.5],
							"uv": {
								"north": {"uv": [142.1, 110.1], "uv_size": [2.8, 7.8]},
								"east": {"uv": [113.1, 32.1], "uv_size": [3.8, 7.8]},
								"south": {"uv": [147.1, 117.1], "uv_size": [2.8, 7.8]},
								"west": {"uv": [146.1, 16.1], "uv_size": [3.8, 7.8]},
								"up": {"uv": [57.1, 92.1], "uv_size": [2.8, 3.8]},
								"down": {"uv": [113.1, 84.9], "uv_size": [2.8, -3.8]}
							}
						},
						{
							"origin": [-4.36424, 3.67073, -0.8705],
							"size": [5.83359, 4.20312, 1.74099],
							"pivot": [0, 5.77229, 0],
							"rotation": [-45, 0, -90],
							"uv": {
								"north": {"uv": [0.1, 0.1], "uv_size": [26.8, 19.8]},
								"east": {"uv": [113.1, 61.1], "uv_size": [7.8, 19.8]},
								"south": {"uv": [0.1, 20.1], "uv_size": [26.8, 19.8]},
								"west": {"uv": [119.1, 32.1], "uv_size": [7.8, 19.8]},
								"up": {"uv": [107.1, 87.1], "uv_size": [26.8, 7.8]},
								"down": {"uv": [107.1, 102.9], "uv_size": [26.8, -7.8]}
							}
						},
						{
							"origin": [1.94738, 6.66541, -0.40558],
							"size": [0.60163, 1.45657, 0.81116],
							"pivot": [2.46984, 8.05865, 0],
							"rotation": [0, 0, -76.5],
							"uv": {
								"north": {"uv": [151.1, 3.1], "uv_size": [2.8, 6.8]},
								"east": {"uv": [68.1, 146.1], "uv_size": [3.8, 6.8]},
								"south": {"uv": [10.1, 151.1], "uv_size": [2.8, 6.8]},
								"west": {"uv": [146.1, 137.1], "uv_size": [3.8, 6.8]},
								"up": {"uv": [116.1, 81.1], "uv_size": [2.8, 3.8]},
								"down": {"uv": [135.1, 6.9], "uv_size": [2.8, -3.8]}
							}
						},
						{
							"origin": [-3.68101, 7.68659, -0.35808],
							"size": [0.90244, 0.82328, 0.6845],
							"pivot": [-3.22979, 8.17739, 0],
							"rotation": [0, 0, -107.5],
							"uv": {
								"north": {"uv": [48.1, 60.1], "uv_size": [3.8, 3.8]},
								"east": {"uv": [140.1, 26.1], "uv_size": [2.8, 3.8]},
								"south": {"uv": [26.1, 73.1], "uv_size": [3.8, 3.8]},
								"west": {"uv": [147.1, 10.1], "uv_size": [2.8, 3.8]},
								"up": {"uv": [108.1, 8.1], "uv_size": [3.8, 2.8]},
								"down": {"uv": [151.1, 80.9], "uv_size": [3.8, -2.8]}
							}
						},
						{
							"origin": [1.94738, 0.90244, -0.40558],
							"size": [0.60163, 1.6149, 0.81116],
							"pivot": [2.46984, 1.12409, 0],
							"rotation": [0, 0, 76.5],
							"uv": {
								"north": {"uv": [147.1, 125.1], "uv_size": [2.8, 7.8]},
								"east": {"uv": [60.1, 146.1], "uv_size": [3.8, 7.8]},
								"south": {"uv": [126.1, 149.1], "uv_size": [2.8, 7.8]},
								"west": {"uv": [64.1, 146.1], "uv_size": [3.8, 7.8]},
								"up": {"uv": [147.1, 133.1], "uv_size": [2.8, 3.8]},
								"down": {"uv": [151.1, 84.9], "uv_size": [2.8, -3.8]}
							}
						},
						{
							"origin": [-2.549, 6.66541, -0.40558],
							"size": [0.60163, 1.45657, 0.81116],
							"pivot": [-2.46984, 8.05865, 0],
							"rotation": [0, 0, 76.5],
							"uv": {
								"north": {"uv": [13.1, 151.1], "uv_size": [2.8, 6.8]},
								"east": {"uv": [146.1, 144.1], "uv_size": [3.8, 6.8]},
								"south": {"uv": [151.1, 21.1], "uv_size": [2.8, 6.8]},
								"west": {"uv": [147.1, 3.1], "uv_size": [3.8, 6.8]},
								"up": {"uv": [151.1, 85.1], "uv_size": [2.8, 3.8]},
								"down": {"uv": [151.1, 92.9], "uv_size": [2.8, -3.8]}
							}
						},
						{
							"origin": [0.20091, 8.80442, -2.76812],
							"size": [0.49112, 2.29319, 5.53625],
							"pivot": [0, 9.95102, 0],
							"rotation": [0, 0, 90],
							"uv": {
								"north": {"uv": [32.1, 147.1], "uv_size": [1.8, 10.8]},
								"east": {"uv": [26.1, 79.1], "uv_size": [26.8, 10.8]},
								"south": {"uv": [129.1, 149.1], "uv_size": [1.8, 10.8]},
								"west": {"uv": [81.1, 0.1], "uv_size": [26.8, 10.8]},
								"up": {"uv": [92.1, 11.1], "uv_size": [1.8, 26.8]},
								"down": {"uv": [18.1, 153.9], "uv_size": [1.8, -26.8]}
							}
						},
						{
							"origin": [2.77857, 7.68659, -0.35808],
							"size": [0.90244, 0.82328, 0.6845],
							"pivot": [3.22979, 8.17739, 0],
							"rotation": [0, 0, 107.5],
							"uv": {
								"north": {"uv": [53.1, 92.1], "uv_size": [3.8, 3.8]},
								"east": {"uv": [151.1, 93.1], "uv_size": [2.8, 3.8]},
								"south": {"uv": [20.1, 113.1], "uv_size": [3.8, 3.8]},
								"west": {"uv": [151.1, 97.1], "uv_size": [2.8, 3.8]},
								"up": {"uv": [151.1, 101.1], "uv_size": [3.8, 2.8]},
								"down": {"uv": [151.1, 106.9], "uv_size": [3.8, -2.8]}
							}
						},
						{
							"origin": [-2.78305, 13.49509, -0.21559],
							"size": [1.85238, 0.34831, 0.43119],
							"pivot": [-2.77806, 13.83941, 0],
							"rotation": [0, 0, -26],
							"uv": {
								"north": {"uv": [103.1, 35.1], "uv_size": [8.8, 1.8]},
								"east": {"uv": [52.1, 60.1], "uv_size": [1.8, 1.8]},
								"south": {"uv": [103.1, 37.1], "uv_size": [8.8, 1.8]},
								"west": {"uv": [52.1, 62.1], "uv_size": [1.8, 1.8]},
								"up": {"uv": [103.1, 39.1], "uv_size": [8.8, 1.8]},
								"down": {"uv": [127.1, 51.9], "uv_size": [8.8, -1.8]}
							}
						},
						{
							"origin": [1.55948, 11.73967, -0.23143],
							"size": [1.85238, 0.34831, 0.46285],
							"pivot": [3.41978, 12.08798, 0],
							"rotation": [0, 0, 70],
							"uv": {
								"north": {"uv": [145.1, 54.1], "uv_size": [8.8, 1.8]},
								"east": {"uv": [48.1, 64.1], "uv_size": [1.8, 1.8]},
								"south": {"uv": [145.1, 56.1], "uv_size": [8.8, 1.8]},
								"west": {"uv": [50.1, 64.1], "uv_size": [1.8, 1.8]},
								"up": {"uv": [145.1, 58.1], "uv_size": [8.8, 1.8]},
								"down": {"uv": [151.1, 29.9], "uv_size": [8.8, -1.8]}
							}
						},
						{
							"origin": [0.5858, 10.82931, -0.24726],
							"size": [3.75226, 0.34831, 0.49452],
							"pivot": [0, 7.75784, 0],
							"rotation": [0, 0, -90],
							"uv": {
								"north": {"uv": [30.1, 60.1], "uv_size": [17.8, 1.8]},
								"east": {"uv": [52.1, 64.1], "uv_size": [1.8, 1.8]},
								"south": {"uv": [30.1, 62.1], "uv_size": [17.8, 1.8]},
								"west": {"uv": [26.1, 77.1], "uv_size": [1.8, 1.8]},
								"up": {"uv": [30.1, 64.1], "uv_size": [17.8, 1.8]},
								"down": {"uv": [95.1, 62.9], "uv_size": [17.8, -1.8]}
							}
						},
						{
							"origin": [0.93067, 13.49509, -0.21559],
							"size": [1.85238, 0.34831, 0.43119],
							"pivot": [2.77806, 13.83941, 0],
							"rotation": [0, 0, 26],
							"uv": {
								"north": {"uv": [151.1, 30.1], "uv_size": [8.8, 1.8]},
								"east": {"uv": [28.1, 77.1], "uv_size": [1.8, 1.8]},
								"south": {"uv": [151.1, 32.1], "uv_size": [8.8, 1.8]},
								"west": {"uv": [81.1, 38.1], "uv_size": [1.8, 1.8]},
								"up": {"uv": [151.1, 34.1], "uv_size": [8.8, 1.8]},
								"down": {"uv": [151.1, 37.9], "uv_size": [8.8, -1.8]}
							}
						},
						{
							"origin": [-3.41186, 11.73967, -0.23143],
							"size": [1.85238, 0.34831, 0.46285],
							"pivot": [-3.41978, 12.08798, 0],
							"rotation": [0, 0, -70],
							"uv": {
								"north": {"uv": [151.1, 38.1], "uv_size": [8.8, 1.8]},
								"east": {"uv": [24.1, 113.1], "uv_size": [1.8, 1.8]},
								"south": {"uv": [151.1, 40.1], "uv_size": [8.8, 1.8]},
								"west": {"uv": [95.1, 114.1], "uv_size": [1.8, 1.8]},
								"up": {"uv": [151.1, 42.1], "uv_size": [8.8, 1.8]},
								"down": {"uv": [151.1, 45.9], "uv_size": [8.8, -1.8]}
							}
						},
						{
							"origin": [-0.46124, 8.07891, -1.84497],
							"size": [0.92249, 1.52842, 3.68994],
							"pivot": [0, 8.84313, 0],
							"rotation": [-45, 0, 90],
							"uv": {
								"north": {"uv": [20.1, 147.1], "uv_size": [3.8, 6.8]},
								"east": {"uv": [124.1, 111.1], "uv_size": [17.8, 6.8]},
								"south": {"uv": [24.1, 147.1], "uv_size": [3.8, 6.8]},
								"west": {"uv": [127.1, 32.1], "uv_size": [17.8, 6.8]},
								"up": {"uv": [81.1, 96.1], "uv_size": [3.8, 17.8]},
								"down": {"uv": [134.1, 157.9], "uv_size": [3.8, -17.8]}
							}
						},
						{
							"origin": [-0.46124, 6.99815, -0.76421],
							"size": [0.92249, 3.68994, 1.52842],
							"pivot": [0, 8.84313, 0],
							"rotation": [-45, 0, 90],
							"uv": {
								"north": {"uv": [138.1, 140.1], "uv_size": [3.8, 17.8]},
								"east": {"uv": [127.1, 60.1], "uv_size": [6.8, 17.8]},
								"south": {"uv": [72.1, 141.1], "uv_size": [3.8, 17.8]},
								"west": {"uv": [127.1, 118.1], "uv_size": [6.8, 17.8]},
								"up": {"uv": [28.1, 147.1], "uv_size": [3.8, 6.8]},
								"down": {"uv": [147.1, 84.9], "uv_size": [3.8, -6.8]}
							}
						},
						{
							"origin": [0.24679, 7.21389, -1.14659],
							"size": [0.43035, 5.47425, 2.29319],
							"pivot": [0, 9.95102, 0],
							"rotation": [-45, 0, 90],
							"uv": {
								"north": {"uv": [48.1, 144.1], "uv_size": [1.8, 26.8]},
								"east": {"uv": [81.1, 11.1], "uv_size": [10.8, 26.8]},
								"south": {"uv": [50.1, 144.1], "uv_size": [1.8, 26.8]},
								"west": {"uv": [84.1, 38.1], "uv_size": [10.8, 26.8]},
								"up": {"uv": [56.1, 150.1], "uv_size": [1.8, 10.8]},
								"down": {"uv": [150.1, 127.9], "uv_size": [1.8, -10.8]}
							}
						},
						{
							"origin": [0.24679, 8.80442, -2.73712],
							"size": [0.43035, 2.29319, 5.47425],
							"pivot": [0, 9.95102, 0],
							"rotation": [-45, 0, 90],
							"uv": {
								"north": {"uv": [150.1, 128.1], "uv_size": [1.8, 10.8]},
								"east": {"uv": [86.1, 65.1], "uv_size": [26.8, 10.8]},
								"south": {"uv": [150.1, 139.1], "uv_size": [1.8, 10.8]},
								"west": {"uv": [86.1, 76.1], "uv_size": [26.8, 10.8]},
								"up": {"uv": [92.1, 144.1], "uv_size": [1.8, 26.8]},
								"down": {"uv": [145.1, 104.9], "uv_size": [1.8, -26.8]}
							}
						},
						{
							"origin": [-0.61746, 6.73479, -2.43884],
							"size": [1.17292, 2.04608, 4.87768],
							"pivot": [0, 7.75784, 0],
							"rotation": [0, 0, -90],
							"uv": {
								"north": {"uv": [20.1, 103.1], "uv_size": [5.8, 9.8]},
								"east": {"uv": [95.1, 41.1], "uv_size": [23.8, 9.8]},
								"south": {"uv": [139.1, 50.1], "uv_size": [5.8, 9.8]},
								"west": {"uv": [95.1, 51.1], "uv_size": [23.8, 9.8]},
								"up": {"uv": [34.1, 120.1], "uv_size": [5.8, 23.8]},
								"down": {"uv": [40.1, 143.9], "uv_size": [5.8, -23.8]}
							}
						},
						{
							"origin": [-0.61746, 5.31899, -1.02304],
							"size": [1.23492, 4.87768, 2.04608],
							"pivot": [0, 7.75784, 0],
							"rotation": [0, 0, 90],
							"uv": {
								"north": {"uv": [46.1, 120.1], "uv_size": [5.8, 23.8]},
								"east": {"uv": [61.1, 96.1], "uv_size": [9.8, 23.8]},
								"south": {"uv": [121.1, 60.1], "uv_size": [5.8, 23.8]},
								"west": {"uv": [71.1, 96.1], "uv_size": [9.8, 23.8]},
								"up": {"uv": [140.1, 16.1], "uv_size": [5.8, 9.8]},
								"down": {"uv": [42.1, 153.9], "uv_size": [5.8, -9.8]}
							}
						},
						{
							"origin": [-0.69203, 7.18289, -1.14659],
							"size": [0.49112, 5.53625, 2.29319],
							"pivot": [0, 9.95102, 0],
							"rotation": [0, 0, -90],
							"uv": {
								"north": {"uv": [145.1, 110.1], "uv_size": [1.8, 26.8]},
								"east": {"uv": [86.1, 87.1], "uv_size": [10.8, 26.8]},
								"south": {"uv": [58.1, 146.1], "uv_size": [1.8, 26.8]},
								"west": {"uv": [26.1, 90.1], "uv_size": [10.8, 26.8]},
								"up": {"uv": [150.1, 150.1], "uv_size": [1.8, 10.8]},
								"down": {"uv": [0.1, 161.9], "uv_size": [1.8, -10.8]}
							}
						},
						{
							"origin": [-0.46124, 8.07891, -1.84497],
							"size": [0.92249, 1.52842, 3.68994],
							"pivot": [0, 8.84313, 0],
							"rotation": [0, 0, 90],
							"uv": {
								"north": {"uv": [147.1, 85.1], "uv_size": [3.8, 6.8]},
								"east": {"uv": [127.1, 39.1], "uv_size": [17.8, 6.8]},
								"south": {"uv": [147.1, 92.1], "uv_size": [3.8, 6.8]},
								"west": {"uv": [127.1, 78.1], "uv_size": [17.8, 6.8]},
								"up": {"uv": [76.1, 141.1], "uv_size": [3.8, 17.8]},
								"down": {"uv": [142.1, 157.9], "uv_size": [3.8, -17.8]}
							}
						},
						{
							"origin": [-1.46935, 3.67073, -0.8705],
							"size": [5.83359, 4.20312, 1.74099],
							"pivot": [0, 5.77229, 0],
							"rotation": [-45, 0, 90],
							"uv": {
								"north": {"uv": [27.1, 0.1], "uv_size": [26.8, 19.8]},
								"east": {"uv": [95.1, 119.1], "uv_size": [7.8, 19.8]},
								"south": {"uv": [27.1, 20.1], "uv_size": [26.8, 19.8]},
								"west": {"uv": [103.1, 119.1], "uv_size": [7.8, 19.8]},
								"up": {"uv": [107.1, 103.1], "uv_size": [26.8, 7.8]},
								"down": {"uv": [108.1, 7.9], "uv_size": [26.8, -7.8]}
							}
						},
						{
							"origin": [-4.36424, 3.67073, -0.8705],
							"size": [5.83359, 4.20312, 1.74099],
							"pivot": [0, 5.77229, 0],
							"rotation": [0, 0, -90],
							"uv": {
								"north": {"uv": [0.1, 40.1], "uv_size": [26.8, 19.8]},
								"east": {"uv": [111.1, 119.1], "uv_size": [7.8, 19.8]},
								"south": {"uv": [27.1, 40.1], "uv_size": [26.8, 19.8]},
								"west": {"uv": [119.1, 119.1], "uv_size": [7.8, 19.8]},
								"up": {"uv": [97.1, 111.1], "uv_size": [26.8, 7.8]},
								"down": {"uv": [113.1, 15.9], "uv_size": [26.8, -7.8]}
							}
						},
						{
							"origin": [-0.5238, 5.28799, -1.02304],
							"size": [1.11026, 4.93968, 2.04608],
							"pivot": [0, 7.75784, 0],
							"rotation": [-45, 0, 90],
							"uv": {
								"north": {"uv": [52.1, 126.1], "uv_size": [5.8, 23.8]},
								"east": {"uv": [97.1, 87.1], "uv_size": [9.8, 23.8]},
								"south": {"uv": [0.1, 127.1], "uv_size": [5.8, 23.8]},
								"west": {"uv": [0.1, 103.1], "uv_size": [9.8, 23.8]},
								"up": {"uv": [80.1, 144.1], "uv_size": [5.8, 9.8]},
								"down": {"uv": [86.1, 153.9], "uv_size": [5.8, -9.8]}
							}
						},
						{
							"origin": [-4.33806, 10.82931, -0.24726],
							"size": [3.75226, 0.34831, 0.49452],
							"pivot": [0, 7.75784, 0],
							"rotation": [0, 0, 90],
							"uv": {
								"north": {"uv": [95.1, 63.1], "uv_size": [17.8, 1.8]},
								"east": {"uv": [117.1, 34.1], "uv_size": [1.8, 1.8]},
								"south": {"uv": [113.1, 85.1], "uv_size": [17.8, 1.8]},
								"west": {"uv": [117.1, 36.1], "uv_size": [1.8, 1.8]},
								"up": {"uv": [145.1, 50.1], "uv_size": [17.8, 1.8]},
								"down": {"uv": [145.1, 53.9], "uv_size": [17.8, -1.8]}
							}
						},
						{
							"origin": [-4.36424, 4.9018, -2.10156],
							"size": [5.83359, 1.74099, 4.20312],
							"pivot": [0, 5.77229, 0],
							"rotation": [0, 0, -90],
							"uv": {
								"north": {"uv": [113.1, 16.1], "uv_size": [26.8, 7.8]},
								"east": {"uv": [119.1, 52.1], "uv_size": [19.8, 7.8]},
								"south": {"uv": [113.1, 24.1], "uv_size": [26.8, 7.8]},
								"west": {"uv": [61.1, 120.1], "uv_size": [19.8, 7.8]},
								"up": {"uv": [54.1, 0.1], "uv_size": [26.8, 19.8]},
								"down": {"uv": [54.1, 39.9], "uv_size": [26.8, -19.8]}
							}
						},
						{
							"origin": [-0.46124, 6.99815, -0.76421],
							"size": [0.92249, 3.68994, 1.52842],
							"pivot": [0, 8.84313, 0],
							"rotation": [0, 0, 90],
							"uv": {
								"north": {"uv": [34.1, 144.1], "uv_size": [3.8, 17.8]},
								"east": {"uv": [58.1, 128.1], "uv_size": [6.8, 17.8]},
								"south": {"uv": [38.1, 144.1], "uv_size": [3.8, 17.8]},
								"west": {"uv": [65.1, 128.1], "uv_size": [6.8, 17.8]},
								"up": {"uv": [147.1, 99.1], "uv_size": [3.8, 6.8]},
								"down": {"uv": [147.1, 116.9], "uv_size": [3.8, -6.8]}
							}
						},
						{
							"origin": [-0.58646, 5.28799, -1.02304],
							"size": [1.17226, 4.93968, 2.04608],
							"pivot": [0, 7.75784, 0],
							"rotation": [-45, 0, -90],
							"uv": {
								"north": {"uv": [6.1, 127.1], "uv_size": [5.8, 23.8]},
								"east": {"uv": [10.1, 103.1], "uv_size": [9.8, 23.8]},
								"south": {"uv": [12.1, 127.1], "uv_size": [5.8, 23.8]},
								"west": {"uv": [103.1, 11.1], "uv_size": [9.8, 23.8]},
								"up": {"uv": [145.1, 26.1], "uv_size": [5.8, 9.8]},
								"down": {"uv": [145.1, 45.9], "uv_size": [5.8, -9.8]}
							}
						},
						{
							"origin": [-0.06333, 10.9718, -0.38975],
							"size": [6.44375, 0.66496, 0.7795],
							"pivot": [0, 7.75784, 0],
							"rotation": [0, 0, 90],
							"uv": {
								"north": {"uv": [134.1, 107.1], "uv_size": [30.8, 2.8]},
								"east": {"uv": [146.1, 151.1], "uv_size": [3.8, 2.8]},
								"south": {"uv": [135.1, 0.1], "uv_size": [30.8, 2.8]},
								"west": {"uv": [152.1, 10.1], "uv_size": [3.8, 2.8]},
								"up": {"uv": [134.1, 64.1], "uv_size": [30.8, 3.8]},
								"down": {"uv": [134.1, 71.9], "uv_size": [30.8, -3.8]}
							}
						},
						{
							"origin": [-6.38042, 10.9718, -0.38975],
							"size": [6.44375, 0.66496, 0.7795],
							"pivot": [0, 7.75784, 0],
							"rotation": [0, 0, -90],
							"uv": {
								"north": {"uv": [134.1, 72.1], "uv_size": [30.8, 2.8]},
								"east": {"uv": [151.1, 110.1], "uv_size": [3.8, 2.8]},
								"south": {"uv": [134.1, 75.1], "uv_size": [30.8, 2.8]},
								"west": {"uv": [151.1, 113.1], "uv_size": [3.8, 2.8]},
								"up": {"uv": [127.1, 46.1], "uv_size": [30.8, 3.8]},
								"down": {"uv": [134.1, 63.9], "uv_size": [30.8, -3.8]}
							}
						},
						{
							"origin": [0.04715, 8.30842, -1.56506],
							"size": [0.50841, 3.16119, 3.13012],
							"pivot": [0, 9.88902, 0],
							"rotation": [0, 0, 90],
							"uv": {
								"north": {"uv": [94.1, 144.1], "uv_size": [0.8, 10.8]},
								"east": {"uv": [134.1, 118.1], "uv_size": [10.8, 10.8]},
								"south": {"uv": [133.1, 149.1], "uv_size": [0.8, 10.8]},
								"west": {"uv": [134.1, 129.1], "uv_size": [10.8, 10.8]},
								"up": {"uv": [16.1, 151.1], "uv_size": [0.8, 10.8]},
								"down": {"uv": [17.1, 161.9], "uv_size": [0.8, -10.8]}
							}
						},
						{
							"origin": [-0.5238, 5.28799, -1.02304],
							"size": [1.11026, 4.93968, 2.04608],
							"pivot": [0, 7.75784, 0],
							"rotation": [-45, 0, 90],
							"uv": {
								"north": {"uv": [52.1, 126.1], "uv_size": [5.8, 23.8]},
								"east": {"uv": [97.1, 87.1], "uv_size": [9.8, 23.8]},
								"south": {"uv": [0.1, 127.1], "uv_size": [5.8, 23.8]},
								"west": {"uv": [0.1, 103.1], "uv_size": [9.8, 23.8]},
								"up": {"uv": [80.1, 144.1], "uv_size": [5.8, 9.8]},
								"down": {"uv": [86.1, 153.9], "uv_size": [5.8, -9.8]}
							}
						},
						{
							"origin": [-0.61746, 5.31899, -1.02304],
							"size": [1.23492, 4.87768, 2.04608],
							"pivot": [0, 7.75784, 0],
							"rotation": [0, 0, 90],
							"uv": {
								"north": {"uv": [46.1, 120.1], "uv_size": [5.8, 23.8]},
								"east": {"uv": [61.1, 96.1], "uv_size": [9.8, 23.8]},
								"south": {"uv": [121.1, 60.1], "uv_size": [5.8, 23.8]},
								"west": {"uv": [71.1, 96.1], "uv_size": [9.8, 23.8]},
								"up": {"uv": [140.1, 16.1], "uv_size": [5.8, 9.8]},
								"down": {"uv": [42.1, 153.9], "uv_size": [5.8, -9.8]}
							}
						},
						{
							"origin": [-0.61746, 6.73479, -2.43884],
							"size": [1.17292, 2.04608, 4.87768],
							"pivot": [0, 7.75784, 0],
							"rotation": [0, 0, -90],
							"uv": {
								"north": {"uv": [20.1, 103.1], "uv_size": [5.8, 9.8]},
								"east": {"uv": [95.1, 41.1], "uv_size": [23.8, 9.8]},
								"south": {"uv": [139.1, 50.1], "uv_size": [5.8, 9.8]},
								"west": {"uv": [95.1, 51.1], "uv_size": [23.8, 9.8]},
								"up": {"uv": [34.1, 120.1], "uv_size": [5.8, 23.8]},
								"down": {"uv": [40.1, 143.9], "uv_size": [5.8, -23.8]}
							}
						},
						{
							"origin": [-0.74713, -2.31302, -1.23788],
							"size": [1.49425, 5.902, 2.47576],
							"pivot": [0, 0.63798, 0],
							"rotation": [0, 0, 90],
							"uv": {
								"north": {"uv": [46.1, 120.1], "uv_size": [5.8, 23.8]},
								"east": {"uv": [61.1, 96.1], "uv_size": [9.8, 23.8]},
								"south": {"uv": [121.1, 60.1], "uv_size": [5.8, 23.8]},
								"west": {"uv": [71.1, 96.1], "uv_size": [9.8, 23.8]},
								"up": {"uv": [140.1, 16.1], "uv_size": [5.8, 9.8]},
								"down": {"uv": [42.1, 153.9], "uv_size": [5.8, -9.8]}
							}
						},
						{
							"origin": [-0.63379, -2.45053, -1.23788],
							"size": [1.34341, 5.97702, 2.47576],
							"pivot": [0, 0.53798, 0],
							"rotation": [-45, 0, 90],
							"uv": {
								"north": {"uv": [52.1, 126.1], "uv_size": [5.8, 23.8]},
								"east": {"uv": [97.1, 87.1], "uv_size": [9.8, 23.8]},
								"south": {"uv": [0.1, 127.1], "uv_size": [5.8, 23.8]},
								"west": {"uv": [0.1, 103.1], "uv_size": [9.8, 23.8]},
								"up": {"uv": [80.1, 144.1], "uv_size": [5.8, 9.8]},
								"down": {"uv": [86.1, 153.9], "uv_size": [5.8, -9.8]}
							}
						},
						{
							"origin": [-0.70962, -2.45053, -1.23788],
							"size": [1.41843, 5.97702, 2.47576],
							"pivot": [0, 0.53798, 0],
							"rotation": [-45, 0, -90],
							"uv": {
								"north": {"uv": [6.1, 127.1], "uv_size": [5.8, 23.8]},
								"east": {"uv": [10.1, 103.1], "uv_size": [9.8, 23.8]},
								"south": {"uv": [12.1, 127.1], "uv_size": [5.8, 23.8]},
								"west": {"uv": [103.1, 11.1], "uv_size": [9.8, 23.8]},
								"up": {"uv": [145.1, 26.1], "uv_size": [5.8, 9.8]},
								"down": {"uv": [145.1, 45.9], "uv_size": [5.8, -9.8]}
							}
						},
						{
							"origin": [-0.74713, -0.5999, -2.951],
							"size": [1.41923, 2.47576, 5.902],
							"pivot": [0, 0.63798, 0],
							"rotation": [0, 0, -90],
							"uv": {
								"north": {"uv": [20.1, 103.1], "uv_size": [5.8, 9.8]},
								"east": {"uv": [95.1, 41.1], "uv_size": [23.8, 9.8]},
								"south": {"uv": [139.1, 50.1], "uv_size": [5.8, 9.8]},
								"west": {"uv": [95.1, 51.1], "uv_size": [23.8, 9.8]},
								"up": {"uv": [34.1, 120.1], "uv_size": [5.8, 23.8]},
								"down": {"uv": [40.1, 143.9], "uv_size": [5.8, -23.8]}
							}
						},
						{
							"origin": [0.26654, -1.049, -1.23832],
							"size": [0.46478, 5.91219, 2.47664],
							"pivot": [0, 1.9071, 0],
							"rotation": [-45, 0, 90],
							"uv": {
								"north": {"uv": [48.1, 144.1], "uv_size": [1.8, 26.8]},
								"east": {"uv": [81.1, 11.1], "uv_size": [10.8, 26.8]},
								"south": {"uv": [50.1, 144.1], "uv_size": [1.8, 26.8]},
								"west": {"uv": [84.1, 38.1], "uv_size": [10.8, 26.8]},
								"up": {"uv": [56.1, 150.1], "uv_size": [1.8, 10.8]},
								"down": {"uv": [150.1, 127.9], "uv_size": [1.8, -10.8]}
							}
						},
						{
							"origin": [0.21699, 0.66877, -2.98957],
							"size": [0.53041, 2.47664, 5.97915],
							"pivot": [0, 1.9071, 0],
							"rotation": [0, 0, 90],
							"uv": {
								"north": {"uv": [32.1, 147.1], "uv_size": [1.8, 10.8]},
								"east": {"uv": [26.1, 79.1], "uv_size": [26.8, 10.8]},
								"south": {"uv": [129.1, 149.1], "uv_size": [1.8, 10.8]},
								"west": {"uv": [81.1, 0.1], "uv_size": [26.8, 10.8]},
								"up": {"uv": [92.1, 11.1], "uv_size": [1.8, 26.8]},
								"down": {"uv": [18.1, 153.9], "uv_size": [1.8, -26.8]}
							}
						},
						{
							"origin": [0.26654, 0.66877, -2.95609],
							"size": [0.46478, 2.47664, 5.91219],
							"pivot": [0, 1.9071, 0],
							"rotation": [-45, 0, 90],
							"uv": {
								"north": {"uv": [150.1, 128.1], "uv_size": [1.8, 10.8]},
								"east": {"uv": [86.1, 65.1], "uv_size": [26.8, 10.8]},
								"south": {"uv": [150.1, 139.1], "uv_size": [1.8, 10.8]},
								"west": {"uv": [86.1, 76.1], "uv_size": [26.8, 10.8]},
								"up": {"uv": [92.1, 144.1], "uv_size": [1.8, 26.8]},
								"down": {"uv": [145.1, 104.9], "uv_size": [1.8, -26.8]}
							}
						},
						{
							"origin": [-0.74739, -1.08248, -1.23832],
							"size": [0.53041, 5.97915, 2.47664],
							"pivot": [0, 1.9071, 0],
							"rotation": [0, 0, -90],
							"uv": {
								"north": {"uv": [145.1, 110.1], "uv_size": [1.8, 26.8]},
								"east": {"uv": [86.1, 87.1], "uv_size": [10.8, 26.8]},
								"south": {"uv": [58.1, 146.1], "uv_size": [1.8, 26.8]},
								"west": {"uv": [26.1, 90.1], "uv_size": [10.8, 26.8]},
								"up": {"uv": [150.1, 150.1], "uv_size": [1.8, 10.8]},
								"down": {"uv": [0.1, 161.9], "uv_size": [1.8, -10.8]}
							}
						}
					]
				}
			]
		}
	]
}