{
	"format_version": "1.19.0",
	"minecraft:geometry": [
		{
			"description": {
				"identifier": "geometry.dds_camping.chainsaw",
				"texture_width": 64,
				"texture_height": 64,
				"visible_bounds_width": 3,
				"visible_bounds_height": 2.5,
				"visible_bounds_offset": [0, 0.75, 0]
			},
			"bones": [
				{
					"name": "root_item",
					"pivot": [0, 0, 0],
					"binding": "q.item_slot_to_bone_name(c.item_slot)"
				},
				{
					"name": "bone",
					"parent": "root_item",
					"pivot": [0, 0, 0],
					"cubes": [
						{"origin": [-1, 0, -1], "size": [5, 6, 8], "uv": [16, 10]},
						{"origin": [1, 4.15079, 6.08448], "size": [1, 1, 3], "pivot": [1.5, 4.65079, 7.58448], "rotation": [-35, 0, 0], "uv": [5, 8]},
						{"origin": [1, 0.2, 6.1], "size": [1, 1, 3], "uv": [0, 7]},
						{"origin": [1, 1.2, 8.1], "size": [1, 3, 1], "inflate": 0.01, "uv": [8, 0]},
						{"origin": [1, 1, -12], "size": [1, 4, 11], "uv": [0, 18]},
						{"origin": [1.5, 0, -13], "size": [0, 6, 12], "uv": [0, 0]},
						{"origin": [1, 10, 2], "size": [1, 1, 6], "pivot": [1.5, 8, 7], "rotation": [0, 45, -90], "uv": [0, 0]},
						{"origin": [1, 6, 7], "size": [1, 4, 1], "pivot": [1.5, 8, 7], "rotation": [0, 45, -90], "uv": [0, 0]},
						{"origin": [1, 5, 3], "size": [1, 1, 5], "pivot": [1.5, 8, 7], "rotation": [0, 45, -90], "uv": [8, 0]},
						{"origin": [4, 1, 0], "size": [1, 4, 4], "uv": [16, 2]}
					]
				}
			]
		}
	]
}