{
	"format_version": "1.16.0",
	"minecraft:geometry": [
		{
			"description": {
				"identifier": "geometry.dds_camping.grappling_hook",
				"texture_width": 128,
				"texture_height": 128,
				"visible_bounds_width": 2,
				"visible_bounds_height": 2.5,
				"visible_bounds_offset": [0, 0.75, 0]
			},
			"bones": [
				{
					"name": "root",
					"pivot": [0, 8, 0],
					"binding": "c.item_slot == 'head' ? 'head' : q.item_slot_to_bone_name(c.item_slot)"
				},
				{
					"name": "root_x",
					"parent": "root",
					"pivot": [2, 8, 0]
				},
				{
					"name": "root_y",
					"parent": "root_x",
					"pivot": [2, 8, 0]
				},
				{
					"name": "root_a",
					"parent": "root_y",
					"pivot": [0, 0, 0],
					"cubes": [
						{
							"origin": [-1.0902, 1.96236, -0.65412],
							"size": [2.1804, 0.43608, 1.30824],
							"uv": {
								"north": {"uv": [51.1, 45.1], "uv_size": [9.8, 1.8]},
								"east": {"uv": [50.1, 32.1], "uv_size": [5.8, 1.8]},
								"south": {"uv": [56.1, 41.1], "uv_size": [9.8, 1.8]},
								"west": {"uv": [59.1, 54.1], "uv_size": [5.8, 1.8]},
								"up": {"uv": [0.1, 36.1], "uv_size": [9.8, 5.8]},
								"down": {"uv": [36.1, 39.9], "uv_size": [9.8, -5.8]}
							}
						},
						{
							"origin": [-1.0902, 0, -0.65412],
							"size": [2.1804, 0.43608, 1.30824],
							"uv": {
								"north": {"uv": [56.1, 43.1], "uv_size": [9.8, 1.8]},
								"east": {"uv": [59.1, 56.1], "uv_size": [5.8, 1.8]},
								"south": {"uv": [57.1, 47.1], "uv_size": [9.8, 1.8]},
								"west": {"uv": [60.1, 10.1], "uv_size": [5.8, 1.8]},
								"up": {"uv": [40.1, 0.1], "uv_size": [9.8, 5.8]},
								"down": {"uv": [40.1, 11.9], "uv_size": [9.8, -5.8]}
							}
						},
						{
							"origin": [0.43608, 0.43608, -0.65412],
							"size": [0.65412, 1.52628, 1.30824],
							"uv": {
								"north": {"uv": [56.1, 20.1], "uv_size": [2.8, 6.8]},
								"east": {"uv": [29.1, 45.1], "uv_size": [5.8, 6.8]},
								"south": {"uv": [56.1, 27.1], "uv_size": [2.8, 6.8]},
								"west": {"uv": [35.1, 45.1], "uv_size": [5.8, 6.8]},
								"up": {"uv": [14.1, 59.1], "uv_size": [2.8, 5.8]},
								"down": {"uv": [59.1, 20.9], "uv_size": [2.8, -5.8]}
							}
						},
						{
							"origin": [-0.65412, 8.93964, -0.65412],
							"size": [1.30824, 3.70668, 1.30824],
							"pivot": [0, 10.08435, 0],
							"rotation": [0, 45, 0],
							"uv": {
								"north": {"uv": [16.1, 0.1], "uv_size": [5.8, 16.8]},
								"east": {"uv": [16.1, 17.1], "uv_size": [5.8, 16.8]},
								"south": {"uv": [22.1, 0.1], "uv_size": [5.8, 16.8]},
								"west": {"uv": [22.1, 17.1], "uv_size": [5.8, 16.8]},
								"up": {"uv": [50.1, 20.1], "uv_size": [5.8, 5.8]},
								"down": {"uv": [50.1, 31.9], "uv_size": [5.8, -5.8]}
							}
						},
						{
							"origin": [-0.65412, 14.1726, -0.65412],
							"size": [1.30824, 0.65412, 1.30824],
							"pivot": [0, 10.08435, 0],
							"rotation": [0, 45, 0],
							"uv": {
								"north": {"uv": [49.1, 58.1], "uv_size": [5.8, 2.8]},
								"east": {"uv": [55.1, 58.1], "uv_size": [5.8, 2.8]},
								"south": {"uv": [8.1, 59.1], "uv_size": [5.8, 2.8]},
								"west": {"uv": [59.1, 12.1], "uv_size": [5.8, 2.8]},
								"up": {"uv": [50.1, 0.1], "uv_size": [5.8, 5.8]},
								"down": {"uv": [50.1, 11.9], "uv_size": [5.8, -5.8]}
							}
						},
						{
							"origin": [-0.58871, 9.93906, 0.48773],
							"size": [1.17742, 1.56989, 2.61648],
							"pivot": [0, 10.08435, 0],
							"rotation": [-150, 45, -180],
							"uv": {
								"north": {"uv": [51.1, 38.1], "uv_size": [4.8, 6.8]},
								"east": {"uv": [28.1, 0.1], "uv_size": [11.8, 6.8]},
								"south": {"uv": [47.1, 51.1], "uv_size": [4.8, 6.8]},
								"west": {"uv": [28.1, 7.1], "uv_size": [11.8, 6.8]},
								"up": {"uv": [10.1, 40.1], "uv_size": [4.8, 11.8]},
								"down": {"uv": [40.1, 23.9], "uv_size": [4.8, -11.8]}
							}
						},
						{
							"origin": [-0.34886, 13.91234, 1.85398],
							"size": [0.69773, 1.19922, 2.1804],
							"pivot": [0, 10.08435, 0],
							"rotation": [141, 45, 180],
							"uv": {
								"north": {"uv": [59.1, 49.1], "uv_size": [2.8, 4.8]},
								"east": {"uv": [40.1, 24.1], "uv_size": [9.8, 4.8]},
								"south": {"uv": [60.1, 0.1], "uv_size": [2.8, 4.8]},
								"west": {"uv": [25.1, 40.1], "uv_size": [9.8, 4.8]},
								"up": {"uv": [18.1, 52.1], "uv_size": [2.8, 9.8]},
								"down": {"uv": [21.1, 61.9], "uv_size": [2.8, -9.8]}
							}
						},
						{
							"origin": [-0.26165, 15.54134, -0.42721],
							"size": [0.5233, 0.98118, 2.1804],
							"pivot": [0, 10.08435, 0],
							"rotation": [98.5, 45, 180],
							"uv": {
								"north": {"uv": [10.1, 36.1], "uv_size": [1.8, 3.8]},
								"east": {"uv": [46.1, 34.1], "uv_size": [9.8, 3.8]},
								"south": {"uv": [45.1, 60.1], "uv_size": [1.8, 3.8]},
								"west": {"uv": [47.1, 47.1], "uv_size": [9.8, 3.8]},
								"up": {"uv": [8.1, 42.1], "uv_size": [1.8, 9.8]},
								"down": {"uv": [24.1, 66.9], "uv_size": [1.8, -9.8]}
							}
						},
						{
							"origin": [-0.21804, 12.71423, 5.08353],
							"size": [0.43608, 0.69773, 0.69773],
							"pivot": [0, 10.08435, 0],
							"rotation": [143.5, 45, 180],
							"uv": {
								"north": {"uv": [54.1, 61.1], "uv_size": [1.8, 2.8]},
								"east": {"uv": [42.1, 60.1], "uv_size": [2.8, 2.8]},
								"south": {"uv": [56.1, 61.1], "uv_size": [1.8, 2.8]},
								"west": {"uv": [0.1, 61.1], "uv_size": [2.8, 2.8]},
								"up": {"uv": [58.1, 61.1], "uv_size": [1.8, 2.8]},
								"down": {"uv": [61.1, 60.9], "uv_size": [1.8, -2.8]}
							}
						},
						{
							"origin": [-0.43608, 11.5337, 1.93103],
							"size": [0.87216, 1.37365, 2.61648],
							"pivot": [0, 10.08435, 0],
							"rotation": [179, 45, 180],
							"uv": {
								"north": {"uv": [39.1, 54.1], "uv_size": [3.8, 5.8]},
								"east": {"uv": [28.1, 28.1], "uv_size": [11.8, 5.8]},
								"south": {"uv": [43.1, 54.1], "uv_size": [3.8, 5.8]},
								"west": {"uv": [0.1, 30.1], "uv_size": [11.8, 5.8]},
								"up": {"uv": [0.1, 42.1], "uv_size": [3.8, 11.8]},
								"down": {"uv": [4.1, 53.9], "uv_size": [3.8, -11.8]}
							}
						},
						{
							"origin": [-0.58871, 9.93906, 0.48773],
							"size": [1.17742, 1.56989, 2.61648],
							"pivot": [0, 10.08435, 0],
							"rotation": [30, -45, 0],
							"uv": {
								"north": {"uv": [8.1, 52.1], "uv_size": [4.8, 6.8]},
								"east": {"uv": [28.1, 14.1], "uv_size": [11.8, 6.8]},
								"south": {"uv": [13.1, 52.1], "uv_size": [4.8, 6.8]},
								"west": {"uv": [28.1, 21.1], "uv_size": [11.8, 6.8]},
								"up": {"uv": [15.1, 40.1], "uv_size": [4.8, 11.8]},
								"down": {"uv": [20.1, 51.9], "uv_size": [4.8, -11.8]}
							}
						},
						{
							"origin": [-0.43608, 11.5337, 1.93103],
							"size": [0.87216, 1.37365, 2.61648],
							"pivot": [0, 10.08435, 0],
							"rotation": [-1, -45, 0],
							"uv": {
								"north": {"uv": [56.1, 0.1], "uv_size": [3.8, 5.8]},
								"east": {"uv": [12.1, 34.1], "uv_size": [11.8, 5.8]},
								"south": {"uv": [56.1, 6.1], "uv_size": [3.8, 5.8]},
								"west": {"uv": [24.1, 34.1], "uv_size": [11.8, 5.8]},
								"up": {"uv": [45.1, 12.1], "uv_size": [3.8, 11.8]},
								"down": {"uv": [25.1, 56.9], "uv_size": [3.8, -11.8]}
							}
						},
						{
							"origin": [-0.34886, 13.91234, 1.85398],
							"size": [0.69773, 1.19922, 2.1804],
							"pivot": [0, 10.08435, 0],
							"rotation": [-39, -45, 0],
							"uv": {
								"north": {"uv": [60.1, 5.1], "uv_size": [2.8, 4.8]},
								"east": {"uv": [40.1, 29.1], "uv_size": [9.8, 4.8]},
								"south": {"uv": [39.1, 60.1], "uv_size": [2.8, 4.8]},
								"west": {"uv": [35.1, 40.1], "uv_size": [9.8, 4.8]},
								"up": {"uv": [29.1, 52.1], "uv_size": [2.8, 9.8]},
								"down": {"uv": [32.1, 61.9], "uv_size": [2.8, -9.8]}
							}
						},
						{
							"origin": [-0.26165, 15.54134, -0.42721],
							"size": [0.5233, 0.98118, 2.1804],
							"pivot": [0, 10.08435, 0],
							"rotation": [-81.5, -45, 0],
							"uv": {
								"north": {"uv": [6.1, 61.1], "uv_size": [1.8, 3.8]},
								"east": {"uv": [49.1, 12.1], "uv_size": [9.8, 3.8]},
								"south": {"uv": [52.1, 61.1], "uv_size": [1.8, 3.8]},
								"west": {"uv": [49.1, 16.1], "uv_size": [9.8, 3.8]},
								"up": {"uv": [26.1, 57.1], "uv_size": [1.8, 9.8]},
								"down": {"uv": [47.1, 67.9], "uv_size": [1.8, -9.8]}
							}
						},
						{
							"origin": [-0.21804, 12.71423, 5.08353],
							"size": [0.43608, 0.69773, 0.69773],
							"pivot": [0, 10.08435, 0],
							"rotation": [-36.5, -45, 0],
							"uv": {
								"north": {"uv": [60.1, 61.1], "uv_size": [1.8, 2.8]},
								"east": {"uv": [3.1, 61.1], "uv_size": [2.8, 2.8]},
								"south": {"uv": [8.1, 62.1], "uv_size": [1.8, 2.8]},
								"west": {"uv": [49.1, 61.1], "uv_size": [2.8, 2.8]},
								"up": {"uv": [10.1, 62.1], "uv_size": [1.8, 2.8]},
								"down": {"uv": [12.1, 64.9], "uv_size": [1.8, -2.8]}
							}
						},
						{
							"origin": [-0.58871, 9.93906, 0.48773],
							"size": [1.17742, 1.56989, 2.61648],
							"pivot": [0, 10.08435, 0],
							"rotation": [30, 45, 0],
							"uv": {
								"north": {"uv": [8.1, 52.1], "uv_size": [4.8, 6.8]},
								"east": {"uv": [28.1, 14.1], "uv_size": [11.8, 6.8]},
								"south": {"uv": [13.1, 52.1], "uv_size": [4.8, 6.8]},
								"west": {"uv": [28.1, 21.1], "uv_size": [11.8, 6.8]},
								"up": {"uv": [15.1, 40.1], "uv_size": [4.8, 11.8]},
								"down": {"uv": [20.1, 51.9], "uv_size": [4.8, -11.8]}
							}
						},
						{
							"origin": [-0.43608, 11.5337, 1.93103],
							"size": [0.87216, 1.37365, 2.61648],
							"pivot": [0, 10.08435, 0],
							"rotation": [-1, 45, 0],
							"uv": {
								"north": {"uv": [56.1, 0.1], "uv_size": [3.8, 5.8]},
								"east": {"uv": [12.1, 34.1], "uv_size": [11.8, 5.8]},
								"south": {"uv": [56.1, 6.1], "uv_size": [3.8, 5.8]},
								"west": {"uv": [24.1, 34.1], "uv_size": [11.8, 5.8]},
								"up": {"uv": [45.1, 12.1], "uv_size": [3.8, 11.8]},
								"down": {"uv": [25.1, 56.9], "uv_size": [3.8, -11.8]}
							}
						},
						{
							"origin": [-0.34886, 13.91234, 1.85398],
							"size": [0.69773, 1.19922, 2.1804],
							"pivot": [0, 10.08435, 0],
							"rotation": [-39, 45, 0],
							"uv": {
								"north": {"uv": [60.1, 5.1], "uv_size": [2.8, 4.8]},
								"east": {"uv": [40.1, 29.1], "uv_size": [9.8, 4.8]},
								"south": {"uv": [39.1, 60.1], "uv_size": [2.8, 4.8]},
								"west": {"uv": [35.1, 40.1], "uv_size": [9.8, 4.8]},
								"up": {"uv": [29.1, 52.1], "uv_size": [2.8, 9.8]},
								"down": {"uv": [32.1, 61.9], "uv_size": [2.8, -9.8]}
							}
						},
						{
							"origin": [-0.26165, 15.54134, -0.42721],
							"size": [0.5233, 0.98118, 2.1804],
							"pivot": [0, 10.08435, 0],
							"rotation": [-81.5, 45, 0],
							"uv": {
								"north": {"uv": [6.1, 61.1], "uv_size": [1.8, 3.8]},
								"east": {"uv": [49.1, 12.1], "uv_size": [9.8, 3.8]},
								"south": {"uv": [52.1, 61.1], "uv_size": [1.8, 3.8]},
								"west": {"uv": [49.1, 16.1], "uv_size": [9.8, 3.8]},
								"up": {"uv": [26.1, 57.1], "uv_size": [1.8, 9.8]},
								"down": {"uv": [47.1, 67.9], "uv_size": [1.8, -9.8]}
							}
						},
						{
							"origin": [-0.21804, 12.71423, 5.08353],
							"size": [0.43608, 0.69773, 0.69773],
							"pivot": [0, 10.08435, 0],
							"rotation": [-36.5, 45, 0],
							"uv": {
								"north": {"uv": [60.1, 61.1], "uv_size": [1.8, 2.8]},
								"east": {"uv": [3.1, 61.1], "uv_size": [2.8, 2.8]},
								"south": {"uv": [8.1, 62.1], "uv_size": [1.8, 2.8]},
								"west": {"uv": [49.1, 61.1], "uv_size": [2.8, 2.8]},
								"up": {"uv": [10.1, 62.1], "uv_size": [1.8, 2.8]},
								"down": {"uv": [12.1, 64.9], "uv_size": [1.8, -2.8]}
							}
						},
						{
							"origin": [-0.58871, 9.93906, 0.48773],
							"size": [1.17742, 1.56989, 2.61648],
							"pivot": [0, 10.08435, 0],
							"rotation": [-150, -45, -180],
							"uv": {
								"north": {"uv": [51.1, 38.1], "uv_size": [4.8, 6.8]},
								"east": {"uv": [28.1, 0.1], "uv_size": [11.8, 6.8]},
								"south": {"uv": [47.1, 51.1], "uv_size": [4.8, 6.8]},
								"west": {"uv": [28.1, 7.1], "uv_size": [11.8, 6.8]},
								"up": {"uv": [10.1, 40.1], "uv_size": [4.8, 11.8]},
								"down": {"uv": [40.1, 23.9], "uv_size": [4.8, -11.8]}
							}
						},
						{
							"origin": [-0.43608, 11.5337, 1.93103],
							"size": [0.87216, 1.37365, 2.61648],
							"pivot": [0, 10.08435, 0],
							"rotation": [179, -45, 180],
							"uv": {
								"north": {"uv": [39.1, 54.1], "uv_size": [3.8, 5.8]},
								"east": {"uv": [28.1, 28.1], "uv_size": [11.8, 5.8]},
								"south": {"uv": [43.1, 54.1], "uv_size": [3.8, 5.8]},
								"west": {"uv": [0.1, 30.1], "uv_size": [11.8, 5.8]},
								"up": {"uv": [0.1, 42.1], "uv_size": [3.8, 11.8]},
								"down": {"uv": [4.1, 53.9], "uv_size": [3.8, -11.8]}
							}
						},
						{
							"origin": [-0.34886, 13.91234, 1.85398],
							"size": [0.69773, 1.19922, 2.1804],
							"pivot": [0, 10.08435, 0],
							"rotation": [141, -45, 180],
							"uv": {
								"north": {"uv": [59.1, 49.1], "uv_size": [2.8, 4.8]},
								"east": {"uv": [40.1, 24.1], "uv_size": [9.8, 4.8]},
								"south": {"uv": [60.1, 0.1], "uv_size": [2.8, 4.8]},
								"west": {"uv": [25.1, 40.1], "uv_size": [9.8, 4.8]},
								"up": {"uv": [18.1, 52.1], "uv_size": [2.8, 9.8]},
								"down": {"uv": [21.1, 61.9], "uv_size": [2.8, -9.8]}
							}
						},
						{
							"origin": [-0.26165, 15.54134, -0.42721],
							"size": [0.5233, 0.98118, 2.1804],
							"pivot": [0, 10.08435, 0],
							"rotation": [98.5, -45, 180],
							"uv": {
								"north": {"uv": [10.1, 36.1], "uv_size": [1.8, 3.8]},
								"east": {"uv": [46.1, 34.1], "uv_size": [9.8, 3.8]},
								"south": {"uv": [45.1, 60.1], "uv_size": [1.8, 3.8]},
								"west": {"uv": [47.1, 47.1], "uv_size": [9.8, 3.8]},
								"up": {"uv": [8.1, 42.1], "uv_size": [1.8, 9.8]},
								"down": {"uv": [24.1, 66.9], "uv_size": [1.8, -9.8]}
							}
						},
						{
							"origin": [-0.21804, 12.71423, 5.08353],
							"size": [0.43608, 0.69773, 0.69773],
							"pivot": [0, 10.08435, 0],
							"rotation": [143.5, -45, 180],
							"uv": {
								"north": {"uv": [54.1, 61.1], "uv_size": [1.8, 2.8]},
								"east": {"uv": [42.1, 60.1], "uv_size": [2.8, 2.8]},
								"south": {"uv": [56.1, 61.1], "uv_size": [1.8, 2.8]},
								"west": {"uv": [0.1, 61.1], "uv_size": [2.8, 2.8]},
								"up": {"uv": [58.1, 61.1], "uv_size": [1.8, 2.8]},
								"down": {"uv": [61.1, 60.9], "uv_size": [1.8, -2.8]}
							}
						},
						{
							"origin": [-0.43608, 2.39844, -0.43608],
							"size": [0.87216, 6.5412, 0.87216],
							"pivot": [0, 10.08435, 0],
							"rotation": [0, 45, 0],
							"uv": {
								"north": {"uv": [0.1, 0.1], "uv_size": [3.8, 29.8]},
								"east": {"uv": [4.1, 0.1], "uv_size": [3.8, 29.8]},
								"south": {"uv": [8.1, 0.1], "uv_size": [3.8, 29.8]},
								"west": {"uv": [12.1, 0.1], "uv_size": [3.8, 29.8]},
								"up": {"uv": [12.1, 30.1], "uv_size": [3.8, 3.8]},
								"down": {"uv": [59.1, 36.9], "uv_size": [3.8, -3.8]}
							}
						},
						{
							"origin": [-0.43608, 12.64632, -0.43608],
							"size": [0.87216, 1.52628, 0.87216],
							"pivot": [0, 10.08435, 0],
							"rotation": [0, 45, 0],
							"uv": {
								"north": {"uv": [35.1, 52.1], "uv_size": [3.8, 6.8]},
								"east": {"uv": [52.1, 51.1], "uv_size": [3.8, 6.8]},
								"south": {"uv": [0.1, 54.1], "uv_size": [3.8, 6.8]},
								"west": {"uv": [4.1, 54.1], "uv_size": [3.8, 6.8]},
								"up": {"uv": [35.1, 59.1], "uv_size": [3.8, 3.8]},
								"down": {"uv": [59.1, 40.9], "uv_size": [3.8, -3.8]}
							}
						},
						{
							"origin": [-1.0902, 0.43608, -0.65412],
							"size": [0.65412, 1.52628, 1.30824],
							"uv": {
								"north": {"uv": [56.1, 34.1], "uv_size": [2.8, 6.8]},
								"east": {"uv": [45.1, 40.1], "uv_size": [5.8, 6.8]},
								"south": {"uv": [56.1, 51.1], "uv_size": [2.8, 6.8]},
								"west": {"uv": [41.1, 47.1], "uv_size": [5.8, 6.8]},
								"up": {"uv": [59.1, 21.1], "uv_size": [2.8, 5.8]},
								"down": {"uv": [59.1, 32.9], "uv_size": [2.8, -5.8]}
							}
						}
					],
					"locators": {
						"lead": [0, 2, 0]
					}
				}
			]
		}
	]
}