{
	"format_version": "1.12.0",
	"minecraft:geometry": [
		{
			"description": {
				"identifier": "geometry.dds_camping.atv",
				"texture_width": 256,
				"texture_height": 256,
				"visible_bounds_width": 5,
				"visible_bounds_height": 3.5,
				"visible_bounds_offset": [0, 1.25, 0]
			},
			"bones": [
				{
					"name": "root",
					"pivot": [0, 7.88446, -5.63176]
				},
				{
					"name": "body",
					"parent": "root",
					"pivot": [0, 7.88446, -14.64257],
					"rotation": [27.5, 0, 0],
					"cubes": [
						{
							"origin": [-6.87074, 8.28248, -18.36988],
							"size": [13.74149, 10.51261, 18.77252],
							"uv": {
								"north": {"uv": [61.1, 53.1], "uv_size": [17.8, 13.8]},
								"east": {"uv": [44.1, 25.1], "uv_size": [24.8, 13.8]},
								"south": {"uv": [12.1, 64.1], "uv_size": [17.8, 13.8]},
								"west": {"uv": [44.1, 39.1], "uv_size": [24.8, 13.8]},
								"up": {"uv": [26.1, 0.1], "uv_size": [17.8, 24.8]},
								"down": {"uv": [26.1, 49.9], "uv_size": [17.8, -24.8]}
							}
						},
						{
							"origin": [-2.36534, 12.83781, 8.45988],
							"size": [4.73068, 3.37905, 2.2527],
							"pivot": [0, 6.0507, 0.45901],
							"rotation": [50, 0, 0],
							"uv": {
								"north": {"uv": [11.1, 128.1], "uv_size": [5.8, 4.8]},
								"east": {"uv": [30.1, 161.1], "uv_size": [2.8, 4.8]},
								"south": {"uv": [98.1, 129.1], "uv_size": [5.8, 4.8]},
								"west": {"uv": [143.1, 161.1], "uv_size": [2.8, 4.8]},
								"up": {"uv": [38.1, 50.1], "uv_size": [5.8, 2.8]},
								"down": {"uv": [103.1, 65.9], "uv_size": [5.8, -2.8]}
							}
						},
						{
							"origin": [-3.86714, 18.30184, 3.0183],
							"size": [7.73428, 1.87725, 8.25991],
							"pivot": [0, 6.0507, 0.45901],
							"rotation": [40, 0, 0],
							"uv": {
								"north": {"uv": [156.1, 63.1], "uv_size": [9.8, 2.8]},
								"east": {"uv": [11.1, 155.1], "uv_size": [10.8, 2.8]},
								"south": {"uv": [64.1, 156.1], "uv_size": [9.8, 2.8]},
								"west": {"uv": [155.1, 24.1], "uv_size": [10.8, 2.8]},
								"up": {"uv": [69.1, 40.1], "uv_size": [9.8, 10.8]},
								"down": {"uv": [26.1, 120.9], "uv_size": [9.8, -10.8]}
							}
						},
						{
							"origin": [6.75811, 10.32552, -20.08876],
							"size": [7.20865, 2.2527, 12.38987],
							"pivot": [0, 6.0507, 0.45901],
							"rotation": [-21, 0, 0],
							"uv": {
								"north": {"uv": [139.1, 124.1], "uv_size": [9.8, 2.8]},
								"east": {"uv": [0.1, 122.1], "uv_size": [16.8, 2.8]},
								"south": {"uv": [44.1, 155.1], "uv_size": [9.8, 2.8]},
								"west": {"uv": [36.1, 122.1], "uv_size": [16.8, 2.8]},
								"up": {"uv": [33.1, 93.1], "uv_size": [9.8, 16.8]},
								"down": {"uv": [43.1, 109.9], "uv_size": [9.8, -16.8]}
							}
						},
						{
							"origin": [4.50541, 0.9163, -8.59963],
							"size": [7.88446, 12.99059, 2.2527],
							"pivot": [0, 6.0507, 0.45901],
							"rotation": [-10.5, 0, 0],
							"uv": {
								"north": {"uv": [84.1, 86.1], "uv_size": [10.8, 16.8]},
								"east": {"uv": [17.1, 122.1], "uv_size": [2.8, 16.8]},
								"south": {"uv": [92.1, 33.1], "uv_size": [10.8, 16.8]},
								"west": {"uv": [20.1, 122.1], "uv_size": [2.8, 16.8]},
								"up": {"uv": [107.1, 11.1], "uv_size": [10.8, 2.8]},
								"down": {"uv": [154.1, 2.9], "uv_size": [10.8, -2.8]}
							}
						},
						{
							"origin": [3.37905, -3.44432, -1.22961],
							"size": [9.01081, 2.2527, 12.38987],
							"pivot": [0, 6.0507, 0.45901],
							"rotation": [29, 0, 0],
							"uv": {
								"north": {"uv": [153.1, 93.1], "uv_size": [11.8, 2.8]},
								"east": {"uv": [80.1, 126.1], "uv_size": [15.8, 2.8]},
								"south": {"uv": [153.1, 96.1], "uv_size": [11.8, 2.8]},
								"west": {"uv": [126.1, 91.1], "uv_size": [15.8, 2.8]},
								"up": {"uv": [81.1, 17.1], "uv_size": [11.8, 15.8]},
								"down": {"uv": [83.1, 15.9], "uv_size": [11.8, -15.8]}
							}
						},
						{
							"origin": [5.10613, 8.42972, 12.45467],
							"size": [8.86063, 2.2527, 12.38987],
							"pivot": [0, 6.0507, 0.45901],
							"rotation": [-26, 0, 0],
							"uv": {
								"north": {"uv": [153.1, 138.1], "uv_size": [11.8, 2.8]},
								"east": {"uv": [125.1, 73.1], "uv_size": [16.8, 2.8]},
								"south": {"uv": [153.1, 141.1], "uv_size": [11.8, 2.8]},
								"west": {"uv": [125.1, 76.1], "uv_size": [16.8, 2.8]},
								"up": {"uv": [30.1, 76.1], "uv_size": [11.8, 16.8]},
								"down": {"uv": [42.1, 92.9], "uv_size": [11.8, -16.8]}
							}
						},
						{
							"origin": [-13.96676, 10.32552, -20.08876],
							"size": [7.20865, 2.2527, 12.38987],
							"pivot": [0, 6.0507, 0.45901],
							"rotation": [-21, 0, 0],
							"uv": {
								"north": {"uv": [148.9, 124.1], "uv_size": [-9.8, 2.8]},
								"east": {"uv": [52.9, 122.1], "uv_size": [-16.8, 2.8]},
								"south": {"uv": [53.9, 155.1], "uv_size": [-9.8, 2.8]},
								"west": {"uv": [16.9, 122.1], "uv_size": [-16.8, 2.8]},
								"up": {"uv": [42.9, 93.1], "uv_size": [-9.8, 16.8]},
								"down": {"uv": [52.9, 109.9], "uv_size": [-9.8, -16.8]}
							}
						},
						{
							"origin": [-12.38987, 0.9163, -8.59963],
							"size": [7.88446, 12.99059, 2.2527],
							"pivot": [0, 6.0507, 0.45901],
							"rotation": [-10.5, 0, 0],
							"uv": {
								"north": {"uv": [94.9, 86.1], "uv_size": [-10.8, 16.8]},
								"east": {"uv": [22.9, 122.1], "uv_size": [-2.8, 16.8]},
								"south": {"uv": [102.9, 33.1], "uv_size": [-10.8, 16.8]},
								"west": {"uv": [19.9, 122.1], "uv_size": [-2.8, 16.8]},
								"up": {"uv": [117.9, 11.1], "uv_size": [-10.8, 2.8]},
								"down": {"uv": [164.9, 2.9], "uv_size": [-10.8, -2.8]}
							}
						},
						{
							"origin": [-13.96676, 8.42972, 12.45467],
							"size": [8.86063, 2.2527, 12.38987],
							"pivot": [0, 6.0507, 0.45901],
							"rotation": [-26, 0, 0],
							"uv": {
								"north": {"uv": [164.9, 138.1], "uv_size": [-11.8, 2.8]},
								"east": {"uv": [141.9, 76.1], "uv_size": [-16.8, 2.8]},
								"south": {"uv": [164.9, 141.1], "uv_size": [-11.8, 2.8]},
								"west": {"uv": [141.9, 73.1], "uv_size": [-16.8, 2.8]},
								"up": {"uv": [41.9, 76.1], "uv_size": [-11.8, 16.8]},
								"down": {"uv": [53.9, 92.9], "uv_size": [-11.8, -16.8]}
							}
						},
						{
							"origin": [-12.38987, -3.44432, -1.22961],
							"size": [9.01081, 2.2527, 12.38987],
							"pivot": [0, 6.0507, 0.45901],
							"rotation": [29, 0, 0],
							"uv": {
								"north": {"uv": [164.9, 93.1], "uv_size": [-11.8, 2.8]},
								"east": {"uv": [141.9, 91.1], "uv_size": [-15.8, 2.8]},
								"south": {"uv": [164.9, 96.1], "uv_size": [-11.8, 2.8]},
								"west": {"uv": [95.9, 126.1], "uv_size": [-15.8, 2.8]},
								"up": {"uv": [92.9, 17.1], "uv_size": [-11.8, 15.8]},
								"down": {"uv": [94.9, 15.9], "uv_size": [-11.8, -15.8]}
							}
						},
						{
							"origin": [-4.50541, -0.10417, -9.61153],
							"size": [9.01081, 10.13716, 16.89527],
							"pivot": [0, 5.57659, -3.14594],
							"rotation": [-27.5, 0, 0],
							"uv": {
								"north": {"uv": [95.1, 0.1], "uv_size": [11.8, 13.8]},
								"east": {"uv": [15.1, 50.1], "uv_size": [22.8, 13.8]},
								"south": {"uv": [53.1, 96.1], "uv_size": [11.8, 13.8]},
								"west": {"uv": [38.1, 53.1], "uv_size": [22.8, 13.8]},
								"up": {"uv": [59.1, 0.1], "uv_size": [11.8, 22.8]},
								"down": {"uv": [0.1, 83.9], "uv_size": [11.8, -22.8]}
							}
						}
					]
				},
				{
					"name": "alpha",
					"parent": "body",
					"pivot": [0, 5.57659, -3.14594],
					"cubes": [
						{
							"origin": [-11.55299, 17.43475, -24.13597],
							"size": [23.10597, 0, 16.07754],
							"pivot": [0, 6.0507, 0.45901],
							"rotation": [-15, 0, 0],
							"uv": {
								"north": {"uv": [0.1, 0.1], "uv_size": [25.8, 0]},
								"east": {"uv": [0.1, 0.1], "uv_size": [17.8, 0]},
								"south": {"uv": [0.1, 0.1], "uv_size": [25.8, 0]},
								"west": {"uv": [0.1, 0.1], "uv_size": [17.8, 0]},
								"up": {"uv": [0.1, 0.1], "uv_size": [25.8, 17.8]},
								"down": {"uv": [0.1, 35.9], "uv_size": [25.8, -17.8]}
							}
						},
						{
							"origin": [-5.63176, 5.0866, -7.04586],
							"size": [11.26352, 6.75811, 18.39707],
							"pivot": [0, 6.0507, 0.45901],
							"rotation": [-35, 0, 0],
							"uv": {
								"north": {"uv": [79.1, 103.1], "uv_size": [14.8, 8.8]},
								"east": {"uv": [30.1, 67.1], "uv_size": [24.8, 8.8]},
								"south": {"uv": [94.1, 103.1], "uv_size": [14.8, 8.8]},
								"west": {"uv": [55.1, 67.1], "uv_size": [24.8, 8.8]},
								"up": {"uv": [0.1, 36.1], "uv_size": [14.8, 24.8]},
								"down": {"uv": [44.1, 24.9], "uv_size": [14.8, -24.8]}
							}
						},
						{
							"origin": [-4.88086, 4.16795, 5.70785],
							"size": [9.76171, 6.38266, 11.63897],
							"pivot": [0, 6.0507, 0.45901],
							"rotation": [-18.5, 0, 0],
							"uv": {
								"north": {"uv": [0.1, 110.1], "uv_size": [12.8, 8.8]},
								"east": {"uv": [104.1, 14.1], "uv_size": [14.8, 8.8]},
								"south": {"uv": [13.1, 110.1], "uv_size": [12.8, 8.8]},
								"west": {"uv": [104.1, 23.1], "uv_size": [14.8, 8.8]},
								"up": {"uv": [79.1, 40.1], "uv_size": [12.8, 14.8]},
								"down": {"uv": [80.1, 69.9], "uv_size": [12.8, -14.8]}
							}
						},
						{
							"origin": [7.88446, 11.34636, 16.01234],
							"size": [0, 3.0036, 10.66279],
							"pivot": [0, 6.0507, 0.45901],
							"rotation": [-18.5, 0, 0],
							"uv": {
								"north": {"uv": [0.1, 0.1], "uv_size": [0, 3.8]},
								"east": {"uv": [119.1, 26.1], "uv_size": [13.8, 3.8]},
								"south": {"uv": [0.1, 0.1], "uv_size": [0, 3.8]},
								"west": {"uv": [108.1, 121.1], "uv_size": [13.8, 3.8]},
								"up": {"uv": [0.1, 0.1], "uv_size": [0, 13.8]},
								"down": {"uv": [0.1, 13.9], "uv_size": [0, -13.8]}
							}
						},
						{
							"origin": [3.07869, 10.2951, 16.91342],
							"size": [1.5018, 1.05126, 8.63536],
							"pivot": [0, 6.0507, 0.45901],
							"rotation": [-18.5, 0, 0],
							"uv": {
								"north": {"uv": [87.1, 16.1], "uv_size": [1.8, 0.8]},
								"east": {"uv": [164.1, 54.1], "uv_size": [10.8, 0.8]},
								"south": {"uv": [89.1, 16.1], "uv_size": [1.8, 0.8]},
								"west": {"uv": [164.1, 55.1], "uv_size": [10.8, 0.8]},
								"up": {"uv": [20.1, 158.1], "uv_size": [1.8, 10.8]},
								"down": {"uv": [52.1, 168.9], "uv_size": [1.8, -10.8]}
							}
						},
						{
							"origin": [-7.88446, 7.92246, 15.84501],
							"size": [15.76892, 3.37905, 1.12635],
							"pivot": [0, 6.0507, 0.45901],
							"rotation": [-18.5, 0, 0],
							"uv": {
								"north": {"uv": [110.1, 63.1], "uv_size": [20.8, 4.8]},
								"east": {"uv": [79.1, 55.1], "uv_size": [0.8, 4.8]},
								"south": {"uv": [110.1, 68.1], "uv_size": [20.8, 4.8]},
								"west": {"uv": [79.1, 60.1], "uv_size": [0.8, 4.8]},
								"up": {"uv": [154.1, 15.1], "uv_size": [20.8, 0.8]},
								"down": {"uv": [155.1, 27.9], "uv_size": [20.8, -0.8]}
							}
						},
						{
							"origin": [-7.88446, 11.38378, 26.68321],
							"size": [15.76892, 3.0036, 0],
							"pivot": [0, 6.0507, 0.45901],
							"rotation": [-18.5, 0, 0],
							"uv": {
								"north": {"uv": [117.1, 44.1], "uv_size": [20.8, 3.8]},
								"east": {"uv": [0.1, 0.1], "uv_size": [0, 3.8]},
								"south": {"uv": [117.1, 48.1], "uv_size": [20.8, 3.8]},
								"west": {"uv": [0.1, 0.1], "uv_size": [0, 3.8]},
								"up": {"uv": [0.1, 0.1], "uv_size": [20.8, 0]},
								"down": {"uv": [0.1, 0.1], "uv_size": [20.8, 0]}
							}
						},
						{
							"origin": [-7.88446, 10.25742, 25.55686],
							"size": [15.76892, 1.12635, 1.12635],
							"pivot": [0, 6.0507, 0.45901],
							"rotation": [-18.5, 0, 0],
							"uv": {
								"north": {"uv": [151.1, 88.1], "uv_size": [20.8, 1.8]},
								"east": {"uv": [79.1, 65.1], "uv_size": [0.8, 1.8]},
								"south": {"uv": [152.1, 136.1], "uv_size": [20.8, 1.8]},
								"west": {"uv": [80.1, 17.1], "uv_size": [0.8, 1.8]},
								"up": {"uv": [160.1, 44.1], "uv_size": [20.8, 0.8]},
								"down": {"uv": [160.1, 45.9], "uv_size": [20.8, -0.8]}
							}
						},
						{
							"origin": [4.50541, -1.29476, -7.3706],
							"size": [7.80937, 14.64257, 2.2527],
							"pivot": [0, 6.0507, 0.45901],
							"rotation": [62.5, 0, 0],
							"uv": {
								"north": {"uv": [54.1, 76.1], "uv_size": [9.8, 19.8]},
								"east": {"uv": [71.1, 119.1], "uv_size": [2.8, 19.8]},
								"south": {"uv": [64.1, 76.1], "uv_size": [9.8, 19.8]},
								"west": {"uv": [59.1, 121.1], "uv_size": [2.8, 19.8]},
								"up": {"uv": [0.1, 156.1], "uv_size": [9.8, 2.8]},
								"down": {"uv": [22.1, 158.9], "uv_size": [9.8, -2.8]}
							}
						},
						{
							"origin": [3.67941, -10.75098, 4.39409],
							"size": [1.5018, 1.5018, 16.51982],
							"pivot": [0, 6.0507, 0.45901],
							"rotation": [30, 0, 0],
							"uv": {
								"north": {"uv": [63.1, 23.1], "uv_size": [1.8, 1.8]},
								"east": {"uv": [116.1, 127.1], "uv_size": [21.8, 1.8]},
								"south": {"uv": [65.1, 23.1], "uv_size": [1.8, 1.8]},
								"west": {"uv": [128.1, 18.1], "uv_size": [21.8, 1.8]},
								"up": {"uv": [57.1, 125.1], "uv_size": [1.8, 21.8]},
								"down": {"uv": [96.1, 147.9], "uv_size": [1.8, -21.8]}
							}
						},
						{
							"origin": [-5.18122, -10.75098, 4.39409],
							"size": [1.5018, 1.5018, 16.51982],
							"pivot": [0, 6.0507, 0.45901],
							"rotation": [30, 0, 0],
							"uv": {
								"north": {"uv": [64.9, 23.1], "uv_size": [-1.8, 1.8]},
								"east": {"uv": [149.9, 18.1], "uv_size": [-21.8, 1.8]},
								"south": {"uv": [66.9, 23.1], "uv_size": [-1.8, 1.8]},
								"west": {"uv": [137.9, 127.1], "uv_size": [-21.8, 1.8]},
								"up": {"uv": [58.9, 125.1], "uv_size": [-1.8, 21.8]},
								"down": {"uv": [97.9, 147.9], "uv_size": [-1.8, -21.8]}
							}
						},
						{
							"origin": [-12.31478, -1.29476, -7.3706],
							"size": [7.80937, 14.64257, 2.2527],
							"pivot": [0, 6.0507, 0.45901],
							"rotation": [62.5, 0, 0],
							"uv": {
								"north": {"uv": [63.9, 76.1], "uv_size": [-9.8, 19.8]},
								"east": {"uv": [61.9, 121.1], "uv_size": [-2.8, 19.8]},
								"south": {"uv": [73.9, 76.1], "uv_size": [-9.8, 19.8]},
								"west": {"uv": [73.9, 119.1], "uv_size": [-2.8, 19.8]},
								"up": {"uv": [9.9, 156.1], "uv_size": [-9.8, 2.8]},
								"down": {"uv": [31.9, 158.9], "uv_size": [-9.8, -2.8]}
							}
						},
						{
							"origin": [-4.5805, 10.2951, 16.91342],
							"size": [1.5018, 1.05126, 8.63536],
							"pivot": [0, 6.0507, 0.45901],
							"rotation": [-18.5, 0, 0],
							"uv": {
								"north": {"uv": [88.9, 16.1], "uv_size": [-1.8, 0.8]},
								"east": {"uv": [174.9, 55.1], "uv_size": [-10.8, 0.8]},
								"south": {"uv": [90.9, 16.1], "uv_size": [-1.8, 0.8]},
								"west": {"uv": [174.9, 54.1], "uv_size": [-10.8, 0.8]},
								"up": {"uv": [21.9, 158.1], "uv_size": [-1.8, 10.8]},
								"down": {"uv": [53.9, 168.9], "uv_size": [-1.8, -10.8]}
							}
						},
						{
							"origin": [-0.7509, 10.2951, 16.91342],
							"size": [1.5018, 1.05126, 8.63536],
							"pivot": [0, 6.0507, 0.45901],
							"rotation": [-18.5, 0, 0],
							"uv": {
								"north": {"uv": [91.1, 16.1], "uv_size": [1.8, 0.8]},
								"east": {"uv": [88.1, 165.1], "uv_size": [10.8, 0.8]},
								"south": {"uv": [27.1, 92.1], "uv_size": [1.8, 0.8]},
								"west": {"uv": [165.1, 93.1], "uv_size": [10.8, 0.8]},
								"up": {"uv": [146.1, 158.1], "uv_size": [1.8, 10.8]},
								"down": {"uv": [148.1, 168.9], "uv_size": [1.8, -10.8]}
							}
						},
						{
							"origin": [-7.88446, 11.34636, 16.01234],
							"size": [0, 3.0036, 10.66279],
							"pivot": [0, 6.0507, 0.45901],
							"rotation": [-18.5, 0, 0],
							"uv": {
								"north": {"uv": [0.1, 0.1], "uv_size": [0, 3.8]},
								"east": {"uv": [121.9, 121.1], "uv_size": [-13.8, 3.8]},
								"south": {"uv": [0.1, 0.1], "uv_size": [0, 3.8]},
								"west": {"uv": [132.9, 26.1], "uv_size": [-13.8, 3.8]},
								"up": {"uv": [0.1, 0.1], "uv_size": [0, 13.8]},
								"down": {"uv": [0.1, 13.9], "uv_size": [0, -13.8]}
							}
						},
						{
							"origin": [-7.88446, 10.2951, 16.91342],
							"size": [1.5018, 1.05126, 8.63536],
							"pivot": [0, 6.0507, 0.45901],
							"rotation": [-18.5, 0, 0],
							"uv": {
								"north": {"uv": [95.1, 14.1], "uv_size": [1.8, 0.8]},
								"east": {"uv": [165.1, 94.1], "uv_size": [10.8, 0.8]},
								"south": {"uv": [95.1, 15.1], "uv_size": [1.8, 0.8]},
								"west": {"uv": [165.1, 95.1], "uv_size": [10.8, 0.8]},
								"up": {"uv": [0.1, 159.1], "uv_size": [1.8, 10.8]},
								"down": {"uv": [2.1, 169.9], "uv_size": [1.8, -10.8]}
							}
						},
						{
							"origin": [-5.63176, 18.36716, -21.66398],
							"size": [11.26352, 4.12996, 2.2527],
							"pivot": [0, 19.56097, -20.4996],
							"rotation": [-30, 0, 0],
							"uv": {
								"north": {"uv": [117.1, 32.1], "uv_size": [14.8, 5.8]},
								"east": {"uv": [68.1, 135.1], "uv_size": [2.8, 5.8]},
								"south": {"uv": [117.1, 38.1], "uv_size": [14.8, 5.8]},
								"west": {"uv": [92.1, 143.1], "uv_size": [2.8, 5.8]},
								"up": {"uv": [126.1, 106.1], "uv_size": [14.8, 2.8]},
								"down": {"uv": [126.1, 111.9], "uv_size": [14.8, -2.8]}
							}
						},
						{
							"origin": [6.38266, 10.2951, 16.91342],
							"size": [1.5018, 1.05126, 8.63536],
							"pivot": [0, 6.0507, 0.45901],
							"rotation": [-18.5, 0, 0],
							"uv": {
								"north": {"uv": [96.9, 14.1], "uv_size": [-1.8, 0.8]},
								"east": {"uv": [175.9, 95.1], "uv_size": [-10.8, 0.8]},
								"south": {"uv": [96.9, 15.1], "uv_size": [-1.8, 0.8]},
								"west": {"uv": [175.9, 94.1], "uv_size": [-10.8, 0.8]},
								"up": {"uv": [1.9, 159.1], "uv_size": [-1.8, 10.8]},
								"down": {"uv": [3.9, 169.9], "uv_size": [-1.8, -10.8]}
							}
						},
						{
							"origin": [-3.37905, -0.10417, 7.13356],
							"size": [3.37905, 4.50541, 11.26351],
							"pivot": [0, 5.57659, -3.29612],
							"rotation": [-27.5, 0, 0],
							"uv": {
								"north": {"uv": [79.1, 96.1], "uv_size": [4.8, 5.8]},
								"east": {"uv": [114.1, 85.1], "uv_size": [14.8, 5.8]},
								"south": {"uv": [98.1, 134.1], "uv_size": [4.8, 5.8]},
								"west": {"uv": [106.1, 115.1], "uv_size": [14.8, 5.8]},
								"up": {"uv": [22.1, 78.1], "uv_size": [4.8, 14.8]},
								"down": {"uv": [54.1, 124.9], "uv_size": [4.8, -14.8]}
							}
						},
						{
							"origin": [-3.37905, 0.64673, -19.7487],
							"size": [6.75811, 9.01081, 10.13716],
							"pivot": [0, 5.57659, -3.14594],
							"rotation": [-27.5, 0, 0],
							"uv": {
								"north": {"uv": [36.1, 110.1], "uv_size": [8.8, 11.8]},
								"east": {"uv": [65.1, 96.1], "uv_size": [13.8, 11.8]},
								"south": {"uv": [45.1, 110.1], "uv_size": [8.8, 11.8]},
								"west": {"uv": [96.1, 67.1], "uv_size": [13.8, 11.8]},
								"up": {"uv": [15.1, 36.1], "uv_size": [8.8, 13.8]},
								"down": {"uv": [105.1, 92.9], "uv_size": [8.8, -13.8]}
							}
						},
						{
							"origin": [-3.37905, 4.40123, -15.24329],
							"size": [6.75811, 4.50541, 5.63176],
							"pivot": [0, 5.57659, -3.14594],
							"rotation": [-27.5, 0, 0],
							"uv": {
								"north": {"uv": [71.1, 17.1], "uv_size": [8.8, 5.8]},
								"east": {"uv": [96.1, 79.1], "uv_size": [7.8, 5.8]},
								"south": {"uv": [81.1, 33.1], "uv_size": [8.8, 5.8]},
								"west": {"uv": [108.1, 125.1], "uv_size": [7.8, 5.8]},
								"up": {"uv": [90.1, 118.1], "uv_size": [8.8, 7.8]},
								"down": {"uv": [119.1, 25.9], "uv_size": [8.8, -7.8]}
							}
						},
						{
							"origin": [4.88086, 6.57885, -26.35663],
							"size": [1.5018, 7.13356, 10.51261],
							"pivot": [0, 5.57659, -3.14594],
							"rotation": [-27.5, 0, 0],
							"uv": {
								"north": {"uv": [105.1, 93.1], "uv_size": [1.8, 9.8]},
								"east": {"uv": [0.1, 100.1], "uv_size": [13.8, 9.8]},
								"south": {"uv": [107.1, 93.1], "uv_size": [1.8, 9.8]},
								"west": {"uv": [103.1, 33.1], "uv_size": [13.8, 9.8]},
								"up": {"uv": [24.1, 36.1], "uv_size": [1.8, 13.8]},
								"down": {"uv": [152.1, 168.9], "uv_size": [1.8, -13.8]}
							}
						},
						{
							"origin": [-5.63176, 3.27488, 15.1682],
							"size": [2.36534, 10.13716, 2.2527],
							"pivot": [0, 5.57659, -3.14594],
							"rotation": [-27.5, 0, 0],
							"uv": {
								"north": {"uv": [27.1, 78.1], "uv_size": [2.8, 13.8]},
								"east": {"uv": [47.1, 128.1], "uv_size": [2.8, 13.8]},
								"south": {"uv": [50.1, 128.1], "uv_size": [2.8, 13.8]},
								"west": {"uv": [92.1, 129.1], "uv_size": [2.8, 13.8]},
								"up": {"uv": [12.1, 61.1], "uv_size": [2.8, 2.8]},
								"down": {"uv": [93.1, 69.9], "uv_size": [2.8, -2.8]}
							}
						},
						{
							"origin": [3.26642, 3.27488, 15.1682],
							"size": [2.36534, 10.13716, 2.2527],
							"pivot": [0, 5.57659, -3.14594],
							"rotation": [-27.5, 0, 0],
							"uv": {
								"north": {"uv": [29.9, 78.1], "uv_size": [-2.8, 13.8]},
								"east": {"uv": [94.9, 129.1], "uv_size": [-2.8, 13.8]},
								"south": {"uv": [52.9, 128.1], "uv_size": [-2.8, 13.8]},
								"west": {"uv": [49.9, 128.1], "uv_size": [-2.8, 13.8]},
								"up": {"uv": [14.9, 61.1], "uv_size": [-2.8, 2.8]},
								"down": {"uv": [95.9, 69.9], "uv_size": [-2.8, -2.8]}
							}
						},
						{
							"origin": [-10.51261, 0.04601, 15.1682],
							"size": [21.02523, 2.2527, 2.2527],
							"pivot": [0, 5.57659, -3.14594],
							"rotation": [-27.5, 0, 0],
							"uv": {
								"north": {"uv": [117.1, 58.1], "uv_size": [23.8, 2.8]},
								"east": {"uv": [149.1, 128.1], "uv_size": [2.8, 2.8]},
								"south": {"uv": [0.1, 119.1], "uv_size": [23.8, 2.8]},
								"west": {"uv": [39.1, 162.1], "uv_size": [2.8, 2.8]},
								"up": {"uv": [119.1, 12.1], "uv_size": [23.8, 2.8]},
								"down": {"uv": [119.1, 17.9], "uv_size": [23.8, -2.8]}
							}
						},
						{
							"origin": [4.55588, 2.12126, -17.64617],
							"size": [7.88446, 2.2527, 2.2527],
							"pivot": [0, 5.57659, -3.14594],
							"rotation": [-26.89526, 5.96211, 11.57317],
							"uv": {
								"north": {"uv": [154.1, 9.1], "uv_size": [10.8, 2.8]},
								"east": {"uv": [165.1, 114.1], "uv_size": [2.8, 2.8]},
								"south": {"uv": [154.1, 12.1], "uv_size": [10.8, 2.8]},
								"west": {"uv": [117.1, 165.1], "uv_size": [2.8, 2.8]},
								"up": {"uv": [154.1, 32.1], "uv_size": [10.8, 2.8]},
								"down": {"uv": [154.1, 37.9], "uv_size": [10.8, -2.8]}
							}
						},
						{
							"origin": [-2.38958, 6.80412, -26.17741],
							"size": [7.88446, 1.12635, 1.5018],
							"pivot": [0, 5.57659, -3.14594],
							"rotation": [-28.9854, -17.66046, 9.54013],
							"uv": {
								"north": {"uv": [87.1, 159.1], "uv_size": [10.8, 1.8]},
								"east": {"uv": [71.1, 51.1], "uv_size": [1.8, 1.8]},
								"south": {"uv": [98.1, 159.1], "uv_size": [10.8, 1.8]},
								"west": {"uv": [73.1, 51.1], "uv_size": [1.8, 1.8]},
								"up": {"uv": [109.1, 159.1], "uv_size": [10.8, 1.8]},
								"down": {"uv": [154.1, 160.9], "uv_size": [10.8, -1.8]}
							}
						},
						{
							"origin": [-5.63176, 6.80412, -25.60572],
							"size": [11.26352, 1.12635, 1.5018],
							"pivot": [0, 5.57659, -3.14594],
							"rotation": [-27.5, 0, 0],
							"uv": {
								"north": {"uv": [153.1, 74.1], "uv_size": [14.8, 1.8]},
								"east": {"uv": [75.1, 51.1], "uv_size": [1.8, 1.8]},
								"south": {"uv": [156.1, 66.1], "uv_size": [14.8, 1.8]},
								"west": {"uv": [77.1, 51.1], "uv_size": [1.8, 1.8]},
								"up": {"uv": [156.1, 68.1], "uv_size": [14.8, 1.8]},
								"down": {"uv": [156.1, 71.9], "uv_size": [14.8, -1.8]}
							}
						},
						{
							"origin": [-5.49488, 6.80412, -26.17741],
							"size": [7.88446, 1.12635, 1.5018],
							"pivot": [0, 5.57659, -3.14594],
							"rotation": [-28.9854, 17.66046, -9.54013],
							"uv": {
								"north": {"uv": [97.9, 159.1], "uv_size": [-10.8, 1.8]},
								"east": {"uv": [74.9, 51.1], "uv_size": [-1.8, 1.8]},
								"south": {"uv": [108.9, 159.1], "uv_size": [-10.8, 1.8]},
								"west": {"uv": [72.9, 51.1], "uv_size": [-1.8, 1.8]},
								"up": {"uv": [119.9, 159.1], "uv_size": [-10.8, 1.8]},
								"down": {"uv": [164.9, 160.9], "uv_size": [-10.8, -1.8]}
							}
						},
						{
							"origin": [4.96503, 17.61649, -19.98186],
							"size": [10.13716, 4.12996, 2.2527],
							"pivot": [10.00943, 18.81007, -18.83397],
							"rotation": [-29.66899, -16.40699, 6.93209],
							"uv": {
								"north": {"uv": [117.1, 52.1], "uv_size": [13.8, 5.8]},
								"east": {"uv": [64.1, 159.1], "uv_size": [2.8, 5.8]},
								"south": {"uv": [118.1, 0.1], "uv_size": [13.8, 5.8]},
								"west": {"uv": [67.1, 159.1], "uv_size": [2.8, 5.8]},
								"up": {"uv": [64.1, 153.1], "uv_size": [13.8, 2.8]},
								"down": {"uv": [78.1, 155.9], "uv_size": [13.8, -2.8]}
							}
						},
						{
							"origin": [-6.38266, 6.57885, -26.35663],
							"size": [1.5018, 7.13356, 10.51261],
							"pivot": [0, 5.57659, -3.14594],
							"rotation": [-27.5, 0, 0],
							"uv": {
								"north": {"uv": [106.9, 93.1], "uv_size": [-1.8, 9.8]},
								"east": {"uv": [116.9, 33.1], "uv_size": [-13.8, 9.8]},
								"south": {"uv": [108.9, 93.1], "uv_size": [-1.8, 9.8]},
								"west": {"uv": [13.9, 100.1], "uv_size": [-13.8, 9.8]},
								"up": {"uv": [25.9, 36.1], "uv_size": [-1.8, 13.8]},
								"down": {"uv": [153.9, 168.9], "uv_size": [-1.8, -13.8]}
							}
						},
						{
							"origin": [0, -0.10417, 7.13356],
							"size": [3.37905, 4.50541, 11.26351],
							"pivot": [0, 5.57659, -3.29612],
							"rotation": [-27.5, 0, 0],
							"uv": {
								"north": {"uv": [83.9, 96.1], "uv_size": [-4.8, 5.8]},
								"east": {"uv": [120.9, 115.1], "uv_size": [-14.8, 5.8]},
								"south": {"uv": [102.9, 134.1], "uv_size": [-4.8, 5.8]},
								"west": {"uv": [128.9, 85.1], "uv_size": [-14.8, 5.8]},
								"up": {"uv": [26.9, 78.1], "uv_size": [-4.8, 14.8]},
								"down": {"uv": [58.9, 124.9], "uv_size": [-4.8, -14.8]}
							}
						},
						{
							"origin": [-15.10219, 17.61649, -19.98186],
							"size": [10.13716, 4.12996, 2.2527],
							"pivot": [-10.00943, 18.81007, -18.83397],
							"rotation": [-29.66899, 16.40699, -6.93209],
							"uv": {
								"north": {"uv": [130.9, 52.1], "uv_size": [-13.8, 5.8]},
								"east": {"uv": [69.9, 159.1], "uv_size": [-2.8, 5.8]},
								"south": {"uv": [131.9, 0.1], "uv_size": [-13.8, 5.8]},
								"west": {"uv": [66.9, 159.1], "uv_size": [-2.8, 5.8]},
								"up": {"uv": [77.9, 153.1], "uv_size": [-13.8, 2.8]},
								"down": {"uv": [91.9, 155.9], "uv_size": [-13.8, -2.8]}
							}
						},
						{
							"origin": [-12.44034, 2.12126, -17.64617],
							"size": [7.88446, 2.2527, 2.2527],
							"pivot": [0, 5.57659, -3.14594],
							"rotation": [-26.89526, -5.96211, -11.57317],
							"uv": {
								"north": {"uv": [164.9, 9.1], "uv_size": [-10.8, 2.8]},
								"east": {"uv": [119.9, 165.1], "uv_size": [-2.8, 2.8]},
								"south": {"uv": [164.9, 12.1], "uv_size": [-10.8, 2.8]},
								"west": {"uv": [167.9, 114.1], "uv_size": [-2.8, 2.8]},
								"up": {"uv": [164.9, 32.1], "uv_size": [-10.8, 2.8]},
								"down": {"uv": [164.9, 37.9], "uv_size": [-10.8, -2.8]}
							}
						},
						{
							"origin": [-2.36714, 18.30184, 6.0183],
							"size": [4.73428, 1.87725, 3.85991],
							"inflate": 0.02,
							"pivot": [0, 6.0507, 0.45901],
							"rotation": [40, 0, 0],
							"uv": {
								"north": {"uv": [156.1, 63.1], "uv_size": [9.8, 2.8]},
								"east": {"uv": [11.1, 155.1], "uv_size": [10.8, 2.8]},
								"south": {"uv": [64.1, 156.1], "uv_size": [9.8, 2.8]},
								"west": {"uv": [155.1, 24.1], "uv_size": [10.8, 2.8]},
								"up": {"uv": [71.1, 42.1], "uv_size": [5.8, 4.8]},
								"down": {"uv": [26.1, 120.9], "uv_size": [9.8, -10.8]}
							}
						}
					]
				},
				{
					"name": "steering",
					"parent": "root",
					"pivot": [0, 27.5534, -5.45467],
					"rotation": [27.5, 0, 0],
					"cubes": [
						{
							"origin": [-10.53653, 22.12014, 3.66224],
							"size": [6.60793, 2.40288, 2.40288],
							"pivot": [0, 12.51558, -7.58496],
							"rotation": [47.75318, 17.04679, -14.9092],
							"uv": {
								"north": {"uv": [142.1, 76.1], "uv_size": [8.8, 2.8]},
								"east": {"uv": [102.1, 165.1], "uv_size": [2.8, 2.8]},
								"south": {"uv": [76.1, 156.1], "uv_size": [8.8, 2.8]},
								"west": {"uv": [105.1, 165.1], "uv_size": [2.8, 2.8]},
								"up": {"uv": [85.1, 156.1], "uv_size": [8.8, 2.8]},
								"down": {"uv": [94.1, 158.9], "uv_size": [8.8, -2.8]}
							}
						},
						{
							"origin": [-8.22237, 19.77825, 3.73733],
							"size": [5.85703, 2.2527, 2.2527],
							"pivot": [0, 12.51558, -7.58496],
							"rotation": [50, 0, 0],
							"uv": {
								"north": {"uv": [10.1, 158.1], "uv_size": [7.8, 2.8]},
								"east": {"uv": [165.1, 111.1], "uv_size": [2.8, 2.8]},
								"south": {"uv": [44.1, 158.1], "uv_size": [7.8, 2.8]},
								"west": {"uv": [114.1, 165.1], "uv_size": [2.8, 2.8]},
								"up": {"uv": [130.1, 158.1], "uv_size": [7.8, 2.8]},
								"down": {"uv": [138.1, 160.9], "uv_size": [7.8, -2.8]}
							}
						},
						{
							"origin": [-2.36534, 19.70316, 2.61098],
							"size": [4.73068, 2.40288, 3.75451],
							"pivot": [0, 12.51558, -7.58496],
							"rotation": [50, 0, 0],
							"uv": {
								"north": {"uv": [47.1, 142.1], "uv_size": [5.8, 2.8]},
								"east": {"uv": [163.1, 156.1], "uv_size": [4.8, 2.8]},
								"south": {"uv": [35.1, 159.1], "uv_size": [5.8, 2.8]},
								"west": {"uv": [165.1, 12.1], "uv_size": [4.8, 2.8]},
								"up": {"uv": [65.1, 130.1], "uv_size": [5.8, 4.8]},
								"down": {"uv": [11.1, 137.9], "uv_size": [5.8, -4.8]}
							}
						},
						{
							"origin": [2.36534, 19.77825, 3.73733],
							"size": [5.85703, 2.2527, 2.2527],
							"pivot": [0, 12.51558, -7.58496],
							"rotation": [50, 0, 0],
							"uv": {
								"north": {"uv": [17.9, 158.1], "uv_size": [-7.8, 2.8]},
								"east": {"uv": [116.9, 165.1], "uv_size": [-2.8, 2.8]},
								"south": {"uv": [51.9, 158.1], "uv_size": [-7.8, 2.8]},
								"west": {"uv": [167.9, 111.1], "uv_size": [-2.8, 2.8]},
								"up": {"uv": [137.9, 158.1], "uv_size": [-7.8, 2.8]},
								"down": {"uv": [145.9, 160.9], "uv_size": [-7.8, -2.8]}
							}
						},
						{
							"origin": [3.9286, 22.12014, 3.66224],
							"size": [6.60793, 2.40288, 2.40288],
							"pivot": [0, 12.51558, -7.58496],
							"rotation": [47.75318, -17.04679, 14.9092],
							"uv": {
								"north": {"uv": [150.9, 76.1], "uv_size": [-8.8, 2.8]},
								"east": {"uv": [107.9, 165.1], "uv_size": [-2.8, 2.8]},
								"south": {"uv": [84.9, 156.1], "uv_size": [-8.8, 2.8]},
								"west": {"uv": [104.9, 165.1], "uv_size": [-2.8, 2.8]},
								"up": {"uv": [93.9, 156.1], "uv_size": [-8.8, 2.8]},
								"down": {"uv": [102.9, 158.9], "uv_size": [-8.8, -2.8]}
							}
						}
					]
				},
				{
					"name": "front_wheel2",
					"parent": "root",
					"pivot": [14.06357, 6.41859, -16.6959],
					"cubes": [
						{
							"origin": [-16.28759, 17.23674, 16.25215],
							"size": [8.11049, 3.18474, 2.81549],
							"pivot": [0, 14.10303, -0.40057],
							"rotation": [157.5, 0, -180],
							"uv": {
								"north": {"uv": [0.1, 128.1], "uv_size": [10.8, 3.8]},
								"east": {"uv": [123.1, 159.1], "uv_size": [3.8, 3.8]},
								"south": {"uv": [128.1, 20.1], "uv_size": [10.8, 3.8]},
								"west": {"uv": [160.1, 46.1], "uv_size": [3.8, 3.8]},
								"up": {"uv": [36.1, 128.1], "uv_size": [10.8, 3.8]},
								"down": {"uv": [129.1, 82.9], "uv_size": [10.8, -3.8]}
							}
						},
						{
							"origin": [-16.2522, 10.38305, 14.58701],
							"size": [8.03972, 3.18474, 2.81549],
							"pivot": [0, 14.10303, -0.40057],
							"rotation": [-180, 0, -180],
							"uv": {
								"north": {"uv": [80.1, 129.1], "uv_size": [10.8, 3.8]},
								"east": {"uv": [160.1, 124.1], "uv_size": [3.8, 3.8]},
								"south": {"uv": [129.1, 83.1], "uv_size": [10.8, 3.8]},
								"west": {"uv": [10.1, 161.1], "uv_size": [3.8, 3.8]},
								"up": {"uv": [129.1, 87.1], "uv_size": [10.8, 3.8]},
								"down": {"uv": [116.1, 132.9], "uv_size": [10.8, -3.8]}
							}
						},
						{
							"origin": [-16.2522, 18.90572, 9.49828],
							"size": [8.03972, 2.81549, 3.18474],
							"pivot": [0, 14.10303, -0.40057],
							"rotation": [135, 0, 180],
							"uv": {
								"north": {"uv": [127.1, 129.1], "uv_size": [10.8, 3.8]},
								"east": {"uv": [14.1, 161.1], "uv_size": [3.8, 3.8]},
								"south": {"uv": [131.1, 52.1], "uv_size": [10.8, 3.8]},
								"west": {"uv": [161.1, 16.1], "uv_size": [3.8, 3.8]},
								"up": {"uv": [131.1, 63.1], "uv_size": [10.8, 3.8]},
								"down": {"uv": [131.1, 70.9], "uv_size": [10.8, -3.8]}
							}
						},
						{
							"origin": [-16.28759, 4.6883, 10.42584],
							"size": [8.11049, 3.18474, 2.81549],
							"pivot": [0, 14.10303, -0.40057],
							"rotation": [-157.5, 0, -180],
							"uv": {
								"north": {"uv": [0.1, 132.1], "uv_size": [10.8, 3.8]},
								"east": {"uv": [161.1, 20.1], "uv_size": [3.8, 3.8]},
								"south": {"uv": [132.1, 0.1], "uv_size": [10.8, 3.8]},
								"west": {"uv": [22.1, 161.1], "uv_size": [3.8, 3.8]},
								"up": {"uv": [132.1, 4.1], "uv_size": [10.8, 3.8]},
								"down": {"uv": [132.1, 11.9], "uv_size": [10.8, -3.8]}
							}
						},
						{
							"origin": [-16.28759, 11.93653, 10.58268],
							"size": [8.11049, 2.81549, 3.18474],
							"pivot": [0, 14.10303, -0.40057],
							"rotation": [157.5, 0, -180],
							"uv": {
								"north": {"uv": [23.1, 132.1], "uv_size": [10.8, 3.8]},
								"east": {"uv": [26.1, 161.1], "uv_size": [3.8, 3.8]},
								"south": {"uv": [132.1, 32.1], "uv_size": [10.8, 3.8]},
								"west": {"uv": [44.1, 161.1], "uv_size": [3.8, 3.8]},
								"up": {"uv": [34.1, 132.1], "uv_size": [10.8, 3.8]},
								"down": {"uv": [132.1, 39.9], "uv_size": [10.8, -3.8]}
							}
						},
						{
							"origin": [-16.2522, 5.08284, 8.91755],
							"size": [8.03972, 2.81549, 3.18474],
							"pivot": [0, 14.10303, -0.40057],
							"rotation": [-180, 0, -180],
							"uv": {
								"north": {"uv": [132.1, 40.1], "uv_size": [10.8, 3.8]},
								"east": {"uv": [48.1, 161.1], "uv_size": [3.8, 3.8]},
								"south": {"uv": [133.1, 24.1], "uv_size": [10.8, 3.8]},
								"west": {"uv": [76.1, 161.1], "uv_size": [3.8, 3.8]},
								"up": {"uv": [80.1, 133.1], "uv_size": [10.8, 3.8]},
								"down": {"uv": [108.1, 136.9], "uv_size": [10.8, -3.8]}
							}
						},
						{
							"origin": [-16.28759, -0.61191, 4.75637],
							"size": [8.11049, 2.81549, 3.18474],
							"pivot": [0, 14.10303, -0.40057],
							"rotation": [-157.5, 0, -180],
							"uv": {
								"north": {"uv": [119.1, 133.1], "uv_size": [10.8, 3.8]},
								"east": {"uv": [80.1, 161.1], "uv_size": [3.8, 3.8]},
								"south": {"uv": [130.1, 133.1], "uv_size": [10.8, 3.8]},
								"west": {"uv": [84.1, 161.1], "uv_size": [3.8, 3.8]},
								"up": {"uv": [135.1, 112.1], "uv_size": [10.8, 3.8]},
								"down": {"uv": [135.1, 119.9], "uv_size": [10.8, -3.8]}
							}
						},
						{
							"origin": [-16.2522, -4.28077, -1.26734],
							"size": [8.03972, 2.81549, 3.18474],
							"pivot": [0, 14.10303, -0.40057],
							"rotation": [-135, 0, -180],
							"uv": {
								"north": {"uv": [0.1, 136.1], "uv_size": [10.8, 3.8]},
								"east": {"uv": [88.1, 161.1], "uv_size": [3.8, 3.8]},
								"south": {"uv": [23.1, 136.1], "uv_size": [10.8, 3.8]},
								"west": {"uv": [92.1, 161.1], "uv_size": [3.8, 3.8]},
								"up": {"uv": [34.1, 136.1], "uv_size": [10.8, 3.8]},
								"down": {"uv": [80.1, 140.9], "uv_size": [10.8, -3.8]}
							}
						},
						{
							"origin": [-16.28759, 6.26706, 16.25215],
							"size": [8.11049, 3.18474, 2.81549],
							"pivot": [0, 14.10303, -0.40057],
							"rotation": [157.5, 0, -180],
							"uv": {
								"north": {"uv": [108.1, 137.1], "uv_size": [10.8, 3.8]},
								"east": {"uv": [96.1, 161.1], "uv_size": [3.8, 3.8]},
								"south": {"uv": [119.1, 137.1], "uv_size": [10.8, 3.8]},
								"west": {"uv": [100.1, 161.1], "uv_size": [3.8, 3.8]},
								"up": {"uv": [130.1, 137.1], "uv_size": [10.8, 3.8]},
								"down": {"uv": [138.1, 47.9], "uv_size": [10.8, -3.8]}
							}
						},
						{
							"origin": [-16.2522, -0.58662, 14.58701],
							"size": [8.03972, 3.18474, 2.81549],
							"pivot": [0, 14.10303, -0.40057],
							"rotation": [-180, 0, -180],
							"uv": {
								"north": {"uv": [138.1, 48.1], "uv_size": [10.8, 3.8]},
								"east": {"uv": [104.1, 161.1], "uv_size": [3.8, 3.8]},
								"south": {"uv": [138.1, 127.1], "uv_size": [10.8, 3.8]},
								"west": {"uv": [108.1, 161.1], "uv_size": [3.8, 3.8]},
								"up": {"uv": [11.1, 139.1], "uv_size": [10.8, 3.8]},
								"down": {"uv": [139.1, 23.9], "uv_size": [10.8, -3.8]}
							}
						},
						{
							"origin": [-16.28759, -6.28138, 10.42584],
							"size": [8.11049, 3.18474, 2.81549],
							"pivot": [0, 14.10303, -0.40057],
							"rotation": [-157.5, 0, -180],
							"uv": {
								"north": {"uv": [139.1, 120.1], "uv_size": [10.8, 3.8]},
								"east": {"uv": [112.1, 161.1], "uv_size": [3.8, 3.8]},
								"south": {"uv": [0.1, 140.1], "uv_size": [10.8, 3.8]},
								"west": {"uv": [116.1, 161.1], "uv_size": [3.8, 3.8]},
								"up": {"uv": [22.1, 140.1], "uv_size": [10.8, 3.8]},
								"down": {"uv": [33.1, 143.9], "uv_size": [10.8, -3.8]}
							}
						},
						{
							"origin": [-16.2522, 18.90572, 20.46795],
							"size": [8.03972, 2.81549, 3.18474],
							"pivot": [0, 14.10303, -0.40057],
							"rotation": [135, 0, 180],
							"uv": {
								"north": {"uv": [140.1, 79.1], "uv_size": [10.8, 3.8]},
								"east": {"uv": [161.1, 120.1], "uv_size": [3.8, 3.8]},
								"south": {"uv": [140.1, 83.1], "uv_size": [10.8, 3.8]},
								"west": {"uv": [127.1, 161.1], "uv_size": [3.8, 3.8]},
								"up": {"uv": [140.1, 87.1], "uv_size": [10.8, 3.8]},
								"down": {"uv": [141.1, 31.9], "uv_size": [10.8, -3.8]}
							}
						},
						{
							"origin": [-16.28759, 11.93653, 21.55236],
							"size": [8.11049, 2.81549, 3.18474],
							"pivot": [0, 14.10303, -0.40057],
							"rotation": [157.5, 0, -180],
							"uv": {
								"north": {"uv": [141.1, 56.1], "uv_size": [10.8, 3.8]},
								"east": {"uv": [131.1, 161.1], "uv_size": [3.8, 3.8]},
								"south": {"uv": [59.1, 141.1], "uv_size": [10.8, 3.8]},
								"west": {"uv": [135.1, 161.1], "uv_size": [3.8, 3.8]},
								"up": {"uv": [70.1, 141.1], "uv_size": [10.8, 3.8]},
								"down": {"uv": [81.1, 144.9], "uv_size": [10.8, -3.8]}
							}
						},
						{
							"origin": [-16.2522, 5.08284, 19.88722],
							"size": [8.03972, 2.81549, 3.18474],
							"pivot": [0, 14.10303, -0.40057],
							"rotation": [-180, 0, -180],
							"uv": {
								"north": {"uv": [98.1, 141.1], "uv_size": [10.8, 3.8]},
								"east": {"uv": [139.1, 161.1], "uv_size": [3.8, 3.8]},
								"south": {"uv": [141.1, 100.1], "uv_size": [10.8, 3.8]},
								"west": {"uv": [154.1, 161.1], "uv_size": [3.8, 3.8]},
								"up": {"uv": [141.1, 104.1], "uv_size": [10.8, 3.8]},
								"down": {"uv": [141.1, 111.9], "uv_size": [10.8, -3.8]}
							}
						},
						{
							"origin": [-16.28759, -0.61191, 15.72605],
							"size": [8.11049, 2.81549, 3.18474],
							"pivot": [0, 14.10303, -0.40057],
							"rotation": [-157.5, 0, -180],
							"uv": {
								"north": {"uv": [109.1, 141.1], "uv_size": [10.8, 3.8]},
								"east": {"uv": [158.1, 161.1], "uv_size": [3.8, 3.8]},
								"south": {"uv": [120.1, 141.1], "uv_size": [10.8, 3.8]},
								"west": {"uv": [35.1, 162.1], "uv_size": [3.8, 3.8]},
								"up": {"uv": [131.1, 141.1], "uv_size": [10.8, 3.8]},
								"down": {"uv": [141.1, 134.9], "uv_size": [10.8, -3.8]}
							}
						},
						{
							"origin": [-16.2522, -4.28077, 9.70233],
							"size": [8.03972, 2.81549, 3.18474],
							"pivot": [0, 14.10303, -0.40057],
							"rotation": [-135, 0, -180],
							"uv": {
								"north": {"uv": [141.1, 135.1], "uv_size": [10.8, 3.8]},
								"east": {"uv": [162.1, 76.1], "uv_size": [3.8, 3.8]},
								"south": {"uv": [142.1, 52.1], "uv_size": [10.8, 3.8]},
								"west": {"uv": [162.1, 80.1], "uv_size": [3.8, 3.8]},
								"up": {"uv": [142.1, 60.1], "uv_size": [10.8, 3.8]},
								"down": {"uv": [142.1, 67.9], "uv_size": [10.8, -3.8]}
							}
						},
						{
							"origin": [-14.83676, 2.24426, 11.75613],
							"size": [4.14725, 8.49265, 8.47726],
							"pivot": [0, 14.10303, -0.40057],
							"rotation": [-180, 0, -180],
							"uv": {
								"north": {"uv": [14.1, 98.1], "uv_size": [5.8, 10.8]},
								"east": {"uv": [107.1, 0.1], "uv_size": [10.8, 10.8]},
								"south": {"uv": [59.1, 110.1], "uv_size": [5.8, 10.8]},
								"west": {"uv": [65.1, 108.1], "uv_size": [10.8, 10.8]},
								"up": {"uv": [99.1, 118.1], "uv_size": [5.8, 10.8]},
								"down": {"uv": [65.1, 129.9], "uv_size": [5.8, -10.8]}
							}
						}
					]
				},
				{
					"name": "front_wheel",
					"parent": "root",
					"pivot": [-14.26357, 6.41859, -16.7959],
					"cubes": [
						{
							"origin": [10.68951, 2.24426, 11.75613],
							"size": [4.14725, 8.49265, 8.47726],
							"pivot": [0, 14.10303, -0.40057],
							"rotation": [-180, 0, 180],
							"uv": {
								"north": {"uv": [19.9, 98.1], "uv_size": [-5.8, 10.8]},
								"east": {"uv": [75.9, 108.1], "uv_size": [-10.8, 10.8]},
								"south": {"uv": [64.9, 110.1], "uv_size": [-5.8, 10.8]},
								"west": {"uv": [117.9, 0.1], "uv_size": [-10.8, 10.8]},
								"up": {"uv": [104.9, 118.1], "uv_size": [-5.8, 10.8]},
								"down": {"uv": [70.9, 129.9], "uv_size": [-5.8, -10.8]}
							}
						},
						{
							"origin": [8.21248, -4.28077, 9.70233],
							"size": [8.03972, 2.81549, 3.18474],
							"pivot": [0, 14.10303, -0.40057],
							"rotation": [-135, 0, 180],
							"uv": {
								"north": {"uv": [151.9, 135.1], "uv_size": [-10.8, 3.8]},
								"east": {"uv": [165.9, 80.1], "uv_size": [-3.8, 3.8]},
								"south": {"uv": [152.9, 52.1], "uv_size": [-10.8, 3.8]},
								"west": {"uv": [165.9, 76.1], "uv_size": [-3.8, 3.8]},
								"up": {"uv": [152.9, 60.1], "uv_size": [-10.8, 3.8]},
								"down": {"uv": [152.9, 67.9], "uv_size": [-10.8, -3.8]}
							}
						},
						{
							"origin": [8.1771, -0.61191, 15.72605],
							"size": [8.11049, 2.81549, 3.18474],
							"pivot": [0, 14.10303, -0.40057],
							"rotation": [-157.5, 0, 180],
							"uv": {
								"north": {"uv": [119.9, 141.1], "uv_size": [-10.8, 3.8]},
								"east": {"uv": [38.9, 162.1], "uv_size": [-3.8, 3.8]},
								"south": {"uv": [130.9, 141.1], "uv_size": [-10.8, 3.8]},
								"west": {"uv": [161.9, 161.1], "uv_size": [-3.8, 3.8]},
								"up": {"uv": [141.9, 141.1], "uv_size": [-10.8, 3.8]},
								"down": {"uv": [151.9, 134.9], "uv_size": [-10.8, -3.8]}
							}
						},
						{
							"origin": [8.21248, 5.08284, 19.88722],
							"size": [8.03972, 2.81549, 3.18474],
							"pivot": [0, 14.10303, -0.40057],
							"rotation": [-180, 0, 180],
							"uv": {
								"north": {"uv": [108.9, 141.1], "uv_size": [-10.8, 3.8]},
								"east": {"uv": [157.9, 161.1], "uv_size": [-3.8, 3.8]},
								"south": {"uv": [151.9, 100.1], "uv_size": [-10.8, 3.8]},
								"west": {"uv": [142.9, 161.1], "uv_size": [-3.8, 3.8]},
								"up": {"uv": [151.9, 104.1], "uv_size": [-10.8, 3.8]},
								"down": {"uv": [151.9, 111.9], "uv_size": [-10.8, -3.8]}
							}
						},
						{
							"origin": [8.1771, 11.93653, 21.55236],
							"size": [8.11049, 2.81549, 3.18474],
							"pivot": [0, 14.10303, -0.40057],
							"rotation": [157.5, 0, 180],
							"uv": {
								"north": {"uv": [151.9, 56.1], "uv_size": [-10.8, 3.8]},
								"east": {"uv": [138.9, 161.1], "uv_size": [-3.8, 3.8]},
								"south": {"uv": [69.9, 141.1], "uv_size": [-10.8, 3.8]},
								"west": {"uv": [134.9, 161.1], "uv_size": [-3.8, 3.8]},
								"up": {"uv": [80.9, 141.1], "uv_size": [-10.8, 3.8]},
								"down": {"uv": [91.9, 144.9], "uv_size": [-10.8, -3.8]}
							}
						},
						{
							"origin": [8.21248, 18.90572, 20.46795],
							"size": [8.03972, 2.81549, 3.18474],
							"pivot": [0, 14.10303, -0.40057],
							"rotation": [135, 0, -180],
							"uv": {
								"north": {"uv": [150.9, 79.1], "uv_size": [-10.8, 3.8]},
								"east": {"uv": [130.9, 161.1], "uv_size": [-3.8, 3.8]},
								"south": {"uv": [150.9, 83.1], "uv_size": [-10.8, 3.8]},
								"west": {"uv": [164.9, 120.1], "uv_size": [-3.8, 3.8]},
								"up": {"uv": [150.9, 87.1], "uv_size": [-10.8, 3.8]},
								"down": {"uv": [151.9, 31.9], "uv_size": [-10.8, -3.8]}
							}
						},
						{
							"origin": [8.1771, -6.28138, 10.42584],
							"size": [8.11049, 3.18474, 2.81549],
							"pivot": [0, 14.10303, -0.40057],
							"rotation": [-157.5, 0, 180],
							"uv": {
								"north": {"uv": [149.9, 120.1], "uv_size": [-10.8, 3.8]},
								"east": {"uv": [119.9, 161.1], "uv_size": [-3.8, 3.8]},
								"south": {"uv": [10.9, 140.1], "uv_size": [-10.8, 3.8]},
								"west": {"uv": [115.9, 161.1], "uv_size": [-3.8, 3.8]},
								"up": {"uv": [32.9, 140.1], "uv_size": [-10.8, 3.8]},
								"down": {"uv": [43.9, 143.9], "uv_size": [-10.8, -3.8]}
							}
						},
						{
							"origin": [8.21248, -0.58662, 14.58701],
							"size": [8.03972, 3.18474, 2.81549],
							"pivot": [0, 14.10303, -0.40057],
							"rotation": [-180, 0, 180],
							"uv": {
								"north": {"uv": [148.9, 48.1], "uv_size": [-10.8, 3.8]},
								"east": {"uv": [111.9, 161.1], "uv_size": [-3.8, 3.8]},
								"south": {"uv": [148.9, 127.1], "uv_size": [-10.8, 3.8]},
								"west": {"uv": [107.9, 161.1], "uv_size": [-3.8, 3.8]},
								"up": {"uv": [21.9, 139.1], "uv_size": [-10.8, 3.8]},
								"down": {"uv": [149.9, 23.9], "uv_size": [-10.8, -3.8]}
							}
						},
						{
							"origin": [8.1771, 6.26706, 16.25215],
							"size": [8.11049, 3.18474, 2.81549],
							"pivot": [0, 14.10303, -0.40057],
							"rotation": [157.5, 0, 180],
							"uv": {
								"north": {"uv": [118.9, 137.1], "uv_size": [-10.8, 3.8]},
								"east": {"uv": [103.9, 161.1], "uv_size": [-3.8, 3.8]},
								"south": {"uv": [129.9, 137.1], "uv_size": [-10.8, 3.8]},
								"west": {"uv": [99.9, 161.1], "uv_size": [-3.8, 3.8]},
								"up": {"uv": [140.9, 137.1], "uv_size": [-10.8, 3.8]},
								"down": {"uv": [148.9, 47.9], "uv_size": [-10.8, -3.8]}
							}
						},
						{
							"origin": [8.21248, -4.28077, -1.26734],
							"size": [8.03972, 2.81549, 3.18474],
							"pivot": [0, 14.10303, -0.40057],
							"rotation": [-135, 0, 180],
							"uv": {
								"north": {"uv": [10.9, 136.1], "uv_size": [-10.8, 3.8]},
								"east": {"uv": [95.9, 161.1], "uv_size": [-3.8, 3.8]},
								"south": {"uv": [33.9, 136.1], "uv_size": [-10.8, 3.8]},
								"west": {"uv": [91.9, 161.1], "uv_size": [-3.8, 3.8]},
								"up": {"uv": [44.9, 136.1], "uv_size": [-10.8, 3.8]},
								"down": {"uv": [90.9, 140.9], "uv_size": [-10.8, -3.8]}
							}
						},
						{
							"origin": [8.1771, -0.61191, 4.75637],
							"size": [8.11049, 2.81549, 3.18474],
							"pivot": [0, 14.10303, -0.40057],
							"rotation": [-157.5, 0, 180],
							"uv": {
								"north": {"uv": [129.9, 133.1], "uv_size": [-10.8, 3.8]},
								"east": {"uv": [87.9, 161.1], "uv_size": [-3.8, 3.8]},
								"south": {"uv": [140.9, 133.1], "uv_size": [-10.8, 3.8]},
								"west": {"uv": [83.9, 161.1], "uv_size": [-3.8, 3.8]},
								"up": {"uv": [145.9, 112.1], "uv_size": [-10.8, 3.8]},
								"down": {"uv": [145.9, 119.9], "uv_size": [-10.8, -3.8]}
							}
						},
						{
							"origin": [8.21248, 5.08284, 8.91755],
							"size": [8.03972, 2.81549, 3.18474],
							"pivot": [0, 14.10303, -0.40057],
							"rotation": [-180, 0, 180],
							"uv": {
								"north": {"uv": [142.9, 40.1], "uv_size": [-10.8, 3.8]},
								"east": {"uv": [79.9, 161.1], "uv_size": [-3.8, 3.8]},
								"south": {"uv": [143.9, 24.1], "uv_size": [-10.8, 3.8]},
								"west": {"uv": [51.9, 161.1], "uv_size": [-3.8, 3.8]},
								"up": {"uv": [90.9, 133.1], "uv_size": [-10.8, 3.8]},
								"down": {"uv": [118.9, 136.9], "uv_size": [-10.8, -3.8]}
							}
						},
						{
							"origin": [8.1771, 11.93653, 10.58268],
							"size": [8.11049, 2.81549, 3.18474],
							"pivot": [0, 14.10303, -0.40057],
							"rotation": [157.5, 0, 180],
							"uv": {
								"north": {"uv": [33.9, 132.1], "uv_size": [-10.8, 3.8]},
								"east": {"uv": [47.9, 161.1], "uv_size": [-3.8, 3.8]},
								"south": {"uv": [142.9, 32.1], "uv_size": [-10.8, 3.8]},
								"west": {"uv": [29.9, 161.1], "uv_size": [-3.8, 3.8]},
								"up": {"uv": [44.9, 132.1], "uv_size": [-10.8, 3.8]},
								"down": {"uv": [142.9, 39.9], "uv_size": [-10.8, -3.8]}
							}
						},
						{
							"origin": [8.21248, 18.90572, 9.49828],
							"size": [8.03972, 2.81549, 3.18474],
							"pivot": [0, 14.10303, -0.40057],
							"rotation": [135, 0, -180],
							"uv": {
								"north": {"uv": [137.9, 129.1], "uv_size": [-10.8, 3.8]},
								"east": {"uv": [164.9, 16.1], "uv_size": [-3.8, 3.8]},
								"south": {"uv": [141.9, 52.1], "uv_size": [-10.8, 3.8]},
								"west": {"uv": [17.9, 161.1], "uv_size": [-3.8, 3.8]},
								"up": {"uv": [141.9, 63.1], "uv_size": [-10.8, 3.8]},
								"down": {"uv": [141.9, 70.9], "uv_size": [-10.8, -3.8]}
							}
						},
						{
							"origin": [8.1771, 4.6883, 10.42584],
							"size": [8.11049, 3.18474, 2.81549],
							"pivot": [0, 14.10303, -0.40057],
							"rotation": [-157.5, 0, 180],
							"uv": {
								"north": {"uv": [10.9, 132.1], "uv_size": [-10.8, 3.8]},
								"east": {"uv": [25.9, 161.1], "uv_size": [-3.8, 3.8]},
								"south": {"uv": [142.9, 0.1], "uv_size": [-10.8, 3.8]},
								"west": {"uv": [164.9, 20.1], "uv_size": [-3.8, 3.8]},
								"up": {"uv": [142.9, 4.1], "uv_size": [-10.8, 3.8]},
								"down": {"uv": [142.9, 11.9], "uv_size": [-10.8, -3.8]}
							}
						},
						{
							"origin": [8.21248, 10.38305, 14.58701],
							"size": [8.03972, 3.18474, 2.81549],
							"pivot": [0, 14.10303, -0.40057],
							"rotation": [-180, 0, 180],
							"uv": {
								"north": {"uv": [90.9, 129.1], "uv_size": [-10.8, 3.8]},
								"east": {"uv": [13.9, 161.1], "uv_size": [-3.8, 3.8]},
								"south": {"uv": [139.9, 83.1], "uv_size": [-10.8, 3.8]},
								"west": {"uv": [163.9, 124.1], "uv_size": [-3.8, 3.8]},
								"up": {"uv": [139.9, 87.1], "uv_size": [-10.8, 3.8]},
								"down": {"uv": [126.9, 132.9], "uv_size": [-10.8, -3.8]}
							}
						},
						{
							"origin": [8.1771, 17.23674, 16.25215],
							"size": [8.11049, 3.18474, 2.81549],
							"pivot": [0, 14.10303, -0.40057],
							"rotation": [157.5, 0, 180],
							"uv": {
								"north": {"uv": [10.9, 128.1], "uv_size": [-10.8, 3.8]},
								"east": {"uv": [163.9, 46.1], "uv_size": [-3.8, 3.8]},
								"south": {"uv": [138.9, 20.1], "uv_size": [-10.8, 3.8]},
								"west": {"uv": [126.9, 159.1], "uv_size": [-3.8, 3.8]},
								"up": {"uv": [46.9, 128.1], "uv_size": [-10.8, 3.8]},
								"down": {"uv": [139.9, 82.9], "uv_size": [-10.8, -3.8]}
							}
						}
					]
				},
				{
					"name": "back_wheel",
					"parent": "root",
					"pivot": [0, 6.51859, 16.16866],
					"cubes": [
						{
							"origin": [-16.28759, 4.62175, -14.20313],
							"size": [8.11049, 3.18474, 2.81549],
							"pivot": [0, 14.10303, -0.40057],
							"rotation": [157.5, 0, -180],
							"uv": {
								"north": {"uv": [0.1, 128.1], "uv_size": [10.8, 3.8]},
								"east": {"uv": [123.1, 159.1], "uv_size": [3.8, 3.8]},
								"south": {"uv": [128.1, 20.1], "uv_size": [10.8, 3.8]},
								"west": {"uv": [160.1, 46.1], "uv_size": [3.8, 3.8]},
								"up": {"uv": [36.1, 128.1], "uv_size": [10.8, 3.8]},
								"down": {"uv": [129.1, 82.9], "uv_size": [10.8, -3.8]}
							}
						},
						{
							"origin": [-16.2522, 10.38305, -18.37754],
							"size": [8.03972, 3.18474, 2.81549],
							"pivot": [0, 14.10303, -0.40057],
							"rotation": [-180, 0, -180],
							"uv": {
								"north": {"uv": [80.1, 129.1], "uv_size": [10.8, 3.8]},
								"east": {"uv": [160.1, 124.1], "uv_size": [3.8, 3.8]},
								"south": {"uv": [129.1, 83.1], "uv_size": [10.8, 3.8]},
								"west": {"uv": [10.1, 161.1], "uv_size": [3.8, 3.8]},
								"up": {"uv": [129.1, 87.1], "uv_size": [10.8, 3.8]},
								"down": {"uv": [116.1, 132.9], "uv_size": [10.8, -3.8]}
							}
						},
						{
							"origin": [-16.28759, 17.30329, -20.02944],
							"size": [8.11049, 3.18474, 2.81549],
							"pivot": [0, 14.10303, -0.40057],
							"rotation": [-157.5, 0, -180],
							"uv": {
								"north": {"uv": [0.1, 132.1], "uv_size": [10.8, 3.8]},
								"east": {"uv": [161.1, 20.1], "uv_size": [3.8, 3.8]},
								"south": {"uv": [132.1, 0.1], "uv_size": [10.8, 3.8]},
								"west": {"uv": [22.1, 161.1], "uv_size": [3.8, 3.8]},
								"up": {"uv": [132.1, 4.1], "uv_size": [10.8, 3.8]},
								"down": {"uv": [132.1, 11.9], "uv_size": [10.8, -3.8]}
							}
						},
						{
							"origin": [-16.2522, -4.40374, -13.81118],
							"size": [8.03972, 2.81549, 3.18474],
							"pivot": [0, 14.10303, -0.40057],
							"rotation": [135, 0, 180],
							"uv": {
								"north": {"uv": [127.1, 129.1], "uv_size": [10.8, 3.8]},
								"east": {"uv": [14.1, 161.1], "uv_size": [3.8, 3.8]},
								"south": {"uv": [131.1, 52.1], "uv_size": [10.8, 3.8]},
								"west": {"uv": [161.1, 16.1], "uv_size": [3.8, 3.8]},
								"up": {"uv": [131.1, 63.1], "uv_size": [10.8, 3.8]},
								"down": {"uv": [131.1, 70.9], "uv_size": [10.8, -3.8]}
							}
						},
						{
							"origin": [-16.28759, -0.67846, -19.87259],
							"size": [8.11049, 2.81549, 3.18474],
							"pivot": [0, 14.10303, -0.40057],
							"rotation": [157.5, 0, -180],
							"uv": {
								"north": {"uv": [23.1, 132.1], "uv_size": [10.8, 3.8]},
								"east": {"uv": [26.1, 161.1], "uv_size": [3.8, 3.8]},
								"south": {"uv": [132.1, 32.1], "uv_size": [10.8, 3.8]},
								"west": {"uv": [44.1, 161.1], "uv_size": [3.8, 3.8]},
								"up": {"uv": [34.1, 132.1], "uv_size": [10.8, 3.8]},
								"down": {"uv": [132.1, 39.9], "uv_size": [10.8, -3.8]}
							}
						},
						{
							"origin": [-16.2522, 5.08284, -24.04701],
							"size": [8.03972, 2.81549, 3.18474],
							"pivot": [0, 14.10303, -0.40057],
							"rotation": [-180, 0, -180],
							"uv": {
								"north": {"uv": [132.1, 40.1], "uv_size": [10.8, 3.8]},
								"east": {"uv": [48.1, 161.1], "uv_size": [3.8, 3.8]},
								"south": {"uv": [133.1, 24.1], "uv_size": [10.8, 3.8]},
								"west": {"uv": [76.1, 161.1], "uv_size": [3.8, 3.8]},
								"up": {"uv": [80.1, 133.1], "uv_size": [10.8, 3.8]},
								"down": {"uv": [108.1, 136.9], "uv_size": [10.8, -3.8]}
							}
						},
						{
							"origin": [-16.28759, 12.00308, -25.69891],
							"size": [8.11049, 2.81549, 3.18474],
							"pivot": [0, 14.10303, -0.40057],
							"rotation": [-157.5, 0, -180],
							"uv": {
								"north": {"uv": [119.1, 133.1], "uv_size": [10.8, 3.8]},
								"east": {"uv": [80.1, 161.1], "uv_size": [3.8, 3.8]},
								"south": {"uv": [130.1, 133.1], "uv_size": [10.8, 3.8]},
								"west": {"uv": [84.1, 161.1], "uv_size": [3.8, 3.8]},
								"up": {"uv": [135.1, 112.1], "uv_size": [10.8, 3.8]},
								"down": {"uv": [135.1, 119.9], "uv_size": [10.8, -3.8]}
							}
						},
						{
							"origin": [-16.2522, 19.02869, -24.5768],
							"size": [8.03972, 2.81549, 3.18474],
							"pivot": [0, 14.10303, -0.40057],
							"rotation": [-135, 0, -180],
							"uv": {
								"north": {"uv": [0.1, 136.1], "uv_size": [10.8, 3.8]},
								"east": {"uv": [88.1, 161.1], "uv_size": [3.8, 3.8]},
								"south": {"uv": [23.1, 136.1], "uv_size": [10.8, 3.8]},
								"west": {"uv": [92.1, 161.1], "uv_size": [3.8, 3.8]},
								"up": {"uv": [34.1, 136.1], "uv_size": [10.8, 3.8]},
								"down": {"uv": [80.1, 140.9], "uv_size": [10.8, -3.8]}
							}
						},
						{
							"origin": [-16.28759, -6.34793, -14.20313],
							"size": [8.11049, 3.18474, 2.81549],
							"pivot": [0, 14.10303, -0.40057],
							"rotation": [157.5, 0, -180],
							"uv": {
								"north": {"uv": [108.1, 137.1], "uv_size": [10.8, 3.8]},
								"east": {"uv": [96.1, 161.1], "uv_size": [3.8, 3.8]},
								"south": {"uv": [119.1, 137.1], "uv_size": [10.8, 3.8]},
								"west": {"uv": [100.1, 161.1], "uv_size": [3.8, 3.8]},
								"up": {"uv": [130.1, 137.1], "uv_size": [10.8, 3.8]},
								"down": {"uv": [138.1, 47.9], "uv_size": [10.8, -3.8]}
							}
						},
						{
							"origin": [-16.2522, -0.58662, -18.37754],
							"size": [8.03972, 3.18474, 2.81549],
							"pivot": [0, 14.10303, -0.40057],
							"rotation": [-180, 0, -180],
							"uv": {
								"north": {"uv": [138.1, 48.1], "uv_size": [10.8, 3.8]},
								"east": {"uv": [104.1, 161.1], "uv_size": [3.8, 3.8]},
								"south": {"uv": [138.1, 127.1], "uv_size": [10.8, 3.8]},
								"west": {"uv": [108.1, 161.1], "uv_size": [3.8, 3.8]},
								"up": {"uv": [11.1, 139.1], "uv_size": [10.8, 3.8]},
								"down": {"uv": [139.1, 23.9], "uv_size": [10.8, -3.8]}
							}
						},
						{
							"origin": [-16.28759, 6.33361, -20.02944],
							"size": [8.11049, 3.18474, 2.81549],
							"pivot": [0, 14.10303, -0.40057],
							"rotation": [-157.5, 0, -180],
							"uv": {
								"north": {"uv": [139.1, 120.1], "uv_size": [10.8, 3.8]},
								"east": {"uv": [112.1, 161.1], "uv_size": [3.8, 3.8]},
								"south": {"uv": [0.1, 140.1], "uv_size": [10.8, 3.8]},
								"west": {"uv": [116.1, 161.1], "uv_size": [3.8, 3.8]},
								"up": {"uv": [22.1, 140.1], "uv_size": [10.8, 3.8]},
								"down": {"uv": [33.1, 143.9], "uv_size": [10.8, -3.8]}
							}
						},
						{
							"origin": [-16.2522, -4.40374, -2.84151],
							"size": [8.03972, 2.81549, 3.18474],
							"pivot": [0, 14.10303, -0.40057],
							"rotation": [135, 0, 180],
							"uv": {
								"north": {"uv": [140.1, 79.1], "uv_size": [10.8, 3.8]},
								"east": {"uv": [161.1, 120.1], "uv_size": [3.8, 3.8]},
								"south": {"uv": [140.1, 83.1], "uv_size": [10.8, 3.8]},
								"west": {"uv": [127.1, 161.1], "uv_size": [3.8, 3.8]},
								"up": {"uv": [140.1, 87.1], "uv_size": [10.8, 3.8]},
								"down": {"uv": [141.1, 31.9], "uv_size": [10.8, -3.8]}
							}
						},
						{
							"origin": [-16.28759, -0.67846, -8.90292],
							"size": [8.11049, 2.81549, 3.18474],
							"pivot": [0, 14.10303, -0.40057],
							"rotation": [157.5, 0, -180],
							"uv": {
								"north": {"uv": [141.1, 56.1], "uv_size": [10.8, 3.8]},
								"east": {"uv": [131.1, 161.1], "uv_size": [3.8, 3.8]},
								"south": {"uv": [59.1, 141.1], "uv_size": [10.8, 3.8]},
								"west": {"uv": [135.1, 161.1], "uv_size": [3.8, 3.8]},
								"up": {"uv": [70.1, 141.1], "uv_size": [10.8, 3.8]},
								"down": {"uv": [81.1, 144.9], "uv_size": [10.8, -3.8]}
							}
						},
						{
							"origin": [-16.2522, 5.08284, -13.07733],
							"size": [8.03972, 2.81549, 3.18474],
							"pivot": [0, 14.10303, -0.40057],
							"rotation": [-180, 0, -180],
							"uv": {
								"north": {"uv": [98.1, 141.1], "uv_size": [10.8, 3.8]},
								"east": {"uv": [139.1, 161.1], "uv_size": [3.8, 3.8]},
								"south": {"uv": [141.1, 100.1], "uv_size": [10.8, 3.8]},
								"west": {"uv": [154.1, 161.1], "uv_size": [3.8, 3.8]},
								"up": {"uv": [141.1, 104.1], "uv_size": [10.8, 3.8]},
								"down": {"uv": [141.1, 111.9], "uv_size": [10.8, -3.8]}
							}
						},
						{
							"origin": [-16.28759, 12.00308, -14.72923],
							"size": [8.11049, 2.81549, 3.18474],
							"pivot": [0, 14.10303, -0.40057],
							"rotation": [-157.5, 0, -180],
							"uv": {
								"north": {"uv": [109.1, 141.1], "uv_size": [10.8, 3.8]},
								"east": {"uv": [158.1, 161.1], "uv_size": [3.8, 3.8]},
								"south": {"uv": [120.1, 141.1], "uv_size": [10.8, 3.8]},
								"west": {"uv": [35.1, 162.1], "uv_size": [3.8, 3.8]},
								"up": {"uv": [131.1, 141.1], "uv_size": [10.8, 3.8]},
								"down": {"uv": [141.1, 134.9], "uv_size": [10.8, -3.8]}
							}
						},
						{
							"origin": [-16.2522, 19.02869, -13.60713],
							"size": [8.03972, 2.81549, 3.18474],
							"pivot": [0, 14.10303, -0.40057],
							"rotation": [-135, 0, -180],
							"uv": {
								"north": {"uv": [141.1, 135.1], "uv_size": [10.8, 3.8]},
								"east": {"uv": [162.1, 76.1], "uv_size": [3.8, 3.8]},
								"south": {"uv": [142.1, 52.1], "uv_size": [10.8, 3.8]},
								"west": {"uv": [162.1, 80.1], "uv_size": [3.8, 3.8]},
								"up": {"uv": [142.1, 60.1], "uv_size": [10.8, 3.8]},
								"down": {"uv": [142.1, 67.9], "uv_size": [10.8, -3.8]}
							}
						},
						{
							"origin": [-14.83676, 2.24426, -21.20843],
							"size": [4.14725, 8.49265, 8.47726],
							"pivot": [0, 14.10303, -0.40057],
							"rotation": [-180, 0, -180],
							"uv": {
								"north": {"uv": [14.1, 98.1], "uv_size": [5.8, 10.8]},
								"east": {"uv": [107.1, 0.1], "uv_size": [10.8, 10.8]},
								"south": {"uv": [59.1, 110.1], "uv_size": [5.8, 10.8]},
								"west": {"uv": [65.1, 108.1], "uv_size": [10.8, 10.8]},
								"up": {"uv": [99.1, 118.1], "uv_size": [5.8, 10.8]},
								"down": {"uv": [65.1, 129.9], "uv_size": [5.8, -10.8]}
							}
						},
						{
							"origin": [8.1771, 4.62175, -14.20313],
							"size": [8.11049, 3.18474, 2.81549],
							"pivot": [0, 14.10303, -0.40057],
							"rotation": [157.5, 0, 180],
							"uv": {
								"north": {"uv": [10.9, 128.1], "uv_size": [-10.8, 3.8]},
								"east": {"uv": [163.9, 46.1], "uv_size": [-3.8, 3.8]},
								"south": {"uv": [138.9, 20.1], "uv_size": [-10.8, 3.8]},
								"west": {"uv": [126.9, 159.1], "uv_size": [-3.8, 3.8]},
								"up": {"uv": [46.9, 128.1], "uv_size": [-10.8, 3.8]},
								"down": {"uv": [139.9, 82.9], "uv_size": [-10.8, -3.8]}
							}
						},
						{
							"origin": [8.21248, 10.38305, -18.37754],
							"size": [8.03972, 3.18474, 2.81549],
							"pivot": [0, 14.10303, -0.40057],
							"rotation": [-180, 0, 180],
							"uv": {
								"north": {"uv": [90.9, 129.1], "uv_size": [-10.8, 3.8]},
								"east": {"uv": [13.9, 161.1], "uv_size": [-3.8, 3.8]},
								"south": {"uv": [139.9, 83.1], "uv_size": [-10.8, 3.8]},
								"west": {"uv": [163.9, 124.1], "uv_size": [-3.8, 3.8]},
								"up": {"uv": [139.9, 87.1], "uv_size": [-10.8, 3.8]},
								"down": {"uv": [126.9, 132.9], "uv_size": [-10.8, -3.8]}
							}
						},
						{
							"origin": [8.21248, -4.40374, -13.81118],
							"size": [8.03972, 2.81549, 3.18474],
							"pivot": [0, 14.10303, -0.40057],
							"rotation": [135, 0, -180],
							"uv": {
								"north": {"uv": [137.9, 129.1], "uv_size": [-10.8, 3.8]},
								"east": {"uv": [164.9, 16.1], "uv_size": [-3.8, 3.8]},
								"south": {"uv": [141.9, 52.1], "uv_size": [-10.8, 3.8]},
								"west": {"uv": [17.9, 161.1], "uv_size": [-3.8, 3.8]},
								"up": {"uv": [141.9, 63.1], "uv_size": [-10.8, 3.8]},
								"down": {"uv": [141.9, 70.9], "uv_size": [-10.8, -3.8]}
							}
						},
						{
							"origin": [8.1771, 17.30329, -20.02944],
							"size": [8.11049, 3.18474, 2.81549],
							"pivot": [0, 14.10303, -0.40057],
							"rotation": [-157.5, 0, 180],
							"uv": {
								"north": {"uv": [10.9, 132.1], "uv_size": [-10.8, 3.8]},
								"east": {"uv": [25.9, 161.1], "uv_size": [-3.8, 3.8]},
								"south": {"uv": [142.9, 0.1], "uv_size": [-10.8, 3.8]},
								"west": {"uv": [164.9, 20.1], "uv_size": [-3.8, 3.8]},
								"up": {"uv": [142.9, 4.1], "uv_size": [-10.8, 3.8]},
								"down": {"uv": [142.9, 11.9], "uv_size": [-10.8, -3.8]}
							}
						},
						{
							"origin": [8.1771, -0.67846, -19.87259],
							"size": [8.11049, 2.81549, 3.18474],
							"pivot": [0, 14.10303, -0.40057],
							"rotation": [157.5, 0, 180],
							"uv": {
								"north": {"uv": [33.9, 132.1], "uv_size": [-10.8, 3.8]},
								"east": {"uv": [47.9, 161.1], "uv_size": [-3.8, 3.8]},
								"south": {"uv": [142.9, 32.1], "uv_size": [-10.8, 3.8]},
								"west": {"uv": [29.9, 161.1], "uv_size": [-3.8, 3.8]},
								"up": {"uv": [44.9, 132.1], "uv_size": [-10.8, 3.8]},
								"down": {"uv": [142.9, 39.9], "uv_size": [-10.8, -3.8]}
							}
						},
						{
							"origin": [8.21248, 5.08284, -24.04701],
							"size": [8.03972, 2.81549, 3.18474],
							"pivot": [0, 14.10303, -0.40057],
							"rotation": [-180, 0, 180],
							"uv": {
								"north": {"uv": [142.9, 40.1], "uv_size": [-10.8, 3.8]},
								"east": {"uv": [79.9, 161.1], "uv_size": [-3.8, 3.8]},
								"south": {"uv": [143.9, 24.1], "uv_size": [-10.8, 3.8]},
								"west": {"uv": [51.9, 161.1], "uv_size": [-3.8, 3.8]},
								"up": {"uv": [90.9, 133.1], "uv_size": [-10.8, 3.8]},
								"down": {"uv": [118.9, 136.9], "uv_size": [-10.8, -3.8]}
							}
						},
						{
							"origin": [8.1771, 12.00308, -25.69891],
							"size": [8.11049, 2.81549, 3.18474],
							"pivot": [0, 14.10303, -0.40057],
							"rotation": [-157.5, 0, 180],
							"uv": {
								"north": {"uv": [129.9, 133.1], "uv_size": [-10.8, 3.8]},
								"east": {"uv": [87.9, 161.1], "uv_size": [-3.8, 3.8]},
								"south": {"uv": [140.9, 133.1], "uv_size": [-10.8, 3.8]},
								"west": {"uv": [83.9, 161.1], "uv_size": [-3.8, 3.8]},
								"up": {"uv": [145.9, 112.1], "uv_size": [-10.8, 3.8]},
								"down": {"uv": [145.9, 119.9], "uv_size": [-10.8, -3.8]}
							}
						},
						{
							"origin": [8.21248, 19.02869, -24.5768],
							"size": [8.03972, 2.81549, 3.18474],
							"pivot": [0, 14.10303, -0.40057],
							"rotation": [-135, 0, 180],
							"uv": {
								"north": {"uv": [10.9, 136.1], "uv_size": [-10.8, 3.8]},
								"east": {"uv": [95.9, 161.1], "uv_size": [-3.8, 3.8]},
								"south": {"uv": [33.9, 136.1], "uv_size": [-10.8, 3.8]},
								"west": {"uv": [91.9, 161.1], "uv_size": [-3.8, 3.8]},
								"up": {"uv": [44.9, 136.1], "uv_size": [-10.8, 3.8]},
								"down": {"uv": [90.9, 140.9], "uv_size": [-10.8, -3.8]}
							}
						},
						{
							"origin": [8.1771, -6.34793, -14.20313],
							"size": [8.11049, 3.18474, 2.81549],
							"pivot": [0, 14.10303, -0.40057],
							"rotation": [157.5, 0, 180],
							"uv": {
								"north": {"uv": [118.9, 137.1], "uv_size": [-10.8, 3.8]},
								"east": {"uv": [103.9, 161.1], "uv_size": [-3.8, 3.8]},
								"south": {"uv": [129.9, 137.1], "uv_size": [-10.8, 3.8]},
								"west": {"uv": [99.9, 161.1], "uv_size": [-3.8, 3.8]},
								"up": {"uv": [140.9, 137.1], "uv_size": [-10.8, 3.8]},
								"down": {"uv": [148.9, 47.9], "uv_size": [-10.8, -3.8]}
							}
						},
						{
							"origin": [8.21248, -0.58662, -18.37754],
							"size": [8.03972, 3.18474, 2.81549],
							"pivot": [0, 14.10303, -0.40057],
							"rotation": [-180, 0, 180],
							"uv": {
								"north": {"uv": [148.9, 48.1], "uv_size": [-10.8, 3.8]},
								"east": {"uv": [111.9, 161.1], "uv_size": [-3.8, 3.8]},
								"south": {"uv": [148.9, 127.1], "uv_size": [-10.8, 3.8]},
								"west": {"uv": [107.9, 161.1], "uv_size": [-3.8, 3.8]},
								"up": {"uv": [21.9, 139.1], "uv_size": [-10.8, 3.8]},
								"down": {"uv": [149.9, 23.9], "uv_size": [-10.8, -3.8]}
							}
						},
						{
							"origin": [8.1771, 6.33361, -20.02944],
							"size": [8.11049, 3.18474, 2.81549],
							"pivot": [0, 14.10303, -0.40057],
							"rotation": [-157.5, 0, 180],
							"uv": {
								"north": {"uv": [149.9, 120.1], "uv_size": [-10.8, 3.8]},
								"east": {"uv": [119.9, 161.1], "uv_size": [-3.8, 3.8]},
								"south": {"uv": [10.9, 140.1], "uv_size": [-10.8, 3.8]},
								"west": {"uv": [115.9, 161.1], "uv_size": [-3.8, 3.8]},
								"up": {"uv": [32.9, 140.1], "uv_size": [-10.8, 3.8]},
								"down": {"uv": [43.9, 143.9], "uv_size": [-10.8, -3.8]}
							}
						},
						{
							"origin": [8.21248, -4.40374, -2.84151],
							"size": [8.03972, 2.81549, 3.18474],
							"pivot": [0, 14.10303, -0.40057],
							"rotation": [135, 0, -180],
							"uv": {
								"north": {"uv": [150.9, 79.1], "uv_size": [-10.8, 3.8]},
								"east": {"uv": [130.9, 161.1], "uv_size": [-3.8, 3.8]},
								"south": {"uv": [150.9, 83.1], "uv_size": [-10.8, 3.8]},
								"west": {"uv": [164.9, 120.1], "uv_size": [-3.8, 3.8]},
								"up": {"uv": [150.9, 87.1], "uv_size": [-10.8, 3.8]},
								"down": {"uv": [151.9, 31.9], "uv_size": [-10.8, -3.8]}
							}
						},
						{
							"origin": [8.1771, -0.67846, -8.90292],
							"size": [8.11049, 2.81549, 3.18474],
							"pivot": [0, 14.10303, -0.40057],
							"rotation": [157.5, 0, 180],
							"uv": {
								"north": {"uv": [151.9, 56.1], "uv_size": [-10.8, 3.8]},
								"east": {"uv": [138.9, 161.1], "uv_size": [-3.8, 3.8]},
								"south": {"uv": [69.9, 141.1], "uv_size": [-10.8, 3.8]},
								"west": {"uv": [134.9, 161.1], "uv_size": [-3.8, 3.8]},
								"up": {"uv": [80.9, 141.1], "uv_size": [-10.8, 3.8]},
								"down": {"uv": [91.9, 144.9], "uv_size": [-10.8, -3.8]}
							}
						},
						{
							"origin": [8.21248, 5.08284, -13.07733],
							"size": [8.03972, 2.81549, 3.18474],
							"pivot": [0, 14.10303, -0.40057],
							"rotation": [-180, 0, 180],
							"uv": {
								"north": {"uv": [108.9, 141.1], "uv_size": [-10.8, 3.8]},
								"east": {"uv": [157.9, 161.1], "uv_size": [-3.8, 3.8]},
								"south": {"uv": [151.9, 100.1], "uv_size": [-10.8, 3.8]},
								"west": {"uv": [142.9, 161.1], "uv_size": [-3.8, 3.8]},
								"up": {"uv": [151.9, 104.1], "uv_size": [-10.8, 3.8]},
								"down": {"uv": [151.9, 111.9], "uv_size": [-10.8, -3.8]}
							}
						},
						{
							"origin": [8.1771, 12.00308, -14.72923],
							"size": [8.11049, 2.81549, 3.18474],
							"pivot": [0, 14.10303, -0.40057],
							"rotation": [-157.5, 0, 180],
							"uv": {
								"north": {"uv": [119.9, 141.1], "uv_size": [-10.8, 3.8]},
								"east": {"uv": [38.9, 162.1], "uv_size": [-3.8, 3.8]},
								"south": {"uv": [130.9, 141.1], "uv_size": [-10.8, 3.8]},
								"west": {"uv": [161.9, 161.1], "uv_size": [-3.8, 3.8]},
								"up": {"uv": [141.9, 141.1], "uv_size": [-10.8, 3.8]},
								"down": {"uv": [151.9, 134.9], "uv_size": [-10.8, -3.8]}
							}
						},
						{
							"origin": [8.21248, 19.02869, -13.60713],
							"size": [8.03972, 2.81549, 3.18474],
							"pivot": [0, 14.10303, -0.40057],
							"rotation": [-135, 0, 180],
							"uv": {
								"north": {"uv": [151.9, 135.1], "uv_size": [-10.8, 3.8]},
								"east": {"uv": [165.9, 80.1], "uv_size": [-3.8, 3.8]},
								"south": {"uv": [152.9, 52.1], "uv_size": [-10.8, 3.8]},
								"west": {"uv": [165.9, 76.1], "uv_size": [-3.8, 3.8]},
								"up": {"uv": [152.9, 60.1], "uv_size": [-10.8, 3.8]},
								"down": {"uv": [152.9, 67.9], "uv_size": [-10.8, -3.8]}
							}
						},
						{
							"origin": [10.68951, 2.24426, -21.20843],
							"size": [4.14725, 8.49265, 8.47726],
							"pivot": [0, 14.10303, -0.40057],
							"rotation": [-180, 0, 180],
							"uv": {
								"north": {"uv": [19.9, 98.1], "uv_size": [-5.8, 10.8]},
								"east": {"uv": [75.9, 108.1], "uv_size": [-10.8, 10.8]},
								"south": {"uv": [64.9, 110.1], "uv_size": [-5.8, 10.8]},
								"west": {"uv": [117.9, 0.1], "uv_size": [-10.8, 10.8]},
								"up": {"uv": [104.9, 118.1], "uv_size": [-5.8, 10.8]},
								"down": {"uv": [70.9, 129.9], "uv_size": [-5.8, -10.8]}
							}
						}
					]
				}
			]
		}
	]
}