{
	"format_version": "1.12.0",
	"minecraft:geometry": [
		{
			"description": {
				"identifier": "geometry.dds_camping.campfire",
				"texture_width": 128,
				"texture_height": 128,
				"visible_bounds_width": 4,
				"visible_bounds_height": 3.5,
				"visible_bounds_offset": [0, 1.25, 0]
			},
			"bones": [
				{
					"name": "root",
					"pivot": [0, 0, 0],
					"cubes": [
						{
							"origin": [-10.06125, -2.56681, -1.57125],
							"size": [2.7425, 10.66527, 2.7425],
							"pivot": [-8.71787, 1.4516, -0.0914],
							"rotation": [0, 0, 80],
							"uv": {
								"north": {"uv": [18.1, 18.1], "uv_size": [17.8, 69.8]},
								"east": {"uv": [0.1, 18.1], "uv_size": [17.8, 69.8]},
								"south": {"uv": [54.1, 18.1], "uv_size": [17.8, 69.8]},
								"west": {"uv": [36.1, 18.1], "uv_size": [17.8, 69.8]},
								"up": {"uv": [18.1, 0.1], "uv_size": [17.8, 17.8]},
								"down": {"uv": [36.1, 17.9], "uv_size": [17.8, -17.8]}
							}
						},
						{
							"origin": [-1.78874, -2.41652, -10.00115],
							"size": [2.7425, 10.66527, 2.7425],
							"pivot": [-0.21787, 1.63296, -8.5213],
							"rotation": [-80.15548, 0.4741, -4.79406],
							"uv": {
								"north": {"uv": [18.1, 18.1], "uv_size": [17.8, 69.8]},
								"east": {"uv": [0.1, 18.1], "uv_size": [17.8, 69.8]},
								"south": {"uv": [54.1, 18.1], "uv_size": [17.8, 69.8]},
								"west": {"uv": [36.1, 18.1], "uv_size": [17.8, 69.8]},
								"up": {"uv": [18.1, 0.1], "uv_size": [17.8, 17.8]},
								"down": {"uv": [36.1, 17.9], "uv_size": [17.8, -17.8]}
							}
						},
						{
							"origin": [6.52046, -2.3386, -1.61571],
							"size": [2.7425, 10.66527, 2.7425],
							"pivot": [7.88527, 1.84375, -0.34497],
							"rotation": [-0.15686, -0.12047, -81.99734],
							"uv": {
								"north": {"uv": [18.1, 18.1], "uv_size": [17.8, 69.8]},
								"east": {"uv": [0.1, 18.1], "uv_size": [17.8, 69.8]},
								"south": {"uv": [54.1, 18.1], "uv_size": [17.8, 69.8]},
								"west": {"uv": [36.1, 18.1], "uv_size": [17.8, 69.8]},
								"up": {"uv": [18.1, 0.1], "uv_size": [17.8, 17.8]},
								"down": {"uv": [36.1, 17.9], "uv_size": [17.8, -17.8]}
							}
						},
						{
							"origin": [-1.82198, -1.93778, 6.31542],
							"size": [2.7425, 10.66527, 2.7425],
							"pivot": [-0.44036, 2.22502, 8.09237],
							"rotation": [81.39094, -1.16649, -1.63729],
							"uv": {
								"north": {"uv": [18.1, 18.1], "uv_size": [17.8, 69.8]},
								"east": {"uv": [0.1, 18.1], "uv_size": [17.8, 69.8]},
								"south": {"uv": [54.1, 18.1], "uv_size": [17.8, 69.8]},
								"west": {"uv": [36.1, 18.1], "uv_size": [17.8, 69.8]},
								"up": {"uv": [18.1, 0.1], "uv_size": [17.8, 17.8]},
								"down": {"uv": [36.1, 17.9], "uv_size": [17.8, -17.8]}
							}
						},
						{
							"origin": [-6.3534, 0.3162, 10.71305],
							"size": [2.00944, 3.09941, 2.91861],
							"pivot": [-5.59867, 0.8659, 10.77236],
							"rotation": [23.61091, 0.36049, -90.13046],
							"uv": {
								"north": {"uv": [61.1, 7.1], "uv_size": [2.8, 6.8]},
								"east": {"uv": [54.1, 0.1], "uv_size": [6.8, 6.8]},
								"south": {"uv": [64.1, 0.1], "uv_size": [2.8, 6.8]},
								"west": {"uv": [54.1, 7.1], "uv_size": [6.8, 6.8]},
								"up": {"uv": [61.1, 0.1], "uv_size": [2.8, 6.8]},
								"down": {"uv": [64.1, 13.9], "uv_size": [2.8, -6.8]}
							}
						},
						{
							"origin": [-3.9534, -3.9838, 12.11305],
							"size": [1.10944, 2.49941, 1.91861],
							"pivot": [-3.19867, 0.8659, 10.77236],
							"rotation": [23.61091, 0.36049, -90.13046],
							"uv": {
								"north": {"uv": [61.1, 7.1], "uv_size": [2.8, 6.8]},
								"east": {"uv": [54.1, 0.1], "uv_size": [6.8, 6.8]},
								"south": {"uv": [64.1, 0.1], "uv_size": [2.8, 6.8]},
								"west": {"uv": [54.1, 7.1], "uv_size": [6.8, 6.8]},
								"up": {"uv": [61.1, 0.1], "uv_size": [2.8, 6.8]},
								"down": {"uv": [64.1, 13.9], "uv_size": [2.8, -6.8]}
							}
						},
						{
							"origin": [-3.9534, 10.0162, 6.71305],
							"size": [1.10944, 3.09942, 2.91861],
							"pivot": [-3.19867, 0.8659, 10.77236],
							"rotation": [23.61091, 0.36049, -90.13046],
							"uv": {
								"north": {"uv": [61.1, 7.1], "uv_size": [2.8, 6.8]},
								"east": {"uv": [54.1, 0.1], "uv_size": [6.8, 6.8]},
								"south": {"uv": [64.1, 0.1], "uv_size": [2.8, 6.8]},
								"west": {"uv": [54.1, 7.1], "uv_size": [6.8, 6.8]},
								"up": {"uv": [61.1, 0.1], "uv_size": [2.8, 6.8]},
								"down": {"uv": [64.1, 13.9], "uv_size": [2.8, -6.8]}
							}
						},
						{
							"origin": [-3.9534, 0.7162, -15.28695],
							"size": [1.10944, 3.99941, 2.81861],
							"pivot": [-3.19867, 0.8659, 10.77236],
							"rotation": [23.61091, 0.36049, -90.13046],
							"uv": {
								"north": {"uv": [61.1, 7.1], "uv_size": [2.8, 6.8]},
								"east": {"uv": [54.1, 0.1], "uv_size": [6.8, 6.8]},
								"south": {"uv": [64.1, 0.1], "uv_size": [2.8, 6.8]},
								"west": {"uv": [54.1, 7.1], "uv_size": [6.8, 6.8]},
								"up": {"uv": [61.1, 0.1], "uv_size": [2.8, 6.8]},
								"down": {"uv": [64.1, 13.9], "uv_size": [2.8, -6.8]}
							}
						},
						{
							"origin": [-10.73043, 0.50113, 7.44964],
							"size": [2.60944, 3.99941, 3.81861],
							"pivot": [-8.32571, 2.50084, 9.35894],
							"rotation": [91.11091, 0.36049, -90.13046],
							"uv": {
								"north": {"uv": [61.1, 7.1], "uv_size": [2.8, 6.8]},
								"east": {"uv": [54.1, 0.1], "uv_size": [6.8, 6.8]},
								"south": {"uv": [64.1, 0.1], "uv_size": [2.8, 6.8]},
								"west": {"uv": [54.1, 7.1], "uv_size": [6.8, 6.8]},
								"up": {"uv": [61.1, 0.1], "uv_size": [2.8, 6.8]},
								"down": {"uv": [64.1, 13.9], "uv_size": [2.8, -6.8]}
							}
						},
						{
							"origin": [-12.36453, -1.71038, 7.84682],
							"size": [1.70944, 2.79941, 2.71861],
							"pivot": [-11.55981, 0.88933, 8.70612],
							"rotation": [-61.38909, 0.36049, -90.13046],
							"uv": {
								"north": {"uv": [61.1, 7.1], "uv_size": [2.8, 6.8]},
								"east": {"uv": [54.1, 0.1], "uv_size": [6.8, 6.8]},
								"south": {"uv": [64.1, 0.1], "uv_size": [2.8, 6.8]},
								"west": {"uv": [54.1, 7.1], "uv_size": [6.8, 6.8]},
								"up": {"uv": [61.1, 0.1], "uv_size": [2.8, 6.8]},
								"down": {"uv": [64.1, 13.9], "uv_size": [2.8, -6.8]}
							}
						},
						{
							"origin": [-9.383, -2.60934, -9.57078],
							"size": [2.00944, 3.09941, 2.91861],
							"pivot": [-8.3113, 1.16869, -9.3701],
							"rotation": [139.61118, -0.04077, -89.6188],
							"uv": {
								"north": {"uv": [61.1, 7.1], "uv_size": [2.8, 6.8]},
								"east": {"uv": [54.1, 0.1], "uv_size": [6.8, 6.8]},
								"south": {"uv": [64.1, 0.1], "uv_size": [2.8, 6.8]},
								"west": {"uv": [54.1, 7.1], "uv_size": [6.8, 6.8]},
								"up": {"uv": [61.1, 0.1], "uv_size": [2.8, 6.8]},
								"down": {"uv": [64.1, 13.9], "uv_size": [2.8, -6.8]}
							}
						},
						{
							"origin": [-8.68241, -6.22378, -15.15892],
							"size": [1.30944, 4.89941, 3.81861],
							"pivot": [-7.6113, 1.16869, -10.22759],
							"rotation": [153.6109, -0.13178, -89.63999],
							"uv": {
								"north": {"uv": [61.1, 7.1], "uv_size": [2.8, 6.8]},
								"east": {"uv": [54.1, 0.1], "uv_size": [6.8, 6.8]},
								"south": {"uv": [64.1, 0.1], "uv_size": [2.8, 6.8]},
								"west": {"uv": [54.1, 7.1], "uv_size": [6.8, 6.8]},
								"up": {"uv": [61.1, 0.1], "uv_size": [2.8, 6.8]},
								"down": {"uv": [64.1, 13.9], "uv_size": [2.8, -6.8]}
							}
						},
						{
							"origin": [-9.383, -0.8124, -13.24817],
							"size": [1.70944, 2.79941, 2.71861],
							"pivot": [-8.3113, 1.16869, -9.3701],
							"rotation": [54.61118, -0.04077, -89.6188],
							"uv": {
								"north": {"uv": [61.1, 7.1], "uv_size": [2.8, 6.8]},
								"east": {"uv": [54.1, 0.1], "uv_size": [6.8, 6.8]},
								"south": {"uv": [64.1, 0.1], "uv_size": [2.8, 6.8]},
								"west": {"uv": [54.1, 7.1], "uv_size": [6.8, 6.8]},
								"up": {"uv": [61.1, 0.1], "uv_size": [2.8, 6.8]},
								"down": {"uv": [64.1, 13.9], "uv_size": [2.8, -6.8]}
							}
						},
						{
							"origin": [-2.10332, -0.49291, -16.80339],
							"size": [1.70944, 2.49941, 4.01861],
							"pivot": [-1.17359, 1.0273, -14.31994],
							"rotation": [-120.38892, 0.07384, -90.3762],
							"uv": {
								"north": {"uv": [61.1, 7.1], "uv_size": [2.8, 6.8]},
								"east": {"uv": [54.1, 0.1], "uv_size": [6.8, 6.8]},
								"south": {"uv": [64.1, 0.1], "uv_size": [2.8, 6.8]},
								"west": {"uv": [54.1, 7.1], "uv_size": [6.8, 6.8]},
								"up": {"uv": [61.1, 0.1], "uv_size": [2.8, 6.8]},
								"down": {"uv": [64.1, 13.9], "uv_size": [2.8, -6.8]}
							}
						},
						{
							"origin": [-16.93961, 1.02153, -4.26072],
							"size": [1.70944, 2.49941, 4.01861],
							"pivot": [-16.08489, 0.87123, -1.25142],
							"rotation": [174.61108, 0.07384, -90.3762],
							"uv": {
								"north": {"uv": [61.1, 7.1], "uv_size": [2.8, 6.8]},
								"east": {"uv": [54.1, 0.1], "uv_size": [6.8, 6.8]},
								"south": {"uv": [64.1, 0.1], "uv_size": [2.8, 6.8]},
								"west": {"uv": [54.1, 7.1], "uv_size": [6.8, 6.8]},
								"up": {"uv": [61.1, 0.1], "uv_size": [2.8, 6.8]},
								"down": {"uv": [64.1, 13.9], "uv_size": [2.8, -6.8]}
							}
						},
						{
							"origin": [-9.383, -0.58583, -11.56609],
							"size": [2.60944, 3.99941, 3.81861],
							"pivot": [-8.3113, 1.16869, -9.3701],
							"rotation": [-152.88882, -0.04077, -89.6188],
							"uv": {
								"north": {"uv": [61.1, 7.1], "uv_size": [2.8, 6.8]},
								"east": {"uv": [54.1, 0.1], "uv_size": [6.8, 6.8]},
								"south": {"uv": [64.1, 0.1], "uv_size": [2.8, 6.8]},
								"west": {"uv": [54.1, 7.1], "uv_size": [6.8, 6.8]},
								"up": {"uv": [61.1, 0.1], "uv_size": [2.8, 6.8]},
								"down": {"uv": [64.1, 13.9], "uv_size": [2.8, -6.8]}
							}
						},
						{
							"origin": [3.35097, -1.73156, 11.0036],
							"size": [1.30944, 4.89941, 3.81861],
							"pivot": [4.00569, 0.71814, 12.91291],
							"rotation": [-1.3889, 0.06726, -90.37743],
							"uv": {
								"north": {"uv": [61.1, 7.1], "uv_size": [2.8, 6.8]},
								"east": {"uv": [54.1, 0.1], "uv_size": [6.8, 6.8]},
								"south": {"uv": [64.1, 0.1], "uv_size": [2.8, 6.8]},
								"west": {"uv": [54.1, 7.1], "uv_size": [6.8, 6.8]},
								"up": {"uv": [61.1, 0.1], "uv_size": [2.8, 6.8]},
								"down": {"uv": [64.1, 13.9], "uv_size": [2.8, -6.8]}
							}
						},
						{
							"origin": [8.42341, -2.32378, -11.22574],
							"size": [2.20944, 5.49941, 4.81861],
							"pivot": [9.07813, 0.72593, -8.91644],
							"rotation": [51.1111, 0.06726, -90.37743],
							"uv": {
								"north": {"uv": [61.1, 7.1], "uv_size": [2.8, 6.8]},
								"east": {"uv": [54.1, 0.1], "uv_size": [6.8, 6.8]},
								"south": {"uv": [64.1, 0.1], "uv_size": [2.8, 6.8]},
								"west": {"uv": [54.1, 7.1], "uv_size": [6.8, 6.8]},
								"up": {"uv": [61.1, 0.1], "uv_size": [2.8, 6.8]},
								"down": {"uv": [64.1, 13.9], "uv_size": [2.8, -6.8]}
							}
						},
						{
							"origin": [9.14208, -1.65873, 7.98524],
							"size": [2.00944, 3.09941, 2.91861],
							"pivot": [10.12641, 1.08064, 7.06024],
							"rotation": [-50.3886, -0.02604, -90.38249],
							"uv": {
								"north": {"uv": [61.1, 7.1], "uv_size": [2.8, 6.8]},
								"east": {"uv": [54.1, 0.1], "uv_size": [6.8, 6.8]},
								"south": {"uv": [64.1, 0.1], "uv_size": [2.8, 6.8]},
								"west": {"uv": [54.1, 7.1], "uv_size": [6.8, 6.8]},
								"up": {"uv": [61.1, 0.1], "uv_size": [2.8, 6.8]},
								"down": {"uv": [64.1, 13.9], "uv_size": [2.8, -6.8]}
							}
						},
						{
							"origin": [12.56696, -1.6232, 0.65837],
							"size": [2.00944, 4.89941, 3.31861],
							"pivot": [13.57168, 1.12651, 1.61767],
							"rotation": [-88.3886, -0.02604, -90.38249],
							"uv": {
								"north": {"uv": [61.1, 7.1], "uv_size": [2.8, 6.8]},
								"east": {"uv": [54.1, 0.1], "uv_size": [6.8, 6.8]},
								"south": {"uv": [64.1, 0.1], "uv_size": [2.8, 6.8]},
								"west": {"uv": [54.1, 7.1], "uv_size": [6.8, 6.8]},
								"up": {"uv": [61.1, 0.1], "uv_size": [2.8, 6.8]},
								"down": {"uv": [64.1, 13.9], "uv_size": [2.8, -6.8]}
							}
						},
						{
							"origin": [9.14208, -1.31639, 6.25463],
							"size": [2.60944, 3.99941, 3.81861],
							"pivot": [10.12641, 1.08064, 7.06024],
							"rotation": [17.1114, -0.02604, -90.38249],
							"uv": {
								"north": {"uv": [61.1, 7.1], "uv_size": [2.8, 6.8]},
								"east": {"uv": [54.1, 0.1], "uv_size": [6.8, 6.8]},
								"south": {"uv": [64.1, 0.1], "uv_size": [2.8, 6.8]},
								"west": {"uv": [54.1, 7.1], "uv_size": [6.8, 6.8]},
								"up": {"uv": [61.1, 0.1], "uv_size": [2.8, 6.8]},
								"down": {"uv": [64.1, 13.9], "uv_size": [2.8, -6.8]}
							}
						},
						{
							"origin": [9.14208, 0.31147, 2.24558],
							"size": [1.70944, 2.79941, 2.71861],
							"pivot": [10.12641, 1.08064, 7.06024],
							"rotation": [-135.3886, -0.02604, -90.38249],
							"uv": {
								"north": {"uv": [61.1, 7.1], "uv_size": [2.8, 6.8]},
								"east": {"uv": [54.1, 0.1], "uv_size": [6.8, 6.8]},
								"south": {"uv": [64.1, 0.1], "uv_size": [2.8, 6.8]},
								"west": {"uv": [54.1, 7.1], "uv_size": [6.8, 6.8]},
								"up": {"uv": [61.1, 0.1], "uv_size": [2.8, 6.8]},
								"down": {"uv": [64.1, 13.9], "uv_size": [2.8, -6.8]}
							}
						},
						{
							"origin": [9.14208, -7.18853, 14.94558],
							"size": [1.70944, 2.79941, 2.71861],
							"pivot": [10.12641, 1.08064, 7.06024],
							"rotation": [-135.3886, -0.02604, -90.38249],
							"uv": {
								"north": {"uv": [61.1, 7.1], "uv_size": [2.8, 6.8]},
								"east": {"uv": [54.1, 0.1], "uv_size": [6.8, 6.8]},
								"south": {"uv": [64.1, 0.1], "uv_size": [2.8, 6.8]},
								"west": {"uv": [54.1, 7.1], "uv_size": [6.8, 6.8]},
								"up": {"uv": [61.1, 0.1], "uv_size": [2.8, 6.8]},
								"down": {"uv": [64.1, 13.9], "uv_size": [2.8, -6.8]}
							}
						},
						{
							"origin": [-6.43324, 0.08389, -6.35704],
							"size": [2.681, 15.8311, 2.681],
							"pivot": [-5.09274, -0.46091, -5.09274],
							"rotation": [-20.5, 45, 0],
							"uv": {
								"north": {"uv": [91.9, 10.1], "uv_size": [-9.8, 30.8]},
								"east": {"uv": [101.9, 10.1], "uv_size": [-9.8, 30.8]},
								"south": {"uv": [111.9, 10.1], "uv_size": [-9.8, 30.8]},
								"west": {"uv": [81.9, 10.1], "uv_size": [-9.8, 30.8]},
								"up": {"uv": [91.9, 0.1], "uv_size": [-9.8, 9.8]},
								"down": {"uv": [101.9, 9.9], "uv_size": [-9.8, -9.8]}
							}
						},
						{
							"origin": [3.75224, 0.08389, 3.67604],
							"size": [2.681, 15.8311, 2.681],
							"pivot": [5.09274, -0.46091, 5.09274],
							"rotation": [20.5, 45, 0],
							"uv": {
								"north": {"uv": [111.9, 10.1], "uv_size": [-9.8, 30.8]},
								"east": {"uv": [81.9, 10.1], "uv_size": [-9.8, 30.8]},
								"south": {"uv": [91.9, 10.1], "uv_size": [-9.8, 30.8]},
								"west": {"uv": [101.9, 10.1], "uv_size": [-9.8, 30.8]},
								"up": {"uv": [82.1, 9.9], "uv_size": [9.8, -9.8]},
								"down": {"uv": [92.1, 0.1], "uv_size": [9.8, 9.8]}
							}
						},
						{
							"origin": [2.58796, -4.94309, -4.92651],
							"size": [1.981, 10.0311, 1.981],
							"pivot": [0.18435, 4.19847, 0.13201],
							"rotation": [137, -45, -180],
							"uv": {
								"north": {"uv": [111.9, 10.1], "uv_size": [-9.8, 30.8]},
								"east": {"uv": [81.9, 10.1], "uv_size": [-9.8, 30.8]},
								"south": {"uv": [91.9, 10.1], "uv_size": [-9.8, 30.8]},
								"west": {"uv": [101.9, 10.1], "uv_size": [-9.8, 30.8]},
								"up": {"uv": [82.1, 9.9], "uv_size": [9.8, -9.8]},
								"down": {"uv": [92.1, 0.1], "uv_size": [9.8, 9.8]}
							}
						},
						{
							"origin": [-6.43324, 0.08389, 3.67604],
							"size": [2.681, 15.8311, 2.681],
							"pivot": [-5.09274, -0.46091, 5.09274],
							"rotation": [20.5, -45, 0],
							"uv": {
								"north": {"uv": [102.1, 10.1], "uv_size": [9.8, 30.8]},
								"east": {"uv": [92.1, 10.1], "uv_size": [9.8, 30.8]},
								"south": {"uv": [82.1, 10.1], "uv_size": [9.8, 30.8]},
								"west": {"uv": [72.1, 10.1], "uv_size": [9.8, 30.8]},
								"up": {"uv": [91.9, 9.9], "uv_size": [-9.8, -9.8]},
								"down": {"uv": [101.9, 0.1], "uv_size": [-9.8, 9.8]}
							}
						},
						{
							"origin": [3.75224, 0.08389, -6.35704],
							"size": [2.681, 15.8311, 2.681],
							"pivot": [5.09274, -0.46091, -5.09274],
							"rotation": [-20.5, -45, 0],
							"uv": {
								"north": {"uv": [82.1, 10.1], "uv_size": [9.8, 30.8]},
								"east": {"uv": [72.1, 10.1], "uv_size": [9.8, 30.8]},
								"south": {"uv": [102.1, 10.1], "uv_size": [9.8, 30.8]},
								"west": {"uv": [92.1, 10.1], "uv_size": [9.8, 30.8]},
								"up": {"uv": [82.1, 0.1], "uv_size": [9.8, 9.8]},
								"down": {"uv": [92.1, 9.9], "uv_size": [9.8, -9.8]}
							}
						},
						{
							"origin": [7.54174, -0.28051, 1.72124],
							"size": [1.981, 10.0311, 1.981],
							"pivot": [7.53224, 4.13504, 2.71174],
							"rotation": [145.99926, 3.18588, 149.81737],
							"uv": {
								"north": {"uv": [102.1, 10.1], "uv_size": [9.8, 30.8]},
								"east": {"uv": [92.1, 10.1], "uv_size": [9.8, 30.8]},
								"south": {"uv": [82.1, 10.1], "uv_size": [9.8, 30.8]},
								"west": {"uv": [72.1, 10.1], "uv_size": [9.8, 30.8]},
								"up": {"uv": [91.9, 9.9], "uv_size": [-9.8, -9.8]},
								"down": {"uv": [101.9, 0.1], "uv_size": [-9.8, 9.8]}
							}
						},
						{
							"origin": [-3.43956, -4.82088, -4.01718],
							"size": [1.981, 10.0311, 1.981],
							"pivot": [0.18435, 4.19847, 0.13201],
							"rotation": [-43, -40, 0],
							"uv": {
								"north": {"uv": [102.1, 10.1], "uv_size": [9.8, 30.8]},
								"east": {"uv": [92.1, 10.1], "uv_size": [9.8, 30.8]},
								"south": {"uv": [82.1, 10.1], "uv_size": [9.8, 30.8]},
								"west": {"uv": [72.1, 10.1], "uv_size": [9.8, 30.8]},
								"up": {"uv": [91.9, 9.9], "uv_size": [-9.8, -9.8]},
								"down": {"uv": [101.9, 0.1], "uv_size": [-9.8, 9.8]}
							}
						},
						{
							"origin": [2.08796, -5.14309, -4.82651],
							"size": [1.981, 10.0311, 1.981],
							"pivot": [0.18435, 4.19847, 0.13201],
							"rotation": [137, 45, 180],
							"uv": {
								"north": {"uv": [111.9, 10.1], "uv_size": [-9.8, 30.8]},
								"east": {"uv": [81.9, 10.1], "uv_size": [-9.8, 30.8]},
								"south": {"uv": [91.9, 10.1], "uv_size": [-9.8, 30.8]},
								"west": {"uv": [101.9, 10.1], "uv_size": [-9.8, 30.8]},
								"up": {"uv": [82.1, 9.9], "uv_size": [9.8, -9.8]},
								"down": {"uv": [92.1, 0.1], "uv_size": [9.8, 9.8]}
							}
						}
					],
					"locators": {
						"flame": [0, 13, 0]
					}
				},
				{
					"name": "bone",
					"parent": "root",
					"pivot": [0.05793, 13.74176, -0.05741],
					"cubes": [
						{
							"origin": [-13.16825, 13.67473, -0.12571],
							"size": [15.95237, 8.29811, 0],
							"pivot": [0.05793, 13.74176, -0.05741],
							"rotation": [-47.39118, -3.68425, 86.61738],
							"uv": {
								"north": {"uv": [0.1, 89.1], "uv_size": [63.8, 35.8]},
								"east": {"uv": [78.1, 74.1], "uv_size": [0.8, 0.8]},
								"south": {"uv": [76.1, 74.1], "uv_size": [0.8, 0.8]},
								"west": {"uv": [74.1, 74.1], "uv_size": [0.8, 0.8]},
								"up": {"uv": [72.1, 74.9], "uv_size": [0.8, -0.8]},
								"down": {"uv": [79.1, 74.9], "uv_size": [1.8, -0.8]}
							}
						},
						{
							"origin": [-13.16825, 13.67473, -0.12571],
							"size": [15.95237, 8.29811, 0],
							"pivot": [0.05793, 13.74176, -0.05741],
							"rotation": [132.60882, 3.68425, 93.38262],
							"uv": {
								"north": {"uv": [0.1, 89.1], "uv_size": [63.8, 35.8]},
								"east": {"uv": [78.1, 74.1], "uv_size": [0.8, 0.8]},
								"south": {"uv": [76.1, 74.1], "uv_size": [0.8, 0.8]},
								"west": {"uv": [74.1, 74.1], "uv_size": [0.8, 0.8]},
								"up": {"uv": [72.1, 74.9], "uv_size": [0.8, -0.8]},
								"down": {"uv": [79.1, 74.9], "uv_size": [1.8, -0.8]}
							}
						},
						{
							"origin": [-15.55482, 10.84436, -0.2983],
							"size": [15.95237, 8.29811, 0],
							"pivot": [-0.77863, 12.19176, -2.86554],
							"rotation": [42.39121, 3.37562, 86.30934],
							"uv": {
								"north": {"uv": [0.1, 89.1], "uv_size": [63.8, 35.8]},
								"east": {"uv": [78.1, 74.1], "uv_size": [0.8, 0.8]},
								"south": {"uv": [76.1, 74.1], "uv_size": [0.8, 0.8]},
								"west": {"uv": [74.1, 74.1], "uv_size": [0.8, 0.8]},
								"up": {"uv": [72.1, 74.9], "uv_size": [0.8, -0.8]},
								"down": {"uv": [79.1, 74.9], "uv_size": [1.8, -0.8]}
							}
						},
						{
							"origin": [-13.16825, 13.67473, -0.12571],
							"size": [15.95237, 8.29811, 0],
							"pivot": [0.05793, 13.74176, -0.05741],
							"rotation": [-135.10922, -3.53329, 93.54002],
							"uv": {
								"north": {"uv": [0.1, 89.1], "uv_size": [63.8, 35.8]},
								"east": {"uv": [78.1, 74.1], "uv_size": [0.8, 0.8]},
								"south": {"uv": [76.1, 74.1], "uv_size": [0.8, 0.8]},
								"west": {"uv": [74.1, 74.1], "uv_size": [0.8, 0.8]},
								"up": {"uv": [72.1, 74.9], "uv_size": [0.8, -0.8]},
								"down": {"uv": [79.1, 74.9], "uv_size": [1.8, -0.8]}
							}
						},
						{
							"origin": [-7.65086, 4.10435, -1.06789],
							"size": [9.15428, 3.40098, 0],
							"pivot": [0.03128, 4.14055, -1.031],
							"rotation": [-47.5, 0, 90],
							"uv": {
								"north": {"uv": [0.1, 89.1], "uv_size": [63.8, 35.8]},
								"east": {"uv": [78.1, 74.1], "uv_size": [0.8, 0.8]},
								"south": {"uv": [76.1, 74.1], "uv_size": [0.8, 0.8]},
								"west": {"uv": [74.1, 74.1], "uv_size": [0.8, 0.8]},
								"up": {"uv": [72.1, 74.9], "uv_size": [0.8, -0.8]},
								"down": {"uv": [79.1, 74.9], "uv_size": [1.8, -0.8]}
							}
						},
						{
							"origin": [-7.65086, 4.10435, -1.06789],
							"size": [9.15428, 3.40098, 0],
							"pivot": [0.03128, 4.14055, -1.031],
							"rotation": [132.5, 0, 90],
							"uv": {
								"north": {"uv": [0.1, 89.1], "uv_size": [63.8, 35.8]},
								"east": {"uv": [78.1, 74.1], "uv_size": [0.8, 0.8]},
								"south": {"uv": [76.1, 74.1], "uv_size": [0.8, 0.8]},
								"west": {"uv": [74.1, 74.1], "uv_size": [0.8, 0.8]},
								"up": {"uv": [72.1, 74.9], "uv_size": [0.8, -0.8]},
								"down": {"uv": [79.1, 74.9], "uv_size": [1.8, -0.8]}
							}
						},
						{
							"origin": [-7.65086, 4.10435, -1.06789],
							"size": [9.15428, 3.40098, 0],
							"pivot": [0.03128, 4.14055, -1.031],
							"rotation": [-135, 0, 90],
							"uv": {
								"north": {"uv": [0.1, 89.1], "uv_size": [63.8, 35.8]},
								"east": {"uv": [78.1, 74.1], "uv_size": [0.8, 0.8]},
								"south": {"uv": [76.1, 74.1], "uv_size": [0.8, 0.8]},
								"west": {"uv": [74.1, 74.1], "uv_size": [0.8, 0.8]},
								"up": {"uv": [72.1, 74.9], "uv_size": [0.8, -0.8]},
								"down": {"uv": [79.1, 74.9], "uv_size": [1.8, -0.8]}
							}
						},
						{
							"origin": [-7.65086, 4.10435, -0.06789],
							"size": [9.15428, 3.40098, 0],
							"pivot": [0.03128, 4.14055, -0.031],
							"rotation": [42.5, 0, 90],
							"uv": {
								"north": {"uv": [0.1, 89.1], "uv_size": [63.8, 35.8]},
								"east": {"uv": [78.1, 74.1], "uv_size": [0.8, 0.8]},
								"south": {"uv": [76.1, 74.1], "uv_size": [0.8, 0.8]},
								"west": {"uv": [74.1, 74.1], "uv_size": [0.8, 0.8]},
								"up": {"uv": [72.1, 74.9], "uv_size": [0.8, -0.8]},
								"down": {"uv": [79.1, 74.9], "uv_size": [1.8, -0.8]}
							}
						}
					]
				},
				{
					"name": "rightArm",
					"parent": "root",
					"pivot": [0, 0, 0],
					"rotation": [17.5, 0, -7.5]
				},
				{
					"name": "rightItem",
					"parent": "rightArm",
					"pivot": [0, 16, 11],
					"rotation": [2.5, 0, 0]
				}
			]
		}
	]
}