{
	"format_version": "1.12.0",
	"minecraft:geometry": [
		{
			"description": {
				"identifier": "geometry.dds_camping.canoe",
				"texture_width": 256,
				"texture_height": 256,
				"visible_bounds_width": 6,
				"visible_bounds_height": 3.5,
				"visible_bounds_offset": [0, 1.25, 0]
			},
			"bones": [
				{
					"name": "root",
					"pivot": [-1.53603, 18.40136, -34.99201],
					"cubes": [
						{
							"origin": [-7.34359, 7.8, -8.39268],
							"size": [2.09817, 8.04298, 16.78535],
							"pivot": [-7.34359, 7.97485, 0],
							"rotation": [0, 0, -10],
							"uv": {
								"north": {"uv": [100.1, 48.1], "uv_size": [3.8, 13.8]},
								"east": {"uv": [0.1, 71.1], "uv_size": [29.8, 13.8]},
								"south": {"uv": [48.1, 107.1], "uv_size": [3.8, 13.8]},
								"west": {"uv": [30.1, 71.1], "uv_size": [29.8, 13.8]},
								"up": {"uv": [104.1, 48.1], "uv_size": [3.8, 29.8]},
								"down": {"uv": [14.1, 134.9], "uv_size": [3.8, -29.8]}
							}
						},
						{
							"origin": [0.52983, 10.85237, -35.06777],
							"size": [1.04908, 7.94298, 7.19329],
							"pivot": [1.53603, 18.40136, -34.99201],
							"rotation": [-9.50563, 21.76854, 8.8824],
							"uv": {
								"north": {"uv": [3.9, 123.1], "uv_size": [-1.8, 13.8]},
								"east": {"uv": [99.9, 85.1], "uv_size": [-13.8, 13.8]},
								"south": {"uv": [5.9, 123.1], "uv_size": [-1.8, 13.8]},
								"west": {"uv": [85.9, 85.1], "uv_size": [-13.8, 13.8]},
								"up": {"uv": [7.9, 123.1], "uv_size": [-1.8, 13.8]},
								"down": {"uv": [9.9, 136.9], "uv_size": [-1.8, -13.8]}
							}
						},
						{
							"origin": [5.24542, 7.8, -8.39268],
							"size": [2.09817, 8.04298, 16.78535],
							"pivot": [7.34359, 7.97485, 0],
							"rotation": [0, 0, 10],
							"uv": {
								"north": {"uv": [119.1, 80.1], "uv_size": [3.8, 13.8]},
								"east": {"uv": [60.1, 71.1], "uv_size": [29.8, 13.8]},
								"south": {"uv": [90.1, 119.1], "uv_size": [3.8, 13.8]},
								"west": {"uv": [78.1, 28.1], "uv_size": [29.8, 13.8]},
								"up": {"uv": [18.1, 105.1], "uv_size": [3.8, 29.8]},
								"down": {"uv": [22.1, 134.9], "uv_size": [3.8, -29.8]}
							}
						},
						{
							"origin": [-7.34359, 7.8, -7.69329],
							"size": [14.68718, 1.04908, 16.08596],
							"uv": {
								"north": {"uv": [119.1, 40.1], "uv_size": [25.8, 1.8]},
								"east": {"uv": [104.1, 78.1], "uv_size": [28.8, 1.8]},
								"south": {"uv": [119.1, 94.1], "uv_size": [25.8, 1.8]},
								"west": {"uv": [90.1, 117.1], "uv_size": [28.8, 1.8]},
								"up": {"uv": [0.1, 0.1], "uv_size": [25.8, 28.8]},
								"down": {"uv": [26.1, 28.9], "uv_size": [25.8, -28.8]}
							}
						},
						{
							"origin": [-6.25954, 9.30266, -11.49134],
							"size": [12.34423, 1.04908, 4.26628],
							"pivot": [0, 13.60012, -23.10096],
							"rotation": [-5.5, 0, 0],
							"uv": {
								"north": {"uv": [119.1, 96.1], "uv_size": [21.8, 1.8]},
								"east": {"uv": [36.1, 97.1], "uv_size": [7.8, 1.8]},
								"south": {"uv": [121.1, 23.1], "uv_size": [21.8, 1.8]},
								"west": {"uv": [127.1, 16.1], "uv_size": [7.8, 1.8]},
								"up": {"uv": [14.1, 97.1], "uv_size": [21.8, 7.8]},
								"down": {"uv": [36.1, 106.9], "uv_size": [21.8, -7.8]}
							}
						},
						{
							"origin": [-5.56015, 9.30266, -14.98829],
							"size": [10.94545, 1.04908, 3.53192],
							"pivot": [0, 13.60012, -23.10096],
							"rotation": [-5.5, 0, 0],
							"uv": {
								"north": {"uv": [122.1, 46.1], "uv_size": [18.8, 1.8]},
								"east": {"uv": [127.1, 80.1], "uv_size": [5.8, 1.8]},
								"south": {"uv": [122.1, 48.1], "uv_size": [18.8, 1.8]},
								"west": {"uv": [127.1, 82.1], "uv_size": [5.8, 1.8]},
								"up": {"uv": [100.1, 80.1], "uv_size": [18.8, 5.8]},
								"down": {"uv": [100.1, 91.9], "uv_size": [18.8, -5.8]}
							}
						},
						{
							"origin": [-4.51106, 9.30266, -18.48523],
							"size": [8.84728, 1.04908, 3.53192],
							"pivot": [0, 13.60012, -23.10096],
							"rotation": [-5.5, 0, 0],
							"uv": {
								"north": {"uv": [122.1, 54.1], "uv_size": [15.8, 1.8]},
								"east": {"uv": [127.1, 84.1], "uv_size": [5.8, 1.8]},
								"south": {"uv": [122.1, 56.1], "uv_size": [15.8, 1.8]},
								"west": {"uv": [127.1, 86.1], "uv_size": [5.8, 1.8]},
								"up": {"uv": [105.1, 14.1], "uv_size": [15.8, 5.8]},
								"down": {"uv": [105.1, 25.9], "uv_size": [15.8, -5.8]}
							}
						},
						{
							"origin": [-4.06137, 9.30266, -21.98218],
							"size": [8.04789, 1.04908, 3.53192],
							"pivot": [0, 13.60012, -23.10096],
							"rotation": [-5.5, 0, 0],
							"uv": {
								"north": {"uv": [122.1, 76.1], "uv_size": [13.8, 1.8]},
								"east": {"uv": [127.1, 88.1], "uv_size": [5.8, 1.8]},
								"south": {"uv": [122.1, 104.1], "uv_size": [13.8, 1.8]},
								"west": {"uv": [127.1, 90.1], "uv_size": [5.8, 1.8]},
								"up": {"uv": [108.1, 48.1], "uv_size": [13.8, 5.8]},
								"down": {"uv": [108.1, 59.9], "uv_size": [13.8, -5.8]}
							}
						},
						{
							"origin": [-3.11228, 9.30266, -26.52821],
							"size": [6.04972, 1.04908, 4.581],
							"pivot": [0, 13.60012, -23.10096],
							"rotation": [-5.5, 0, 0],
							"uv": {
								"north": {"uv": [78.1, 66.1], "uv_size": [10.8, 1.8]},
								"east": {"uv": [127.1, 18.1], "uv_size": [7.8, 1.8]},
								"south": {"uv": [78.1, 68.1], "uv_size": [10.8, 1.8]},
								"west": {"uv": [127.1, 20.1], "uv_size": [7.8, 1.8]},
								"up": {"uv": [26.1, 107.1], "uv_size": [10.8, 7.8]},
								"down": {"uv": [37.1, 114.9], "uv_size": [10.8, -7.8]}
							}
						},
						{
							"origin": [-0.63927, 8.33931, -33.1479],
							"size": [1.27854, 1.04908, 2.34296],
							"pivot": [0, 13.60012, -23.10096],
							"rotation": [-12.5, 0, 0],
							"uv": {
								"north": {"uv": [97.1, 80.1], "uv_size": [2.8, 1.8]},
								"east": {"uv": [119.1, 129.1], "uv_size": [3.8, 1.8]},
								"south": {"uv": [105.1, 26.1], "uv_size": [2.8, 1.8]},
								"west": {"uv": [131.1, 9.1], "uv_size": [3.8, 1.8]},
								"up": {"uv": [100.1, 62.1], "uv_size": [2.8, 3.8]},
								"down": {"uv": [119.1, 128.9], "uv_size": [2.8, -3.8]}
							}
						},
						{
							"origin": [-1.23927, 15.88229, -35.17488],
							"size": [2.47854, 0.31963, 0.69939],
							"pivot": [0, 13.60012, -23.10096],
							"rotation": [-12.5, 0, 0],
							"uv": {
								"north": {"uv": [97.1, 82.1], "uv_size": [2.8, 0.8]},
								"east": {"uv": [89.1, 66.1], "uv_size": [0.8, 0.8]},
								"south": {"uv": [111.1, 133.1], "uv_size": [2.8, 0.8]},
								"west": {"uv": [89.1, 67.1], "uv_size": [0.8, 0.8]},
								"up": {"uv": [133.1, 120.1], "uv_size": [2.8, 0.8]},
								"down": {"uv": [133.1, 121.9], "uv_size": [2.8, -0.8]}
							}
						},
						{
							"origin": [-1.48405, 15.88229, -34.47549],
							"size": [2.96811, 0.31963, 0.69939],
							"pivot": [0, 13.60012, -23.10096],
							"rotation": [-12.5, 0, 0],
							"uv": {
								"north": {"uv": [133.1, 91.1], "uv_size": [3.8, 0.8]},
								"east": {"uv": [89.1, 68.1], "uv_size": [0.8, 0.8]},
								"south": {"uv": [133.1, 92.1], "uv_size": [3.8, 0.8]},
								"west": {"uv": [89.1, 69.1], "uv_size": [0.8, 0.8]},
								"up": {"uv": [133.1, 93.1], "uv_size": [3.8, 0.8]},
								"down": {"uv": [95.1, 133.9], "uv_size": [3.8, -0.8]}
							}
						},
						{
							"origin": [-1.69387, 15.88229, -33.7761],
							"size": [3.38774, 0.31963, 0.69939],
							"pivot": [0, 13.60012, -23.10096],
							"rotation": [-12.5, 0, 0],
							"uv": {
								"north": {"uv": [133.1, 84.1], "uv_size": [4.8, 0.8]},
								"east": {"uv": [99.1, 83.1], "uv_size": [0.8, 0.8]},
								"south": {"uv": [133.1, 85.1], "uv_size": [4.8, 0.8]},
								"west": {"uv": [99.1, 84.1], "uv_size": [0.8, 0.8]},
								"up": {"uv": [133.1, 86.1], "uv_size": [4.8, 0.8]},
								"down": {"uv": [133.1, 87.9], "uv_size": [4.8, -0.8]}
							}
						},
						{
							"origin": [-1.81841, 15.88229, -33.07671],
							"size": [3.6718, 0.31963, 0.3086],
							"pivot": [0, 13.60012, -23.10096],
							"rotation": [-12.5, 0, 0],
							"uv": {
								"north": {"uv": [131.1, 129.1], "uv_size": [6.8, 0.8]},
								"east": {"uv": [133.1, 122.1], "uv_size": [2.8, 0.8]},
								"south": {"uv": [131.1, 130.1], "uv_size": [6.8, 0.8]},
								"west": {"uv": [133.1, 123.1], "uv_size": [2.8, 0.8]},
								"up": {"uv": [90.1, 80.1], "uv_size": [6.8, 2.8]},
								"down": {"uv": [124.1, 4.9], "uv_size": [6.8, -2.8]}
							}
						},
						{
							"origin": [-2.27302, 15.88229, -31.46812],
							"size": [4.54603, 0.31963, 0.62884],
							"pivot": [0, 13.60012, -23.10096],
							"rotation": [-12.5, 0, 0],
							"uv": {
								"north": {"uv": [131.1, 11.1], "uv_size": [7.8, 0.8]},
								"east": {"uv": [121.1, 25.1], "uv_size": [1.8, 0.8]},
								"south": {"uv": [131.1, 12.1], "uv_size": [7.8, 0.8]},
								"west": {"uv": [38.1, 133.1], "uv_size": [1.8, 0.8]},
								"up": {"uv": [127.1, 25.1], "uv_size": [7.8, 1.8]},
								"down": {"uv": [127.1, 28.9], "uv_size": [7.8, -1.8]}
							}
						},
						{
							"origin": [-2.62271, 16.12599, -30.7406],
							"size": [5.24542, 0.31963, 2.02884],
							"pivot": [0, 13.60012, -23.10096],
							"rotation": [-10.5, 0, 0],
							"uv": {
								"north": {"uv": [112.1, 104.1], "uv_size": [8.8, 0.8]},
								"east": {"uv": [29.1, 134.1], "uv_size": [1.8, 0.8]},
								"south": {"uv": [131.1, 6.1], "uv_size": [8.8, 0.8]},
								"west": {"uv": [31.1, 134.1], "uv_size": [1.8, 0.8]},
								"up": {"uv": [126.1, 65.1], "uv_size": [8.8, 1.8]},
								"down": {"uv": [126.1, 68.9], "uv_size": [8.8, -1.8]}
							}
						},
						{
							"origin": [-4.02149, 16.61662, -25.27229],
							"size": [8.04298, 0.41963, 3.49695],
							"pivot": [0, 13.60012, -23.10096],
							"rotation": [-5.5, 0, 0],
							"uv": {
								"north": {"uv": [124.1, 5.1], "uv_size": [13.8, 0.8]},
								"east": {"uv": [132.1, 124.1], "uv_size": [5.8, 0.8]},
								"south": {"uv": [126.1, 75.1], "uv_size": [13.8, 0.8]},
								"west": {"uv": [125.1, 132.1], "uv_size": [5.8, 0.8]},
								"up": {"uv": [108.1, 60.1], "uv_size": [13.8, 5.8]},
								"down": {"uv": [108.1, 71.9], "uv_size": [13.8, -5.8]}
							}
						},
						{
							"origin": [-2.97241, 16.61662, -28.41954],
							"size": [5.94481, 0.41963, 3.14725],
							"pivot": [0, 13.60012, -23.10096],
							"rotation": [-5.5, 0, 0],
							"uv": {
								"north": {"uv": [130.1, 119.1], "uv_size": [10.8, 0.8]},
								"east": {"uv": [132.1, 125.1], "uv_size": [5.8, 0.8]},
								"south": {"uv": [131.1, 2.1], "uv_size": [10.8, 0.8]},
								"west": {"uv": [132.1, 126.1], "uv_size": [5.8, 0.8]},
								"up": {"uv": [112.1, 98.1], "uv_size": [10.8, 5.8]},
								"down": {"uv": [26.1, 120.9], "uv_size": [10.8, -5.8]}
							}
						},
						{
							"origin": [-6.11966, 15.21784, -16.18022],
							"size": [12.23932, 0.41963, 6.6442],
							"pivot": [0, 13.94981, -23.10096],
							"rotation": [-5.5, 0, 0],
							"uv": {
								"north": {"uv": [123.1, 102.1], "uv_size": [21.8, 0.8]},
								"east": {"uv": [78.1, 70.1], "uv_size": [11.8, 0.8]},
								"south": {"uv": [123.1, 103.1], "uv_size": [21.8, 0.8]},
								"west": {"uv": [100.1, 98.1], "uv_size": [11.8, 0.8]},
								"up": {"uv": [78.1, 42.1], "uv_size": [21.8, 11.8]},
								"down": {"uv": [78.1, 65.9], "uv_size": [21.8, -11.8]}
							}
						},
						{
							"origin": [-7.34359, 14.09451, -0.69939],
							"size": [14.68718, 0.69939, 2.09817],
							"uv": {
								"north": {"uv": [52.1, 28.1], "uv_size": [25.8, 0.8]},
								"east": {"uv": [133.1, 111.1], "uv_size": [3.8, 0.8]},
								"south": {"uv": [123.1, 39.1], "uv_size": [25.8, 0.8]},
								"west": {"uv": [119.1, 133.1], "uv_size": [3.8, 0.8]},
								"up": {"uv": [105.1, 6.1], "uv_size": [25.8, 3.8]},
								"down": {"uv": [105.1, 13.9], "uv_size": [25.8, -3.8]}
							}
						},
						{
							"origin": [3.52602, 8.75589, -29.93545],
							"size": [2.09817, 8.04298, 22.33077],
							"pivot": [4.5751, 12.77738, -18.52007],
							"rotation": [-2.32338, 13.36274, 9.89549],
							"uv": {
								"north": {"uv": [94.1, 119.1], "uv_size": [3.8, 13.8]},
								"east": {"uv": [0.1, 43.1], "uv_size": [38.8, 13.8]},
								"south": {"uv": [98.1, 119.1], "uv_size": [3.8, 13.8]},
								"west": {"uv": [39.1, 43.1], "uv_size": [38.8, 13.8]},
								"up": {"uv": [66.1, 99.1], "uv_size": [3.8, 38.8]},
								"down": {"uv": [70.1, 137.9], "uv_size": [3.8, -38.8]}
							}
						},
						{
							"origin": [-5.62419, 8.75589, -29.93545],
							"size": [2.09817, 8.04298, 22.33077],
							"pivot": [-4.5751, 12.77738, -18.52007],
							"rotation": [-2.32338, -13.36274, -9.89549],
							"uv": {
								"north": {"uv": [97.9, 119.1], "uv_size": [-3.8, 13.8]},
								"east": {"uv": [77.9, 43.1], "uv_size": [-38.8, 13.8]},
								"south": {"uv": [101.9, 119.1], "uv_size": [-3.8, 13.8]},
								"west": {"uv": [38.9, 43.1], "uv_size": [-38.8, 13.8]},
								"up": {"uv": [69.9, 99.1], "uv_size": [-3.8, 38.8]},
								"down": {"uv": [73.9, 137.9], "uv_size": [-3.8, -38.8]}
							}
						},
						{
							"origin": [-1.23866, 9.30266, -31.42394],
							"size": [2.65216, 1.04908, 4.9307],
							"pivot": [0, 13.60012, -23.10096],
							"rotation": [-5.5, 0, 0],
							"uv": {
								"north": {"uv": [132.9, 92.1], "uv_size": [-5.8, 1.8]},
								"east": {"uv": [34.9, 105.1], "uv_size": [-8.8, 1.8]},
								"south": {"uv": [132.9, 110.1], "uv_size": [-5.8, 1.8]},
								"west": {"uv": [98.9, 83.1], "uv_size": [-8.8, 1.8]},
								"up": {"uv": [126.9, 14.1], "uv_size": [-5.8, 8.8]},
								"down": {"uv": [31.9, 129.9], "uv_size": [-5.8, -8.8]}
							}
						},
						{
							"origin": [-1.91841, 15.88229, -32.77671],
							"size": [3.8718, 0.31963, 0.3086],
							"pivot": [0, 13.60012, -23.10096],
							"rotation": [-12.5, 0, 0],
							"uv": {
								"north": {"uv": [131.1, 129.1], "uv_size": [6.8, 0.8]},
								"east": {"uv": [133.1, 122.1], "uv_size": [2.8, 0.8]},
								"south": {"uv": [131.1, 130.1], "uv_size": [6.8, 0.8]},
								"west": {"uv": [133.1, 123.1], "uv_size": [2.8, 0.8]},
								"up": {"uv": [90.1, 80.1], "uv_size": [6.8, 2.8]},
								"down": {"uv": [124.1, 4.9], "uv_size": [6.8, -2.8]}
							}
						},
						{
							"origin": [-2.01841, 15.88229, -32.47671],
							"size": [4.0718, 0.31963, 0.3086],
							"pivot": [0, 13.60012, -23.10096],
							"rotation": [-12.5, 0, 0],
							"uv": {
								"north": {"uv": [131.1, 129.1], "uv_size": [6.8, 0.8]},
								"east": {"uv": [133.1, 122.1], "uv_size": [2.8, 0.8]},
								"south": {"uv": [131.1, 130.1], "uv_size": [6.8, 0.8]},
								"west": {"uv": [133.1, 123.1], "uv_size": [2.8, 0.8]},
								"up": {"uv": [90.1, 80.1], "uv_size": [6.8, 2.8]},
								"down": {"uv": [124.1, 4.9], "uv_size": [6.8, -2.8]}
							}
						},
						{
							"origin": [-2.11841, 15.88229, -32.17671],
							"size": [4.2718, 0.31963, 0.7086],
							"pivot": [0, 13.60012, -23.10096],
							"rotation": [-12.5, 0, 0],
							"uv": {
								"north": {"uv": [131.1, 129.1], "uv_size": [6.8, 0.8]},
								"east": {"uv": [133.1, 122.1], "uv_size": [2.8, 0.8]},
								"south": {"uv": [131.1, 130.1], "uv_size": [6.8, 0.8]},
								"west": {"uv": [133.1, 123.1], "uv_size": [2.8, 0.8]},
								"up": {"uv": [90.1, 80.1], "uv_size": [6.8, 2.8]},
								"down": {"uv": [124.1, 4.9], "uv_size": [6.8, -2.8]}
							}
						},
						{
							"origin": [-1.13927, 9.80176, -36.14652],
							"size": [2.27854, 8.38286, 1.99878],
							"pivot": [0, 13.60012, -23.10096],
							"rotation": [-5, 0, 0],
							"uv": {
								"north": {"uv": [11.1, 117.1], "uv_size": [2.8, 14.8]},
								"east": {"uv": [56.1, 107.1], "uv_size": [1.8, 14.8]},
								"south": {"uv": [114.1, 119.1], "uv_size": [2.8, 14.8]},
								"west": {"uv": [117.1, 119.1], "uv_size": [1.8, 14.8]},
								"up": {"uv": [10.1, 132.1], "uv_size": [2.8, 1.8]},
								"down": {"uv": [40.1, 133.9], "uv_size": [2.8, -1.8]}
							}
						},
						{
							"origin": [-1.57891, 10.85237, -35.06777],
							"size": [1.04908, 7.94298, 7.19329],
							"pivot": [-1.53603, 18.40136, -34.99201],
							"rotation": [-9.50563, -21.76854, -8.8824],
							"uv": {
								"north": {"uv": [2.1, 123.1], "uv_size": [1.8, 13.8]},
								"east": {"uv": [72.1, 85.1], "uv_size": [13.8, 13.8]},
								"south": {"uv": [4.1, 123.1], "uv_size": [1.8, 13.8]},
								"west": {"uv": [86.1, 85.1], "uv_size": [13.8, 13.8]},
								"up": {"uv": [6.1, 123.1], "uv_size": [1.8, 13.8]},
								"down": {"uv": [8.1, 136.9], "uv_size": [1.8, -13.8]}
							}
						},
						{
							"origin": [-1.57891, 10.85237, 27.97449],
							"size": [1.04908, 7.94298, 7.19329],
							"pivot": [-1.53603, 18.40136, 35.09201],
							"rotation": [9.50563, 21.76854, -8.8824],
							"uv": {
								"north": {"uv": [5.9, 123.1], "uv_size": [-1.8, 13.8]},
								"east": {"uv": [85.9, 85.1], "uv_size": [-13.8, 13.8]},
								"south": {"uv": [3.9, 123.1], "uv_size": [-1.8, 13.8]},
								"west": {"uv": [99.9, 85.1], "uv_size": [-13.8, 13.8]},
								"up": {"uv": [6.1, 136.9], "uv_size": [1.8, -13.8]},
								"down": {"uv": [8.1, 123.1], "uv_size": [1.8, 13.8]}
							}
						},
						{
							"origin": [-1.13927, 9.80176, 34.24774],
							"size": [2.27854, 8.38286, 1.99878],
							"pivot": [0, 13.60012, 23.20096],
							"rotation": [5, 0, 0],
							"uv": {
								"north": {"uv": [116.9, 119.1], "uv_size": [-2.8, 14.8]},
								"east": {"uv": [57.9, 107.1], "uv_size": [-1.8, 14.8]},
								"south": {"uv": [13.9, 117.1], "uv_size": [-2.8, 14.8]},
								"west": {"uv": [118.9, 119.1], "uv_size": [-1.8, 14.8]},
								"up": {"uv": [10.1, 133.9], "uv_size": [2.8, -1.8]},
								"down": {"uv": [40.1, 132.1], "uv_size": [2.8, 1.8]}
							}
						},
						{
							"origin": [-2.11841, 15.88229, 31.56812],
							"size": [4.2718, 0.31963, 0.7086],
							"pivot": [0, 13.60012, 23.20096],
							"rotation": [12.5, 0, 0],
							"uv": {
								"north": {"uv": [137.9, 130.1], "uv_size": [-6.8, 0.8]},
								"east": {"uv": [135.9, 122.1], "uv_size": [-2.8, 0.8]},
								"south": {"uv": [137.9, 129.1], "uv_size": [-6.8, 0.8]},
								"west": {"uv": [135.9, 123.1], "uv_size": [-2.8, 0.8]},
								"up": {"uv": [90.1, 82.9], "uv_size": [6.8, -2.8]},
								"down": {"uv": [124.1, 2.1], "uv_size": [6.8, 2.8]}
							}
						},
						{
							"origin": [-2.01841, 15.88229, 32.26812],
							"size": [4.0718, 0.31963, 0.3086],
							"pivot": [0, 13.60012, 23.20096],
							"rotation": [12.5, 0, 0],
							"uv": {
								"north": {"uv": [137.9, 130.1], "uv_size": [-6.8, 0.8]},
								"east": {"uv": [135.9, 122.1], "uv_size": [-2.8, 0.8]},
								"south": {"uv": [137.9, 129.1], "uv_size": [-6.8, 0.8]},
								"west": {"uv": [135.9, 123.1], "uv_size": [-2.8, 0.8]},
								"up": {"uv": [90.1, 82.9], "uv_size": [6.8, -2.8]},
								"down": {"uv": [124.1, 2.1], "uv_size": [6.8, 2.8]}
							}
						},
						{
							"origin": [-1.91841, 15.88229, 32.56812],
							"size": [3.8718, 0.31963, 0.3086],
							"pivot": [0, 13.60012, 23.20096],
							"rotation": [12.5, 0, 0],
							"uv": {
								"north": {"uv": [137.9, 130.1], "uv_size": [-6.8, 0.8]},
								"east": {"uv": [135.9, 122.1], "uv_size": [-2.8, 0.8]},
								"south": {"uv": [137.9, 129.1], "uv_size": [-6.8, 0.8]},
								"west": {"uv": [135.9, 123.1], "uv_size": [-2.8, 0.8]},
								"up": {"uv": [90.1, 82.9], "uv_size": [6.8, -2.8]},
								"down": {"uv": [124.1, 2.1], "uv_size": [6.8, 2.8]}
							}
						},
						{
							"origin": [-1.23866, 9.30266, 26.59324],
							"size": [2.65216, 1.04908, 4.9307],
							"pivot": [0, 13.60012, 23.20096],
							"rotation": [5.5, 0, 0],
							"uv": {
								"north": {"uv": [127.1, 110.1], "uv_size": [5.8, 1.8]},
								"east": {"uv": [26.1, 105.1], "uv_size": [8.8, 1.8]},
								"south": {"uv": [127.1, 92.1], "uv_size": [5.8, 1.8]},
								"west": {"uv": [90.1, 83.1], "uv_size": [8.8, 1.8]},
								"up": {"uv": [126.9, 22.9], "uv_size": [-5.8, -8.8]},
								"down": {"uv": [31.9, 121.1], "uv_size": [-5.8, 8.8]}
							}
						},
						{
							"origin": [-5.62419, 8.75589, 7.70468],
							"size": [2.09817, 8.04298, 22.33077],
							"pivot": [-4.5751, 12.77738, 18.62007],
							"rotation": [2.32338, 13.36274, -9.89549],
							"uv": {
								"north": {"uv": [98.1, 119.1], "uv_size": [3.8, 13.8]},
								"east": {"uv": [39.1, 43.1], "uv_size": [38.8, 13.8]},
								"south": {"uv": [94.1, 119.1], "uv_size": [3.8, 13.8]},
								"west": {"uv": [0.1, 43.1], "uv_size": [38.8, 13.8]},
								"up": {"uv": [69.9, 137.9], "uv_size": [-3.8, -38.8]},
								"down": {"uv": [73.9, 99.1], "uv_size": [-3.8, 38.8]}
							}
						},
						{
							"origin": [3.52602, 8.75589, 7.70468],
							"size": [2.09817, 8.04298, 22.33077],
							"pivot": [4.5751, 12.77738, 18.62007],
							"rotation": [2.32338, -13.36274, 9.89549],
							"uv": {
								"north": {"uv": [101.9, 119.1], "uv_size": [-3.8, 13.8]},
								"east": {"uv": [38.9, 43.1], "uv_size": [-38.8, 13.8]},
								"south": {"uv": [97.9, 119.1], "uv_size": [-3.8, 13.8]},
								"west": {"uv": [77.9, 43.1], "uv_size": [-38.8, 13.8]},
								"up": {"uv": [66.1, 137.9], "uv_size": [3.8, -38.8]},
								"down": {"uv": [70.1, 99.1], "uv_size": [3.8, 38.8]}
							}
						},
						{
							"origin": [-6.11966, 15.21784, 9.63602],
							"size": [12.23932, 0.41963, 6.6442],
							"pivot": [0, 13.94981, 23.20096],
							"rotation": [5.5, 0, 0],
							"uv": {
								"north": {"uv": [144.9, 103.1], "uv_size": [-21.8, 0.8]},
								"east": {"uv": [89.9, 70.1], "uv_size": [-11.8, 0.8]},
								"south": {"uv": [144.9, 102.1], "uv_size": [-21.8, 0.8]},
								"west": {"uv": [111.9, 98.1], "uv_size": [-11.8, 0.8]},
								"up": {"uv": [78.1, 53.9], "uv_size": [21.8, -11.8]},
								"down": {"uv": [78.1, 54.1], "uv_size": [21.8, 11.8]}
							}
						},
						{
							"origin": [-2.97241, 16.61662, 25.37229],
							"size": [5.94481, 0.41963, 3.14725],
							"pivot": [0, 13.60012, 23.20096],
							"rotation": [5.5, 0, 0],
							"uv": {
								"north": {"uv": [141.9, 2.1], "uv_size": [-10.8, 0.8]},
								"east": {"uv": [137.9, 125.1], "uv_size": [-5.8, 0.8]},
								"south": {"uv": [140.9, 119.1], "uv_size": [-10.8, 0.8]},
								"west": {"uv": [137.9, 126.1], "uv_size": [-5.8, 0.8]},
								"up": {"uv": [112.1, 103.9], "uv_size": [10.8, -5.8]},
								"down": {"uv": [26.1, 115.1], "uv_size": [10.8, 5.8]}
							}
						},
						{
							"origin": [-4.02149, 16.61662, 21.87534],
							"size": [8.04298, 0.41963, 3.49695],
							"pivot": [0, 13.60012, 23.20096],
							"rotation": [5.5, 0, 0],
							"uv": {
								"north": {"uv": [139.9, 75.1], "uv_size": [-13.8, 0.8]},
								"east": {"uv": [137.9, 124.1], "uv_size": [-5.8, 0.8]},
								"south": {"uv": [137.9, 5.1], "uv_size": [-13.8, 0.8]},
								"west": {"uv": [130.9, 132.1], "uv_size": [-5.8, 0.8]},
								"up": {"uv": [108.1, 65.9], "uv_size": [13.8, -5.8]},
								"down": {"uv": [108.1, 66.1], "uv_size": [13.8, 5.8]}
							}
						},
						{
							"origin": [-2.62271, 16.12599, 28.81176],
							"size": [5.24542, 0.31963, 2.02884],
							"pivot": [0, 13.60012, 23.20096],
							"rotation": [10.5, 0, 0],
							"uv": {
								"north": {"uv": [139.9, 6.1], "uv_size": [-8.8, 0.8]},
								"east": {"uv": [30.9, 134.1], "uv_size": [-1.8, 0.8]},
								"south": {"uv": [120.9, 104.1], "uv_size": [-8.8, 0.8]},
								"west": {"uv": [32.9, 134.1], "uv_size": [-1.8, 0.8]},
								"up": {"uv": [126.1, 66.9], "uv_size": [8.8, -1.8]},
								"down": {"uv": [126.1, 67.1], "uv_size": [8.8, 1.8]}
							}
						},
						{
							"origin": [-2.27302, 15.88229, 30.93928],
							"size": [4.54603, 0.31963, 0.62884],
							"pivot": [0, 13.60012, 23.20096],
							"rotation": [12.5, 0, 0],
							"uv": {
								"north": {"uv": [138.9, 12.1], "uv_size": [-7.8, 0.8]},
								"east": {"uv": [122.9, 25.1], "uv_size": [-1.8, 0.8]},
								"south": {"uv": [138.9, 11.1], "uv_size": [-7.8, 0.8]},
								"west": {"uv": [39.9, 133.1], "uv_size": [-1.8, 0.8]},
								"up": {"uv": [127.1, 26.9], "uv_size": [7.8, -1.8]},
								"down": {"uv": [127.1, 27.1], "uv_size": [7.8, 1.8]}
							}
						},
						{
							"origin": [-1.81841, 15.88229, 32.86812],
							"size": [3.6718, 0.31963, 0.3086],
							"pivot": [0, 13.60012, 23.20096],
							"rotation": [12.5, 0, 0],
							"uv": {
								"north": {"uv": [137.9, 130.1], "uv_size": [-6.8, 0.8]},
								"east": {"uv": [135.9, 122.1], "uv_size": [-2.8, 0.8]},
								"south": {"uv": [137.9, 129.1], "uv_size": [-6.8, 0.8]},
								"west": {"uv": [135.9, 123.1], "uv_size": [-2.8, 0.8]},
								"up": {"uv": [90.1, 82.9], "uv_size": [6.8, -2.8]},
								"down": {"uv": [124.1, 2.1], "uv_size": [6.8, 2.8]}
							}
						},
						{
							"origin": [-1.69387, 15.88229, 33.17671],
							"size": [3.38774, 0.31963, 0.69939],
							"pivot": [0, 13.60012, 23.20096],
							"rotation": [12.5, 0, 0],
							"uv": {
								"north": {"uv": [137.9, 85.1], "uv_size": [-4.8, 0.8]},
								"east": {"uv": [99.9, 83.1], "uv_size": [-0.8, 0.8]},
								"south": {"uv": [137.9, 84.1], "uv_size": [-4.8, 0.8]},
								"west": {"uv": [99.9, 84.1], "uv_size": [-0.8, 0.8]},
								"up": {"uv": [133.1, 86.9], "uv_size": [4.8, -0.8]},
								"down": {"uv": [133.1, 87.1], "uv_size": [4.8, 0.8]}
							}
						},
						{
							"origin": [-1.48405, 15.88229, 33.8761],
							"size": [2.96811, 0.31963, 0.69939],
							"pivot": [0, 13.60012, 23.20096],
							"rotation": [12.5, 0, 0],
							"uv": {
								"north": {"uv": [136.9, 92.1], "uv_size": [-3.8, 0.8]},
								"east": {"uv": [89.9, 68.1], "uv_size": [-0.8, 0.8]},
								"south": {"uv": [136.9, 91.1], "uv_size": [-3.8, 0.8]},
								"west": {"uv": [89.9, 69.1], "uv_size": [-0.8, 0.8]},
								"up": {"uv": [133.1, 93.9], "uv_size": [3.8, -0.8]},
								"down": {"uv": [95.1, 133.1], "uv_size": [3.8, 0.8]}
							}
						},
						{
							"origin": [-1.23927, 15.88229, 34.57549],
							"size": [2.47854, 0.31963, 0.69939],
							"pivot": [0, 13.60012, 23.20096],
							"rotation": [12.5, 0, 0],
							"uv": {
								"north": {"uv": [113.9, 133.1], "uv_size": [-2.8, 0.8]},
								"east": {"uv": [89.9, 66.1], "uv_size": [-0.8, 0.8]},
								"south": {"uv": [99.9, 82.1], "uv_size": [-2.8, 0.8]},
								"west": {"uv": [89.9, 67.1], "uv_size": [-0.8, 0.8]},
								"up": {"uv": [133.1, 120.9], "uv_size": [2.8, -0.8]},
								"down": {"uv": [133.1, 121.1], "uv_size": [2.8, 0.8]}
							}
						},
						{
							"origin": [-0.63927, 8.33931, 30.90495],
							"size": [1.27854, 1.04908, 2.34296],
							"pivot": [0, 13.60012, 23.20096],
							"rotation": [12.5, 0, 0],
							"uv": {
								"north": {"uv": [107.9, 26.1], "uv_size": [-2.8, 1.8]},
								"east": {"uv": [122.9, 129.1], "uv_size": [-3.8, 1.8]},
								"south": {"uv": [99.9, 80.1], "uv_size": [-2.8, 1.8]},
								"west": {"uv": [134.9, 9.1], "uv_size": [-3.8, 1.8]},
								"up": {"uv": [100.1, 65.9], "uv_size": [2.8, -3.8]},
								"down": {"uv": [119.1, 125.1], "uv_size": [2.8, 3.8]}
							}
						},
						{
							"origin": [-3.11228, 9.30266, 22.04721],
							"size": [6.04972, 1.04908, 4.581],
							"pivot": [0, 13.60012, 23.20096],
							"rotation": [5.5, 0, 0],
							"uv": {
								"north": {"uv": [88.9, 68.1], "uv_size": [-10.8, 1.8]},
								"east": {"uv": [134.9, 18.1], "uv_size": [-7.8, 1.8]},
								"south": {"uv": [88.9, 66.1], "uv_size": [-10.8, 1.8]},
								"west": {"uv": [134.9, 20.1], "uv_size": [-7.8, 1.8]},
								"up": {"uv": [26.1, 114.9], "uv_size": [10.8, -7.8]},
								"down": {"uv": [37.1, 107.1], "uv_size": [10.8, 7.8]}
							}
						},
						{
							"origin": [-4.06137, 9.30266, 18.55026],
							"size": [8.04789, 1.04908, 3.53192],
							"pivot": [0, 13.60012, 23.20096],
							"rotation": [5.5, 0, 0],
							"uv": {
								"north": {"uv": [135.9, 104.1], "uv_size": [-13.8, 1.8]},
								"east": {"uv": [132.9, 88.1], "uv_size": [-5.8, 1.8]},
								"south": {"uv": [135.9, 76.1], "uv_size": [-13.8, 1.8]},
								"west": {"uv": [132.9, 90.1], "uv_size": [-5.8, 1.8]},
								"up": {"uv": [108.1, 53.9], "uv_size": [13.8, -5.8]},
								"down": {"uv": [108.1, 54.1], "uv_size": [13.8, 5.8]}
							}
						},
						{
							"origin": [-4.51106, 9.30266, 15.05332],
							"size": [8.84728, 1.04908, 3.53192],
							"pivot": [0, 13.60012, 23.20096],
							"rotation": [5.5, 0, 0],
							"uv": {
								"north": {"uv": [137.9, 56.1], "uv_size": [-15.8, 1.8]},
								"east": {"uv": [132.9, 84.1], "uv_size": [-5.8, 1.8]},
								"south": {"uv": [137.9, 54.1], "uv_size": [-15.8, 1.8]},
								"west": {"uv": [132.9, 86.1], "uv_size": [-5.8, 1.8]},
								"up": {"uv": [105.1, 19.9], "uv_size": [15.8, -5.8]},
								"down": {"uv": [105.1, 20.1], "uv_size": [15.8, 5.8]}
							}
						},
						{
							"origin": [-5.56015, 9.30266, 11.55637],
							"size": [10.94545, 1.04908, 3.53192],
							"pivot": [0, 13.60012, 23.20096],
							"rotation": [5.5, 0, 0],
							"uv": {
								"north": {"uv": [140.9, 48.1], "uv_size": [-18.8, 1.8]},
								"east": {"uv": [132.9, 80.1], "uv_size": [-5.8, 1.8]},
								"south": {"uv": [140.9, 46.1], "uv_size": [-18.8, 1.8]},
								"west": {"uv": [132.9, 82.1], "uv_size": [-5.8, 1.8]},
								"up": {"uv": [100.1, 85.9], "uv_size": [18.8, -5.8]},
								"down": {"uv": [100.1, 86.1], "uv_size": [18.8, 5.8]}
							}
						},
						{
							"origin": [-6.25954, 9.30266, 7.32506],
							"size": [12.34423, 1.04908, 4.26628],
							"pivot": [0, 13.60012, 23.20096],
							"rotation": [5.5, 0, 0],
							"uv": {
								"north": {"uv": [142.9, 23.1], "uv_size": [-21.8, 1.8]},
								"east": {"uv": [43.9, 97.1], "uv_size": [-7.8, 1.8]},
								"south": {"uv": [140.9, 96.1], "uv_size": [-21.8, 1.8]},
								"west": {"uv": [134.9, 16.1], "uv_size": [-7.8, 1.8]},
								"up": {"uv": [14.1, 104.9], "uv_size": [21.8, -7.8]},
								"down": {"uv": [36.1, 99.1], "uv_size": [21.8, 7.8]}
							}
						},
						{
							"origin": [0.52983, 10.85237, 27.97449],
							"size": [1.04908, 7.94298, 7.19329],
							"pivot": [1.53603, 18.40136, 35.09201],
							"rotation": [9.50563, -21.76854, 8.8824],
							"uv": {
								"north": {"uv": [4.1, 123.1], "uv_size": [1.8, 13.8]},
								"east": {"uv": [86.1, 85.1], "uv_size": [13.8, 13.8]},
								"south": {"uv": [2.1, 123.1], "uv_size": [1.8, 13.8]},
								"west": {"uv": [72.1, 85.1], "uv_size": [13.8, 13.8]},
								"up": {"uv": [7.9, 136.9], "uv_size": [-1.8, -13.8]},
								"down": {"uv": [9.9, 123.1], "uv_size": [-1.8, 13.8]}
							}
						},
						{
							"origin": [0.52983, 10.85237, -35.06777],
							"size": [1.04908, 7.94298, 7.19329],
							"pivot": [1.53603, 18.40136, -34.99201],
							"rotation": [-9.50563, 21.76854, 8.8824],
							"uv": {
								"north": {"uv": [3.9, 123.1], "uv_size": [-1.8, 13.8]},
								"east": {"uv": [99.9, 85.1], "uv_size": [-13.8, 13.8]},
								"south": {"uv": [5.9, 123.1], "uv_size": [-1.8, 13.8]},
								"west": {"uv": [85.9, 85.1], "uv_size": [-13.8, 13.8]},
								"up": {"uv": [7.9, 123.1], "uv_size": [-1.8, 13.8]},
								"down": {"uv": [9.9, 136.9], "uv_size": [-1.8, -13.8]}
							}
						},
						{
							"origin": [-2.15338, 15.88229, -32.17671],
							"size": [4.2718, 0.31963, 0.7086],
							"pivot": [0, 13.60012, -23.10096],
							"rotation": [-12.5, 0, 0],
							"uv": {
								"north": {"uv": [137.9, 129.1], "uv_size": [-6.8, 0.8]},
								"east": {"uv": [135.9, 123.1], "uv_size": [-2.8, 0.8]},
								"south": {"uv": [137.9, 130.1], "uv_size": [-6.8, 0.8]},
								"west": {"uv": [135.9, 122.1], "uv_size": [-2.8, 0.8]},
								"up": {"uv": [96.9, 80.1], "uv_size": [-6.8, 2.8]},
								"down": {"uv": [130.9, 4.9], "uv_size": [-6.8, -2.8]}
							}
						},
						{
							"origin": [-2.05338, 15.88229, -32.47671],
							"size": [4.0718, 0.31963, 0.3086],
							"pivot": [0, 13.60012, -23.10096],
							"rotation": [-12.5, 0, 0],
							"uv": {
								"north": {"uv": [137.9, 129.1], "uv_size": [-6.8, 0.8]},
								"east": {"uv": [135.9, 123.1], "uv_size": [-2.8, 0.8]},
								"south": {"uv": [137.9, 130.1], "uv_size": [-6.8, 0.8]},
								"west": {"uv": [135.9, 122.1], "uv_size": [-2.8, 0.8]},
								"up": {"uv": [96.9, 80.1], "uv_size": [-6.8, 2.8]},
								"down": {"uv": [130.9, 4.9], "uv_size": [-6.8, -2.8]}
							}
						},
						{
							"origin": [-1.95338, 15.88229, -32.77671],
							"size": [3.8718, 0.31963, 0.3086],
							"pivot": [0, 13.60012, -23.10096],
							"rotation": [-12.5, 0, 0],
							"uv": {
								"north": {"uv": [137.9, 129.1], "uv_size": [-6.8, 0.8]},
								"east": {"uv": [135.9, 123.1], "uv_size": [-2.8, 0.8]},
								"south": {"uv": [137.9, 130.1], "uv_size": [-6.8, 0.8]},
								"west": {"uv": [135.9, 122.1], "uv_size": [-2.8, 0.8]},
								"up": {"uv": [96.9, 80.1], "uv_size": [-6.8, 2.8]},
								"down": {"uv": [130.9, 4.9], "uv_size": [-6.8, -2.8]}
							}
						},
						{
							"origin": [-1.4135, 9.30266, -31.42394],
							"size": [2.65216, 1.04908, 4.9307],
							"pivot": [0, 13.60012, -23.10096],
							"rotation": [-5.5, 0, 0],
							"uv": {
								"north": {"uv": [127.1, 92.1], "uv_size": [5.8, 1.8]},
								"east": {"uv": [90.1, 83.1], "uv_size": [8.8, 1.8]},
								"south": {"uv": [127.1, 110.1], "uv_size": [5.8, 1.8]},
								"west": {"uv": [26.1, 105.1], "uv_size": [8.8, 1.8]},
								"up": {"uv": [121.1, 14.1], "uv_size": [5.8, 8.8]},
								"down": {"uv": [26.1, 129.9], "uv_size": [5.8, -8.8]}
							}
						},
						{
							"origin": [3.52602, 8.75589, -29.93545],
							"size": [2.09817, 8.04298, 22.33077],
							"pivot": [4.5751, 12.77738, -18.52007],
							"rotation": [-2.32338, 13.36274, 9.89549],
							"uv": {
								"north": {"uv": [94.1, 119.1], "uv_size": [3.8, 13.8]},
								"east": {"uv": [0.1, 43.1], "uv_size": [38.8, 13.8]},
								"south": {"uv": [98.1, 119.1], "uv_size": [3.8, 13.8]},
								"west": {"uv": [39.1, 43.1], "uv_size": [38.8, 13.8]},
								"up": {"uv": [66.1, 99.1], "uv_size": [3.8, 38.8]},
								"down": {"uv": [70.1, 137.9], "uv_size": [3.8, -38.8]}
							}
						},
						{
							"origin": [-5.62419, 8.75589, -29.93545],
							"size": [2.09817, 8.04298, 22.33077],
							"pivot": [-4.5751, 12.77738, -18.52007],
							"rotation": [-2.32338, -13.36274, -9.89549],
							"uv": {
								"north": {"uv": [97.9, 119.1], "uv_size": [-3.8, 13.8]},
								"east": {"uv": [77.9, 43.1], "uv_size": [-38.8, 13.8]},
								"south": {"uv": [101.9, 119.1], "uv_size": [-3.8, 13.8]},
								"west": {"uv": [38.9, 43.1], "uv_size": [-38.8, 13.8]},
								"up": {"uv": [69.9, 99.1], "uv_size": [-3.8, 38.8]},
								"down": {"uv": [73.9, 137.9], "uv_size": [-3.8, -38.8]}
							}
						},
						{
							"origin": [-1.85338, 15.88229, -33.07671],
							"size": [3.6718, 0.31963, 0.3086],
							"pivot": [0, 13.60012, -23.10096],
							"rotation": [-12.5, 0, 0],
							"uv": {
								"north": {"uv": [137.9, 129.1], "uv_size": [-6.8, 0.8]},
								"east": {"uv": [135.9, 123.1], "uv_size": [-2.8, 0.8]},
								"south": {"uv": [137.9, 130.1], "uv_size": [-6.8, 0.8]},
								"west": {"uv": [135.9, 122.1], "uv_size": [-2.8, 0.8]},
								"up": {"uv": [96.9, 80.1], "uv_size": [-6.8, 2.8]},
								"down": {"uv": [130.9, 4.9], "uv_size": [-6.8, -2.8]}
							}
						},
						{
							"origin": [-2.93744, 9.30266, -26.52821],
							"size": [6.04972, 1.04908, 4.581],
							"pivot": [0, 13.60012, -23.10096],
							"rotation": [-5.5, 0, 0],
							"uv": {
								"north": {"uv": [88.9, 66.1], "uv_size": [-10.8, 1.8]},
								"east": {"uv": [134.9, 20.1], "uv_size": [-7.8, 1.8]},
								"south": {"uv": [88.9, 68.1], "uv_size": [-10.8, 1.8]},
								"west": {"uv": [134.9, 18.1], "uv_size": [-7.8, 1.8]},
								"up": {"uv": [36.9, 107.1], "uv_size": [-10.8, 7.8]},
								"down": {"uv": [47.9, 114.9], "uv_size": [-10.8, -7.8]}
							}
						},
						{
							"origin": [-3.98652, 9.30266, -21.98218],
							"size": [8.04789, 1.04908, 3.53192],
							"pivot": [0, 13.60012, -23.10096],
							"rotation": [-5.5, 0, 0],
							"uv": {
								"north": {"uv": [135.9, 76.1], "uv_size": [-13.8, 1.8]},
								"east": {"uv": [132.9, 90.1], "uv_size": [-5.8, 1.8]},
								"south": {"uv": [135.9, 104.1], "uv_size": [-13.8, 1.8]},
								"west": {"uv": [132.9, 88.1], "uv_size": [-5.8, 1.8]},
								"up": {"uv": [121.9, 48.1], "uv_size": [-13.8, 5.8]},
								"down": {"uv": [121.9, 59.9], "uv_size": [-13.8, -5.8]}
							}
						},
						{
							"origin": [-4.33622, 9.30266, -18.48523],
							"size": [8.84728, 1.04908, 3.53192],
							"pivot": [0, 13.60012, -23.10096],
							"rotation": [-5.5, 0, 0],
							"uv": {
								"north": {"uv": [137.9, 54.1], "uv_size": [-15.8, 1.8]},
								"east": {"uv": [132.9, 86.1], "uv_size": [-5.8, 1.8]},
								"south": {"uv": [137.9, 56.1], "uv_size": [-15.8, 1.8]},
								"west": {"uv": [132.9, 84.1], "uv_size": [-5.8, 1.8]},
								"up": {"uv": [120.9, 14.1], "uv_size": [-15.8, 5.8]},
								"down": {"uv": [120.9, 25.9], "uv_size": [-15.8, -5.8]}
							}
						},
						{
							"origin": [-5.3853, 9.30266, -14.98829],
							"size": [10.94545, 1.04908, 3.53192],
							"pivot": [0, 13.60012, -23.10096],
							"rotation": [-5.5, 0, 0],
							"uv": {
								"north": {"uv": [140.9, 46.1], "uv_size": [-18.8, 1.8]},
								"east": {"uv": [132.9, 82.1], "uv_size": [-5.8, 1.8]},
								"south": {"uv": [140.9, 48.1], "uv_size": [-18.8, 1.8]},
								"west": {"uv": [132.9, 80.1], "uv_size": [-5.8, 1.8]},
								"up": {"uv": [118.9, 80.1], "uv_size": [-18.8, 5.8]},
								"down": {"uv": [118.9, 91.9], "uv_size": [-18.8, -5.8]}
							}
						},
						{
							"origin": [-6.08469, 9.30266, -11.49134],
							"size": [12.34423, 1.04908, 4.26628],
							"pivot": [0, 13.60012, -23.10096],
							"rotation": [-5.5, 0, 0],
							"uv": {
								"north": {"uv": [140.9, 96.1], "uv_size": [-21.8, 1.8]},
								"east": {"uv": [134.9, 16.1], "uv_size": [-7.8, 1.8]},
								"south": {"uv": [142.9, 23.1], "uv_size": [-21.8, 1.8]},
								"west": {"uv": [43.9, 97.1], "uv_size": [-7.8, 1.8]},
								"up": {"uv": [35.9, 97.1], "uv_size": [-21.8, 7.8]},
								"down": {"uv": [57.9, 106.9], "uv_size": [-21.8, -7.8]}
							}
						},
						{
							"origin": [-1.57891, 10.85237, -35.06777],
							"size": [1.04908, 7.94298, 7.19329],
							"pivot": [-1.53603, 18.40136, -34.99201],
							"rotation": [-9.50563, -21.76854, -8.8824],
							"uv": {
								"north": {"uv": [2.1, 123.1], "uv_size": [1.8, 13.8]},
								"east": {"uv": [72.1, 85.1], "uv_size": [13.8, 13.8]},
								"south": {"uv": [4.1, 123.1], "uv_size": [1.8, 13.8]},
								"west": {"uv": [86.1, 85.1], "uv_size": [13.8, 13.8]},
								"up": {"uv": [6.1, 123.1], "uv_size": [1.8, 13.8]},
								"down": {"uv": [8.1, 136.9], "uv_size": [1.8, -13.8]}
							}
						}
					]
				}
			]
		}
	]
}