{
	"format_version": "1.12.0",
	"minecraft:geometry": [
		{
			"description": {
				"identifier": "geometry.dds_camping.cayak",
				"texture_width": 128,
				"texture_height": 128,
				"visible_bounds_width": 6,
				"visible_bounds_height": 3.5,
				"visible_bounds_offset": [0, 1.25, 0]
			},
			"bones": [
				{
					"name": "root",
					"pivot": [-7.34359, 7.92485, 0],
					"cubes": [
						{
							"origin": [-7.34359, 7.75, -1.59268],
							"size": [2.99817, 8.04298, 9.88535],
							"pivot": [-7.34359, 7.92485, 0],
							"rotation": [0, 0, -10],
							"uv": {
								"north": {"uv": [30.1, 82.1], "uv_size": [2.8, 7.8]},
								"east": {"uv": [52.1, 0.1], "uv_size": [9.8, 7.8]},
								"south": {"uv": [71.1, 84.1], "uv_size": [2.8, 7.8]},
								"west": {"uv": [52.1, 8.1], "uv_size": [9.8, 7.8]},
								"up": {"uv": [62.1, 0.1], "uv_size": [2.8, 9.8]},
								"down": {"uv": [39.1, 87.9], "uv_size": [2.8, -9.8]}
							}
						},
						{
							"origin": [-2.62271, 16.07599, 28.71176],
							"size": [5.24542, 0.41963, 1.32884],
							"pivot": [0, 13.55012, 23.10096],
							"rotation": [10.5, 0, 0],
							"uv": {
								"north": {"uv": [96.1, 44.1], "uv_size": [4.8, 0.8]},
								"east": {"uv": [81.1, 95.1], "uv_size": [0.8, 0.8]},
								"south": {"uv": [45.1, 96.1], "uv_size": [4.8, 0.8]},
								"west": {"uv": [6.1, 96.1], "uv_size": [0.8, 0.8]},
								"up": {"uv": [96.1, 45.1], "uv_size": [4.8, 0.8]},
								"down": {"uv": [96.1, 46.9], "uv_size": [4.8, -0.8]}
							}
						},
						{
							"origin": [-2.27302, 15.83229, 30.13928],
							"size": [4.54603, 0.41963, 1.32884],
							"pivot": [0, 13.55012, 23.10096],
							"rotation": [12.5, 0, 0],
							"uv": {
								"north": {"uv": [96.1, 47.1], "uv_size": [4.8, 0.8]},
								"east": {"uv": [24.1, 96.1], "uv_size": [0.8, 0.8]},
								"south": {"uv": [96.1, 48.1], "uv_size": [4.8, 0.8]},
								"west": {"uv": [71.1, 96.1], "uv_size": [0.8, 0.8]},
								"up": {"uv": [96.1, 49.1], "uv_size": [4.8, 0.8]},
								"down": {"uv": [96.1, 50.9], "uv_size": [4.8, -0.8]}
							}
						},
						{
							"origin": [-1.81841, 15.83229, 31.46812],
							"size": [3.6718, 0.41963, 1.6086],
							"pivot": [0, 13.55012, 23.10096],
							"rotation": [12.5, 0, 0],
							"uv": {
								"north": {"uv": [50.1, 96.1], "uv_size": [3.8, 0.8]},
								"east": {"uv": [54.1, 84.1], "uv_size": [1.8, 0.8]},
								"south": {"uv": [84.1, 96.1], "uv_size": [3.8, 0.8]},
								"west": {"uv": [54.1, 85.1], "uv_size": [1.8, 0.8]},
								"up": {"uv": [83.1, 76.1], "uv_size": [3.8, 1.8]},
								"down": {"uv": [83.1, 79.9], "uv_size": [3.8, -1.8]}
							}
						},
						{
							"origin": [-1.29387, 15.83229, 33.07671],
							"size": [2.58774, 0.41963, 0.69939],
							"pivot": [0, 13.55012, 23.10096],
							"rotation": [12.5, 0, 0],
							"uv": {
								"north": {"uv": [62.1, 15.1], "uv_size": [2.8, 0.8]},
								"east": {"uv": [53.1, 98.1], "uv_size": [0.8, 0.8]},
								"south": {"uv": [51.1, 97.1], "uv_size": [2.8, 0.8]},
								"west": {"uv": [36.1, 99.1], "uv_size": [0.8, 0.8]},
								"up": {"uv": [90.1, 97.1], "uv_size": [2.8, 0.8]},
								"down": {"uv": [93.1, 97.9], "uv_size": [2.8, -0.8]}
							}
						},
						{
							"origin": [-1.08405, 15.83229, 33.7761],
							"size": [2.16811, 0.41963, 0.69939],
							"pivot": [0, 13.55012, 23.10096],
							"rotation": [12.5, 0, 0],
							"uv": {
								"north": {"uv": [66.1, 86.1], "uv_size": [1.8, 0.8]},
								"east": {"uv": [43.1, 99.1], "uv_size": [0.8, 0.8]},
								"south": {"uv": [66.1, 87.1], "uv_size": [1.8, 0.8]},
								"west": {"uv": [44.1, 99.1], "uv_size": [0.8, 0.8]},
								"up": {"uv": [69.1, 88.1], "uv_size": [1.8, 0.8]},
								"down": {"uv": [69.1, 89.9], "uv_size": [1.8, -0.8]}
							}
						},
						{
							"origin": [-0.83927, 9.95176, 34.84774],
							"size": [1.67854, 8.18286, 1.29878],
							"pivot": [0, 13.55012, 23.10096],
							"rotation": [5, 0, 0],
							"uv": {
								"north": {"uv": [42.1, 56.1], "uv_size": [1.8, 7.8]},
								"east": {"uv": [65.1, 0.1], "uv_size": [0.8, 7.8]},
								"south": {"uv": [66.1, 44.1], "uv_size": [1.8, 7.8]},
								"west": {"uv": [65.1, 8.1], "uv_size": [0.8, 7.8]},
								"up": {"uv": [51.1, 90.1], "uv_size": [1.8, 0.8]},
								"down": {"uv": [69.1, 90.9], "uv_size": [1.8, -0.8]}
							}
						},
						{
							"origin": [-0.83927, 15.83229, 34.47549],
							"size": [1.67854, 0.41963, 0.69939],
							"pivot": [0, 13.55012, 23.10096],
							"rotation": [12.5, 0, 0],
							"uv": {
								"north": {"uv": [51.1, 91.1], "uv_size": [1.8, 0.8]},
								"east": {"uv": [45.1, 99.1], "uv_size": [0.8, 0.8]},
								"south": {"uv": [69.1, 91.1], "uv_size": [1.8, 0.8]},
								"west": {"uv": [46.1, 99.1], "uv_size": [0.8, 0.8]},
								"up": {"uv": [10.1, 95.1], "uv_size": [1.8, 0.8]},
								"down": {"uv": [28.1, 95.9], "uv_size": [1.8, -0.8]}
							}
						},
						{
							"origin": [-0.83927, 8.28931, 30.80495],
							"size": [1.67854, 1.04908, 2.34296],
							"pivot": [0, 13.55012, 23.10096],
							"rotation": [12.5, 0, 0],
							"uv": {
								"north": {"uv": [70.1, 95.1], "uv_size": [1.8, 0.8]},
								"east": {"uv": [10.1, 96.1], "uv_size": [1.8, 0.8]},
								"south": {"uv": [28.1, 96.1], "uv_size": [1.8, 0.8]},
								"west": {"uv": [33.1, 98.1], "uv_size": [1.8, 0.8]},
								"up": {"uv": [42.1, 64.1], "uv_size": [1.8, 1.8]},
								"down": {"uv": [66.1, 61.9], "uv_size": [1.8, -1.8]}
							}
						},
						{
							"origin": [-1.7135, 9.25266, 26.49324],
							"size": [3.25216, 1.04908, 4.9307],
							"pivot": [0, 13.55012, 23.10096],
							"rotation": [5.5, 0, 0],
							"uv": {
								"north": {"uv": [97.1, 94.1], "uv_size": [2.8, 0.8]},
								"east": {"uv": [96.1, 51.1], "uv_size": [4.8, 0.8]},
								"south": {"uv": [96.1, 97.1], "uv_size": [2.8, 0.8]},
								"west": {"uv": [56.1, 96.1], "uv_size": [4.8, 0.8]},
								"up": {"uv": [62.1, 10.1], "uv_size": [2.8, 4.8]},
								"down": {"uv": [66.1, 92.9], "uv_size": [2.8, -4.8]}
							}
						},
						{
							"origin": [-3.11228, 9.25266, 21.94721],
							"size": [6.04972, 1.04908, 4.581],
							"pivot": [0, 13.55012, 23.10096],
							"rotation": [5.5, 0, 0],
							"uv": {
								"north": {"uv": [95.1, 87.1], "uv_size": [5.8, 0.8]},
								"east": {"uv": [61.1, 96.1], "uv_size": [4.8, 0.8]},
								"south": {"uv": [95.1, 88.1], "uv_size": [5.8, 0.8]},
								"west": {"uv": [96.1, 62.1], "uv_size": [4.8, 0.8]},
								"up": {"uv": [0.1, 82.1], "uv_size": [5.8, 4.8]},
								"down": {"uv": [6.1, 86.9], "uv_size": [5.8, -4.8]}
							}
						},
						{
							"origin": [-4.16137, 9.25266, 18.45026],
							"size": [8.14789, 1.04908, 3.53192],
							"pivot": [0, 13.55012, 23.10096],
							"rotation": [5.5, 0, 0],
							"uv": {
								"north": {"uv": [45.1, 92.1], "uv_size": [7.8, 0.8]},
								"east": {"uv": [88.1, 96.1], "uv_size": [3.8, 0.8]},
								"south": {"uv": [69.1, 92.1], "uv_size": [7.8, 0.8]},
								"west": {"uv": [92.1, 96.1], "uv_size": [3.8, 0.8]},
								"up": {"uv": [80.1, 23.1], "uv_size": [7.8, 3.8]},
								"down": {"uv": [80.1, 30.9], "uv_size": [7.8, -3.8]}
							}
						},
						{
							"origin": [-4.51106, 9.25266, 14.95332],
							"size": [8.84728, 1.04908, 3.53192],
							"pivot": [0, 13.55012, 23.10096],
							"rotation": [5.5, 0, 0],
							"uv": {
								"north": {"uv": [91.1, 39.1], "uv_size": [8.8, 0.8]},
								"east": {"uv": [96.1, 95.1], "uv_size": [3.8, 0.8]},
								"south": {"uv": [89.1, 91.1], "uv_size": [8.8, 0.8]},
								"west": {"uv": [96.1, 96.1], "uv_size": [3.8, 0.8]},
								"up": {"uv": [80.1, 7.1], "uv_size": [8.8, 3.8]},
								"down": {"uv": [80.1, 14.9], "uv_size": [8.8, -3.8]}
							}
						},
						{
							"origin": [-5.56015, 9.25266, 11.45637],
							"size": [10.94545, 1.04908, 3.53192],
							"pivot": [0, 13.55012, 23.10096],
							"rotation": [5.5, 0, 0],
							"uv": {
								"north": {"uv": [90.1, 54.1], "uv_size": [10.8, 0.8]},
								"east": {"uv": [0.1, 97.1], "uv_size": [3.8, 0.8]},
								"south": {"uv": [90.1, 55.1], "uv_size": [10.8, 0.8]},
								"west": {"uv": [4.1, 97.1], "uv_size": [3.8, 0.8]},
								"up": {"uv": [79.1, 44.1], "uv_size": [10.8, 3.8]},
								"down": {"uv": [79.1, 51.9], "uv_size": [10.8, -3.8]}
							}
						},
						{
							"origin": [-6.25954, 9.25266, 7.92445],
							"size": [12.34423, 1.04908, 3.56689],
							"pivot": [0, 13.55012, 23.10096],
							"rotation": [5.5, 0, 0],
							"uv": {
								"north": {"uv": [89.1, 85.1], "uv_size": [11.8, 0.8]},
								"east": {"uv": [8.1, 97.1], "uv_size": [3.8, 0.8]},
								"south": {"uv": [89.1, 86.1], "uv_size": [11.8, 0.8]},
								"west": {"uv": [18.1, 97.1], "uv_size": [3.8, 0.8]},
								"up": {"uv": [71.1, 76.1], "uv_size": [11.8, 3.8]},
								"down": {"uv": [21.1, 81.9], "uv_size": [11.8, -3.8]}
							}
						},
						{
							"origin": [-4.94423, 8.90518, 27.00133],
							"size": [1.04908, 8.04298, 7.69329],
							"pivot": [0, 13.55012, 23.10096],
							"rotation": [10.54771, 20.26137, -5.90432],
							"uv": {
								"north": {"uv": [54.1, 74.1], "uv_size": [0.8, 7.8]},
								"east": {"uv": [71.1, 44.1], "uv_size": [7.8, 7.8]},
								"south": {"uv": [55.1, 74.1], "uv_size": [0.8, 7.8]},
								"west": {"uv": [71.1, 52.1], "uv_size": [7.8, 7.8]},
								"up": {"uv": [53.1, 88.1], "uv_size": [0.8, 7.8]},
								"down": {"uv": [30.1, 97.9], "uv_size": [0.8, -7.8]}
							}
						},
						{
							"origin": [3.89515, 8.90518, 27.00133],
							"size": [1.04908, 8.04298, 7.69329],
							"pivot": [0, 13.55012, 23.10096],
							"rotation": [10.54771, -20.26137, 5.90432],
							"uv": {
								"north": {"uv": [31.1, 90.1], "uv_size": [0.8, 7.8]},
								"east": {"uv": [71.1, 60.1], "uv_size": [7.8, 7.8]},
								"south": {"uv": [32.1, 90.1], "uv_size": [0.8, 7.8]},
								"west": {"uv": [71.1, 68.1], "uv_size": [7.8, 7.8]},
								"up": {"uv": [12.1, 92.1], "uv_size": [0.8, 7.8]},
								"down": {"uv": [13.1, 99.9], "uv_size": [0.8, -7.8]}
							}
						},
						{
							"origin": [4.34542, 7.75, -1.59268],
							"size": [2.99817, 8.04298, 9.88535],
							"pivot": [7.34359, 7.92485, 0],
							"rotation": [0, 0, 10],
							"uv": {
								"north": {"uv": [80.1, 84.1], "uv_size": [2.8, 7.8]},
								"east": {"uv": [56.1, 48.1], "uv_size": [9.8, 7.8]},
								"south": {"uv": [83.1, 84.1], "uv_size": [2.8, 7.8]},
								"west": {"uv": [56.1, 56.1], "uv_size": [9.8, 7.8]},
								"up": {"uv": [12.1, 82.1], "uv_size": [2.8, 9.8]},
								"down": {"uv": [15.1, 91.9], "uv_size": [2.8, -9.8]}
							}
						},
						{
							"origin": [-7.34359, 7.75, -8.39268],
							"size": [2.99817, 8.04298, 6.78535],
							"pivot": [-7.34359, 7.92485, 0],
							"rotation": [0, 0, -10],
							"uv": {
								"north": {"uv": [33.1, 85.1], "uv_size": [2.8, 7.8]},
								"east": {"uv": [72.1, 32.1], "uv_size": [6.8, 7.8]},
								"south": {"uv": [36.1, 85.1], "uv_size": [2.8, 7.8]},
								"west": {"uv": [0.1, 74.1], "uv_size": [6.8, 7.8]},
								"up": {"uv": [86.1, 0.1], "uv_size": [2.8, 6.8]},
								"down": {"uv": [88.1, 29.9], "uv_size": [2.8, -6.8]}
							}
						},
						{
							"origin": [-4.51591, 9.66813, 6.55794],
							"size": [2.89817, 8.04298, 22.03077],
							"pivot": [0, 13.55012, 23.10096],
							"rotation": [2.56032, 13.32013, -8.86869],
							"uv": {
								"north": {"uv": [54.1, 86.1], "uv_size": [2.8, 7.8]},
								"east": {"uv": [30.1, 0.1], "uv_size": [21.8, 7.8]},
								"south": {"uv": [57.1, 86.1], "uv_size": [2.8, 7.8]},
								"west": {"uv": [30.1, 8.1], "uv_size": [21.8, 7.8]},
								"up": {"uv": [62.1, 64.1], "uv_size": [2.8, 21.8]},
								"down": {"uv": [65.1, 85.9], "uv_size": [2.8, -21.8]}
							}
						},
						{
							"origin": [1.61774, 9.66813, 6.55794],
							"size": [2.89817, 8.04298, 22.03077],
							"pivot": [0, 13.55012, 23.10096],
							"rotation": [2.56032, -13.32013, 8.86869],
							"uv": {
								"north": {"uv": [60.1, 86.1], "uv_size": [2.8, 7.8]},
								"east": {"uv": [0.1, 32.1], "uv_size": [21.8, 7.8]},
								"south": {"uv": [63.1, 86.1], "uv_size": [2.8, 7.8]},
								"west": {"uv": [22.1, 32.1], "uv_size": [21.8, 7.8]},
								"up": {"uv": [66.1, 0.1], "uv_size": [2.8, 21.8]},
								"down": {"uv": [66.1, 43.9], "uv_size": [2.8, -21.8]}
							}
						},
						{
							"origin": [-3.88469, 15.71593, 16.45463],
							"size": [7.74423, 1.04908, 1.56689],
							"pivot": [0.08742, 16.04047, 16.33807],
							"rotation": [4.5, 0, 0],
							"uv": {
								"north": {"uv": [45.1, 93.1], "uv_size": [7.8, 0.8]},
								"east": {"uv": [41.1, 98.1], "uv_size": [1.8, 0.8]},
								"south": {"uv": [66.1, 93.1], "uv_size": [7.8, 0.8]},
								"west": {"uv": [43.1, 98.1], "uv_size": [1.8, 0.8]},
								"up": {"uv": [88.1, 64.1], "uv_size": [7.8, 1.8]},
								"down": {"uv": [88.1, 67.9], "uv_size": [7.8, -1.8]}
							}
						},
						{
							"origin": [-3.48469, 15.71593, 18.05463],
							"size": [6.94423, 1.04908, 1.56689],
							"pivot": [0.08742, 16.04047, 16.33807],
							"rotation": [4.5, 0, 0],
							"uv": {
								"north": {"uv": [90.1, 94.1], "uv_size": [6.8, 0.8]},
								"east": {"uv": [45.1, 98.1], "uv_size": [1.8, 0.8]},
								"south": {"uv": [0.1, 95.1], "uv_size": [6.8, 0.8]},
								"west": {"uv": [47.1, 98.1], "uv_size": [1.8, 0.8]},
								"up": {"uv": [89.1, 14.1], "uv_size": [6.8, 1.8]},
								"down": {"uv": [89.1, 17.9], "uv_size": [6.8, -1.8]}
							}
						},
						{
							"origin": [-3.18469, 15.71593, 19.65463],
							"size": [6.34423, 1.04908, 1.56689],
							"pivot": [0.08742, 16.04047, 16.33807],
							"rotation": [4.5, 0, 0],
							"uv": {
								"north": {"uv": [95.1, 89.1], "uv_size": [5.8, 0.8]},
								"east": {"uv": [49.1, 98.1], "uv_size": [1.8, 0.8]},
								"south": {"uv": [90.1, 95.1], "uv_size": [5.8, 0.8]},
								"west": {"uv": [51.1, 98.1], "uv_size": [1.8, 0.8]},
								"up": {"uv": [79.1, 74.1], "uv_size": [5.8, 1.8]},
								"down": {"uv": [89.1, 88.9], "uv_size": [5.8, -1.8]}
							}
						},
						{
							"origin": [-2.88469, 15.71593, 21.25463],
							"size": [5.74423, 1.04908, 1.56689],
							"pivot": [0.08742, 16.04047, 16.33807],
							"rotation": [4.5, 0, 0],
							"uv": {
								"north": {"uv": [95.1, 90.1], "uv_size": [5.8, 0.8]},
								"east": {"uv": [56.1, 98.1], "uv_size": [1.8, 0.8]},
								"south": {"uv": [0.1, 96.1], "uv_size": [5.8, 0.8]},
								"west": {"uv": [58.1, 98.1], "uv_size": [1.8, 0.8]},
								"up": {"uv": [89.1, 89.1], "uv_size": [5.8, 1.8]},
								"down": {"uv": [90.1, 45.9], "uv_size": [5.8, -1.8]}
							}
						},
						{
							"origin": [-2.48469, 15.71593, 22.85463],
							"size": [4.94423, 1.04908, 1.86689],
							"pivot": [0.08742, 16.04047, 16.33807],
							"rotation": [4.5, 0, 0],
							"uv": {
								"north": {"uv": [96.1, 63.1], "uv_size": [4.8, 0.8]},
								"east": {"uv": [60.1, 98.1], "uv_size": [1.8, 0.8]},
								"south": {"uv": [96.1, 64.1], "uv_size": [4.8, 0.8]},
								"west": {"uv": [62.1, 98.1], "uv_size": [1.8, 0.8]},
								"up": {"uv": [90.1, 82.1], "uv_size": [4.8, 1.8]},
								"down": {"uv": [91.1, 24.9], "uv_size": [4.8, -1.8]}
							}
						},
						{
							"origin": [-1.98469, 15.71593, 24.75463],
							"size": [3.94423, 1.04908, 2.36689],
							"pivot": [0.08742, 16.04047, 16.33807],
							"rotation": [4.5, 0, 0],
							"uv": {
								"north": {"uv": [22.1, 97.1], "uv_size": [3.8, 0.8]},
								"east": {"uv": [64.1, 98.1], "uv_size": [1.8, 0.8]},
								"south": {"uv": [26.1, 97.1], "uv_size": [3.8, 0.8]},
								"west": {"uv": [66.1, 98.1], "uv_size": [1.8, 0.8]},
								"up": {"uv": [14.1, 92.1], "uv_size": [3.8, 1.8]},
								"down": {"uv": [33.1, 94.9], "uv_size": [3.8, -1.8]}
							}
						},
						{
							"origin": [-1.48469, 15.71593, 27.15463],
							"size": [2.84423, 1.04908, 1.56689],
							"pivot": [0.08742, 16.04047, 16.33807],
							"rotation": [4.5, 0, 0],
							"uv": {
								"north": {"uv": [0.1, 98.1], "uv_size": [2.8, 0.8]},
								"east": {"uv": [68.1, 98.1], "uv_size": [1.8, 0.8]},
								"south": {"uv": [3.1, 98.1], "uv_size": [2.8, 0.8]},
								"west": {"uv": [70.1, 98.1], "uv_size": [1.8, 0.8]},
								"up": {"uv": [33.1, 74.1], "uv_size": [2.8, 1.8]},
								"down": {"uv": [33.1, 77.9], "uv_size": [2.8, -1.8]}
							}
						},
						{
							"origin": [-1.48469, 15.71593, -28.72151],
							"size": [2.84423, 1.04908, 1.56689],
							"pivot": [0.08742, 16.04047, -16.33807],
							"rotation": [-4.5, 0, 0],
							"uv": {
								"north": {"uv": [6.1, 98.1], "uv_size": [2.8, 0.8]},
								"east": {"uv": [74.1, 98.1], "uv_size": [1.8, 0.8]},
								"south": {"uv": [9.1, 98.1], "uv_size": [2.8, 0.8]},
								"west": {"uv": [76.1, 98.1], "uv_size": [1.8, 0.8]},
								"up": {"uv": [7.1, 95.1], "uv_size": [2.8, 1.8]},
								"down": {"uv": [25.1, 96.9], "uv_size": [2.8, -1.8]}
							}
						},
						{
							"origin": [-1.98469, 15.71593, -27.12151],
							"size": [3.94423, 1.04908, 2.36689],
							"pivot": [0.08742, 16.04047, -16.33807],
							"rotation": [-4.5, 0, 0],
							"uv": {
								"north": {"uv": [33.1, 97.1], "uv_size": [3.8, 0.8]},
								"east": {"uv": [78.1, 98.1], "uv_size": [1.8, 0.8]},
								"south": {"uv": [39.1, 97.1], "uv_size": [3.8, 0.8]},
								"west": {"uv": [80.1, 98.1], "uv_size": [1.8, 0.8]},
								"up": {"uv": [74.1, 93.1], "uv_size": [3.8, 1.8]},
								"down": {"uv": [78.1, 94.9], "uv_size": [3.8, -1.8]}
							}
						},
						{
							"origin": [-2.48469, 15.71593, -24.72151],
							"size": [4.94423, 1.04908, 1.86689],
							"pivot": [0.08742, 16.04047, -16.33807],
							"rotation": [-4.5, 0, 0],
							"uv": {
								"north": {"uv": [96.1, 65.1], "uv_size": [4.8, 0.8]},
								"east": {"uv": [82.1, 98.1], "uv_size": [1.8, 0.8]},
								"south": {"uv": [66.1, 96.1], "uv_size": [4.8, 0.8]},
								"west": {"uv": [84.1, 98.1], "uv_size": [1.8, 0.8]},
								"up": {"uv": [91.1, 25.1], "uv_size": [4.8, 1.8]},
								"down": {"uv": [91.1, 28.9], "uv_size": [4.8, -1.8]}
							}
						},
						{
							"origin": [-2.88469, 15.71593, -22.82151],
							"size": [5.74423, 1.04908, 1.56689],
							"pivot": [0.08742, 16.04047, -16.33807],
							"rotation": [-4.5, 0, 0],
							"uv": {
								"north": {"uv": [96.1, 14.1], "uv_size": [5.8, 0.8]},
								"east": {"uv": [86.1, 98.1], "uv_size": [1.8, 0.8]},
								"south": {"uv": [96.1, 15.1], "uv_size": [5.8, 0.8]},
								"west": {"uv": [88.1, 98.1], "uv_size": [1.8, 0.8]},
								"up": {"uv": [45.1, 90.1], "uv_size": [5.8, 1.8]},
								"down": {"uv": [90.1, 47.9], "uv_size": [5.8, -1.8]}
							}
						},
						{
							"origin": [-3.18469, 15.71593, -21.22151],
							"size": [6.34423, 1.04908, 1.56689],
							"pivot": [0.08742, 16.04047, -16.33807],
							"rotation": [-4.5, 0, 0],
							"uv": {
								"north": {"uv": [96.1, 16.1], "uv_size": [5.8, 0.8]},
								"east": {"uv": [90.1, 98.1], "uv_size": [1.8, 0.8]},
								"south": {"uv": [96.1, 17.1], "uv_size": [5.8, 0.8]},
								"west": {"uv": [98.1, 91.1], "uv_size": [1.8, 0.8]},
								"up": {"uv": [90.1, 48.1], "uv_size": [5.8, 1.8]},
								"down": {"uv": [90.1, 51.9], "uv_size": [5.8, -1.8]}
							}
						},
						{
							"origin": [-3.48469, 15.71593, -19.62151],
							"size": [6.94423, 1.04908, 1.56689],
							"pivot": [0.08742, 16.04047, -16.33807],
							"rotation": [-4.5, 0, 0],
							"uv": {
								"north": {"uv": [18.1, 95.1], "uv_size": [6.8, 0.8]},
								"east": {"uv": [92.1, 98.1], "uv_size": [1.8, 0.8]},
								"south": {"uv": [39.1, 95.1], "uv_size": [6.8, 0.8]},
								"west": {"uv": [98.1, 93.1], "uv_size": [1.8, 0.8]},
								"up": {"uv": [89.1, 18.1], "uv_size": [6.8, 1.8]},
								"down": {"uv": [89.1, 21.9], "uv_size": [6.8, -1.8]}
							}
						},
						{
							"origin": [-3.88469, 15.71593, -18.02151],
							"size": [7.74423, 1.04908, 1.56689],
							"pivot": [0.08742, 16.04047, -16.33807],
							"rotation": [-4.5, 0, 0],
							"uv": {
								"north": {"uv": [82.1, 93.1], "uv_size": [7.8, 0.8]},
								"east": {"uv": [94.1, 98.1], "uv_size": [1.8, 0.8]},
								"south": {"uv": [90.1, 93.1], "uv_size": [7.8, 0.8]},
								"west": {"uv": [96.1, 98.1], "uv_size": [1.8, 0.8]},
								"up": {"uv": [88.1, 68.1], "uv_size": [7.8, 1.8]},
								"down": {"uv": [88.1, 71.9], "uv_size": [7.8, -1.8]}
							}
						},
						{
							"origin": [-4.18469, 15.71593, -16.42151],
							"size": [8.34423, 1.04908, 1.66689],
							"pivot": [0.08742, 16.04047, -16.33807],
							"rotation": [-4.5, 0, 0],
							"uv": {
								"north": {"uv": [93.1, 92.1], "uv_size": [7.8, 0.8]},
								"east": {"uv": [98.1, 98.1], "uv_size": [1.8, 0.8]},
								"south": {"uv": [45.1, 94.1], "uv_size": [7.8, 0.8]},
								"west": {"uv": [0.1, 99.1], "uv_size": [1.8, 0.8]},
								"up": {"uv": [88.1, 72.1], "uv_size": [7.8, 1.8]},
								"down": {"uv": [88.1, 75.9], "uv_size": [7.8, -1.8]}
							}
						},
						{
							"origin": [-4.58469, 15.71593, -14.72151],
							"size": [9.14423, 1.04908, 1.26689],
							"pivot": [0.08742, 16.04047, -16.33807],
							"rotation": [-4.5, 0, 0],
							"uv": {
								"north": {"uv": [92.1, 6.1], "uv_size": [8.8, 0.8]},
								"east": {"uv": [49.1, 99.1], "uv_size": [0.8, 0.8]},
								"south": {"uv": [92.1, 7.1], "uv_size": [8.8, 0.8]},
								"west": {"uv": [50.1, 99.1], "uv_size": [0.8, 0.8]},
								"up": {"uv": [92.1, 8.1], "uv_size": [8.8, 0.8]},
								"down": {"uv": [92.1, 9.9], "uv_size": [8.8, -0.8]}
							}
						},
						{
							"origin": [-4.78469, 15.71593, -13.42151],
							"size": [9.64423, 1.04908, 1.26689],
							"pivot": [0.08742, 16.04047, -16.33807],
							"rotation": [-4.5, 0, 0],
							"uv": {
								"north": {"uv": [91.1, 29.1], "uv_size": [9.8, 0.8]},
								"east": {"uv": [51.1, 99.1], "uv_size": [0.8, 0.8]},
								"south": {"uv": [91.1, 32.1], "uv_size": [9.8, 0.8]},
								"west": {"uv": [52.1, 99.1], "uv_size": [0.8, 0.8]},
								"up": {"uv": [91.1, 33.1], "uv_size": [9.8, 0.8]},
								"down": {"uv": [91.1, 34.9], "uv_size": [9.8, -0.8]}
							}
						},
						{
							"origin": [-5.08469, 15.71593, -12.22151],
							"size": [10.14423, 1.04908, 1.26689],
							"pivot": [0.08742, 16.04047, -16.33807],
							"rotation": [-4.5, 0, 0],
							"uv": {
								"north": {"uv": [91.1, 35.1], "uv_size": [9.8, 0.8]},
								"east": {"uv": [53.1, 99.1], "uv_size": [0.8, 0.8]},
								"south": {"uv": [91.1, 36.1], "uv_size": [9.8, 0.8]},
								"west": {"uv": [56.1, 99.1], "uv_size": [0.8, 0.8]},
								"up": {"uv": [91.1, 37.1], "uv_size": [9.8, 0.8]},
								"down": {"uv": [91.1, 38.9], "uv_size": [9.8, -0.8]}
							}
						},
						{
							"origin": [-5.28469, 15.71593, -11.02151],
							"size": [10.64423, 1.04908, 1.26689],
							"pivot": [0.08742, 16.04047, -16.33807],
							"rotation": [-4.5, 0, 0],
							"uv": {
								"north": {"uv": [90.1, 56.1], "uv_size": [10.8, 0.8]},
								"east": {"uv": [57.1, 99.1], "uv_size": [0.8, 0.8]},
								"south": {"uv": [90.1, 57.1], "uv_size": [10.8, 0.8]},
								"west": {"uv": [58.1, 99.1], "uv_size": [0.8, 0.8]},
								"up": {"uv": [90.1, 58.1], "uv_size": [10.8, 0.8]},
								"down": {"uv": [90.1, 59.9], "uv_size": [10.8, -0.8]}
							}
						},
						{
							"origin": [-5.58469, 15.71593, -9.82151],
							"size": [11.14423, 1.04908, 1.46689],
							"pivot": [0.08742, 16.04047, -16.33807],
							"rotation": [-4.5, 0, 0],
							"uv": {
								"north": {"uv": [90.1, 76.1], "uv_size": [10.8, 0.8]},
								"east": {"uv": [59.1, 99.1], "uv_size": [0.8, 0.8]},
								"south": {"uv": [90.1, 77.1], "uv_size": [10.8, 0.8]},
								"west": {"uv": [60.1, 99.1], "uv_size": [0.8, 0.8]},
								"up": {"uv": [90.1, 78.1], "uv_size": [10.8, 0.8]},
								"down": {"uv": [90.1, 79.9], "uv_size": [10.8, -0.8]}
							}
						},
						{
							"origin": [1.61774, 9.66813, -28.58872],
							"size": [2.89817, 8.04298, 22.03077],
							"pivot": [0, 13.55012, -23.10096],
							"rotation": [-2.56032, 13.32013, 8.86869],
							"uv": {
								"north": {"uv": [9.1, 87.1], "uv_size": [2.8, 7.8]},
								"east": {"uv": [44.1, 32.1], "uv_size": [21.8, 7.8]},
								"south": {"uv": [18.1, 87.1], "uv_size": [2.8, 7.8]},
								"west": {"uv": [44.1, 40.1], "uv_size": [21.8, 7.8]},
								"up": {"uv": [68.1, 44.1], "uv_size": [2.8, 21.8]},
								"down": {"uv": [68.1, 87.9], "uv_size": [2.8, -21.8]}
							}
						},
						{
							"origin": [3.89515, 8.90518, -34.69462],
							"size": [1.04908, 8.04298, 7.69329],
							"pivot": [0, 13.55012, -23.10096],
							"rotation": [-10.54771, 20.26137, 5.90432],
							"uv": {
								"north": {"uv": [37.1, 93.1], "uv_size": [0.8, 7.8]},
								"east": {"uv": [72.1, 0.1], "uv_size": [7.8, 7.8]},
								"south": {"uv": [38.1, 93.1], "uv_size": [0.8, 7.8]},
								"west": {"uv": [72.1, 8.1], "uv_size": [7.8, 7.8]},
								"up": {"uv": [14.1, 94.1], "uv_size": [0.8, 7.8]},
								"down": {"uv": [15.1, 101.9], "uv_size": [0.8, -7.8]}
							}
						},
						{
							"origin": [-4.51591, 9.66813, -28.58872],
							"size": [2.89817, 8.04298, 22.03077],
							"pivot": [0, 13.55012, -23.10096],
							"rotation": [-2.56032, -13.32013, -8.86869],
							"uv": {
								"north": {"uv": [21.1, 87.1], "uv_size": [2.8, 7.8]},
								"east": {"uv": [0.1, 48.1], "uv_size": [21.8, 7.8]},
								"south": {"uv": [24.1, 87.1], "uv_size": [2.8, 7.8]},
								"west": {"uv": [22.1, 48.1], "uv_size": [21.8, 7.8]},
								"up": {"uv": [69.1, 0.1], "uv_size": [2.8, 21.8]},
								"down": {"uv": [69.1, 43.9], "uv_size": [2.8, -21.8]}
							}
						},
						{
							"origin": [-4.94423, 8.90518, -34.69462],
							"size": [1.04908, 8.04298, 7.69329],
							"pivot": [0, 13.55012, -23.10096],
							"rotation": [-10.54771, -20.26137, -5.90432],
							"uv": {
								"north": {"uv": [16.1, 94.1], "uv_size": [0.8, 7.8]},
								"east": {"uv": [72.1, 16.1], "uv_size": [7.8, 7.8]},
								"south": {"uv": [17.1, 94.1], "uv_size": [0.8, 7.8]},
								"west": {"uv": [72.1, 24.1], "uv_size": [7.8, 7.8]},
								"up": {"uv": [54.1, 94.1], "uv_size": [0.8, 7.8]},
								"down": {"uv": [55.1, 101.9], "uv_size": [0.8, -7.8]}
							}
						},
						{
							"origin": [-6.25954, 9.25266, -11.49134],
							"size": [12.34423, 1.04908, 4.26689],
							"pivot": [0, 13.55012, -23.10096],
							"rotation": [-5.5, 0, 0],
							"uv": {
								"north": {"uv": [90.1, 52.1], "uv_size": [11.8, 0.8]},
								"east": {"uv": [43.1, 97.1], "uv_size": [3.8, 0.8]},
								"south": {"uv": [90.1, 53.1], "uv_size": [11.8, 0.8]},
								"west": {"uv": [47.1, 97.1], "uv_size": [3.8, 0.8]},
								"up": {"uv": [79.1, 32.1], "uv_size": [11.8, 3.8]},
								"down": {"uv": [79.1, 39.9], "uv_size": [11.8, -3.8]}
							}
						},
						{
							"origin": [-5.56015, 9.25266, -14.98829],
							"size": [10.94545, 1.04908, 3.53192],
							"pivot": [0, 13.55012, -23.10096],
							"rotation": [-5.5, 0, 0],
							"uv": {
								"north": {"uv": [90.1, 80.1], "uv_size": [10.8, 0.8]},
								"east": {"uv": [56.1, 97.1], "uv_size": [3.8, 0.8]},
								"south": {"uv": [90.1, 81.1], "uv_size": [10.8, 0.8]},
								"west": {"uv": [60.1, 97.1], "uv_size": [3.8, 0.8]},
								"up": {"uv": [79.1, 52.1], "uv_size": [10.8, 3.8]},
								"down": {"uv": [79.1, 59.9], "uv_size": [10.8, -3.8]}
							}
						},
						{
							"origin": [-4.51106, 9.25266, -18.48523],
							"size": [8.84728, 1.04908, 3.53192],
							"pivot": [0, 13.55012, -23.10096],
							"rotation": [-5.5, 0, 0],
							"uv": {
								"north": {"uv": [92.1, 10.1], "uv_size": [8.8, 0.8]},
								"east": {"uv": [64.1, 97.1], "uv_size": [3.8, 0.8]},
								"south": {"uv": [92.1, 11.1], "uv_size": [8.8, 0.8]},
								"west": {"uv": [68.1, 97.1], "uv_size": [3.8, 0.8]},
								"up": {"uv": [80.1, 15.1], "uv_size": [8.8, 3.8]},
								"down": {"uv": [80.1, 22.9], "uv_size": [8.8, -3.8]}
							}
						},
						{
							"origin": [-4.16137, 9.25266, -21.98218],
							"size": [8.14789, 1.04908, 3.53192],
							"pivot": [0, 13.55012, -23.10096],
							"rotation": [-5.5, 0, 0],
							"uv": {
								"north": {"uv": [56.1, 94.1], "uv_size": [7.8, 0.8]},
								"east": {"uv": [74.1, 97.1], "uv_size": [3.8, 0.8]},
								"south": {"uv": [64.1, 94.1], "uv_size": [7.8, 0.8]},
								"west": {"uv": [78.1, 97.1], "uv_size": [3.8, 0.8]},
								"up": {"uv": [71.1, 80.1], "uv_size": [7.8, 3.8]},
								"down": {"uv": [79.1, 83.9], "uv_size": [7.8, -3.8]}
							}
						},
						{
							"origin": [-3.11228, 9.25266, -26.52821],
							"size": [6.04972, 1.04908, 4.581],
							"pivot": [0, 13.55012, -23.10096],
							"rotation": [-5.5, 0, 0],
							"uv": {
								"north": {"uv": [18.1, 96.1], "uv_size": [5.8, 0.8]},
								"east": {"uv": [96.1, 66.1], "uv_size": [4.8, 0.8]},
								"south": {"uv": [96.1, 18.1], "uv_size": [5.8, 0.8]},
								"west": {"uv": [96.1, 67.1], "uv_size": [4.8, 0.8]},
								"up": {"uv": [18.1, 82.1], "uv_size": [5.8, 4.8]},
								"down": {"uv": [24.1, 86.9], "uv_size": [5.8, -4.8]}
							}
						},
						{
							"origin": [-1.7135, 9.25266, -31.42394],
							"size": [3.25216, 1.04908, 4.9307],
							"pivot": [0, 13.55012, -23.10096],
							"rotation": [-5.5, 0, 0],
							"uv": {
								"north": {"uv": [18.1, 98.1], "uv_size": [2.8, 0.8]},
								"east": {"uv": [96.1, 68.1], "uv_size": [4.8, 0.8]},
								"south": {"uv": [21.1, 98.1], "uv_size": [2.8, 0.8]},
								"west": {"uv": [96.1, 69.1], "uv_size": [4.8, 0.8]},
								"up": {"uv": [89.1, 2.1], "uv_size": [2.8, 4.8]},
								"down": {"uv": [89.1, 11.9], "uv_size": [2.8, -4.8]}
							}
						},
						{
							"origin": [-0.83927, 8.28931, -33.1479],
							"size": [1.67854, 1.04908, 2.34296],
							"pivot": [0, 13.55012, -23.10096],
							"rotation": [-12.5, 0, 0],
							"uv": {
								"north": {"uv": [2.1, 99.1], "uv_size": [1.8, 0.8]},
								"east": {"uv": [4.1, 99.1], "uv_size": [1.8, 0.8]},
								"south": {"uv": [6.1, 99.1], "uv_size": [1.8, 0.8]},
								"west": {"uv": [8.1, 99.1], "uv_size": [1.8, 0.8]},
								"up": {"uv": [66.1, 62.1], "uv_size": [1.8, 1.8]},
								"down": {"uv": [54.1, 83.9], "uv_size": [1.8, -1.8]}
							}
						},
						{
							"origin": [-0.83927, 15.83229, -35.17488],
							"size": [1.67854, 0.41963, 0.69939],
							"pivot": [0, 13.55012, -23.10096],
							"rotation": [-12.5, 0, 0],
							"uv": {
								"north": {"uv": [10.1, 99.1], "uv_size": [1.8, 0.8]},
								"east": {"uv": [61.1, 99.1], "uv_size": [0.8, 0.8]},
								"south": {"uv": [18.1, 99.1], "uv_size": [1.8, 0.8]},
								"west": {"uv": [62.1, 99.1], "uv_size": [0.8, 0.8]},
								"up": {"uv": [20.1, 99.1], "uv_size": [1.8, 0.8]},
								"down": {"uv": [22.1, 99.9], "uv_size": [1.8, -0.8]}
							}
						},
						{
							"origin": [-0.83927, 9.95176, -36.14652],
							"size": [1.67854, 8.18286, 1.29878],
							"pivot": [0, 13.55012, -23.10096],
							"rotation": [-5, 0, 0],
							"uv": {
								"north": {"uv": [66.1, 52.1], "uv_size": [1.8, 7.8]},
								"east": {"uv": [72.1, 94.1], "uv_size": [0.8, 7.8]},
								"south": {"uv": [54.1, 66.1], "uv_size": [1.8, 7.8]},
								"west": {"uv": [73.1, 94.1], "uv_size": [0.8, 7.8]},
								"up": {"uv": [24.1, 99.1], "uv_size": [1.8, 0.8]},
								"down": {"uv": [26.1, 99.9], "uv_size": [1.8, -0.8]}
							}
						},
						{
							"origin": [-1.08405, 15.83229, -34.47549],
							"size": [2.16811, 0.41963, 0.69939],
							"pivot": [0, 13.55012, -23.10096],
							"rotation": [-12.5, 0, 0],
							"uv": {
								"north": {"uv": [28.1, 99.1], "uv_size": [1.8, 0.8]},
								"east": {"uv": [63.1, 99.1], "uv_size": [0.8, 0.8]},
								"south": {"uv": [30.1, 99.1], "uv_size": [1.8, 0.8]},
								"west": {"uv": [64.1, 99.1], "uv_size": [0.8, 0.8]},
								"up": {"uv": [32.1, 99.1], "uv_size": [1.8, 0.8]},
								"down": {"uv": [34.1, 99.9], "uv_size": [1.8, -0.8]}
							}
						},
						{
							"origin": [-1.29387, 15.83229, -33.7761],
							"size": [2.58774, 0.41963, 0.69939],
							"pivot": [0, 13.55012, -23.10096],
							"rotation": [-12.5, 0, 0],
							"uv": {
								"north": {"uv": [24.1, 98.1], "uv_size": [2.8, 0.8]},
								"east": {"uv": [65.1, 99.1], "uv_size": [0.8, 0.8]},
								"south": {"uv": [27.1, 98.1], "uv_size": [2.8, 0.8]},
								"west": {"uv": [66.1, 99.1], "uv_size": [0.8, 0.8]},
								"up": {"uv": [30.1, 98.1], "uv_size": [2.8, 0.8]},
								"down": {"uv": [98.1, 31.9], "uv_size": [2.8, -0.8]}
							}
						},
						{
							"origin": [-1.81841, 15.83229, -33.07671],
							"size": [3.6718, 0.41963, 1.6086],
							"pivot": [0, 13.55012, -23.10096],
							"rotation": [-12.5, 0, 0],
							"uv": {
								"north": {"uv": [82.1, 97.1], "uv_size": [3.8, 0.8]},
								"east": {"uv": [39.1, 99.1], "uv_size": [1.8, 0.8]},
								"south": {"uv": [86.1, 97.1], "uv_size": [3.8, 0.8]},
								"west": {"uv": [41.1, 99.1], "uv_size": [1.8, 0.8]},
								"up": {"uv": [82.1, 94.1], "uv_size": [3.8, 1.8]},
								"down": {"uv": [86.1, 95.9], "uv_size": [3.8, -1.8]}
							}
						},
						{
							"origin": [-2.27302, 15.83229, -31.46812],
							"size": [4.54603, 0.41963, 1.32884],
							"pivot": [0, 13.55012, -23.10096],
							"rotation": [-12.5, 0, 0],
							"uv": {
								"north": {"uv": [96.1, 70.1], "uv_size": [4.8, 0.8]},
								"east": {"uv": [67.1, 99.1], "uv_size": [0.8, 0.8]},
								"south": {"uv": [96.1, 71.1], "uv_size": [4.8, 0.8]},
								"west": {"uv": [68.1, 99.1], "uv_size": [0.8, 0.8]},
								"up": {"uv": [96.1, 72.1], "uv_size": [4.8, 0.8]},
								"down": {"uv": [96.1, 73.9], "uv_size": [4.8, -0.8]}
							}
						},
						{
							"origin": [-2.62271, 16.07599, -30.0406],
							"size": [5.24542, 0.41963, 1.32884],
							"pivot": [0, 13.55012, -23.10096],
							"rotation": [-10.5, 0, 0],
							"uv": {
								"north": {"uv": [74.1, 96.1], "uv_size": [4.8, 0.8]},
								"east": {"uv": [69.1, 99.1], "uv_size": [0.8, 0.8]},
								"south": {"uv": [96.1, 74.1], "uv_size": [4.8, 0.8]},
								"west": {"uv": [70.1, 99.1], "uv_size": [0.8, 0.8]},
								"up": {"uv": [96.1, 75.1], "uv_size": [4.8, 0.8]},
								"down": {"uv": [79.1, 96.9], "uv_size": [4.8, -0.8]}
							}
						},
						{
							"origin": [-7.34359, 7.75, -7.69329],
							"size": [14.68718, 1.04908, 16.08596],
							"uv": {
								"north": {"uv": [89.1, 12.1], "uv_size": [14.8, 0.8]},
								"east": {"uv": [89.1, 0.1], "uv_size": [15.8, 0.8]},
								"south": {"uv": [89.1, 13.1], "uv_size": [14.8, 0.8]},
								"west": {"uv": [89.1, 1.1], "uv_size": [15.8, 0.8]},
								"up": {"uv": [0.1, 0.1], "uv_size": [14.8, 15.8]},
								"down": {"uv": [15.1, 15.9], "uv_size": [14.8, -15.8]}
							}
						},
						{
							"origin": [4.34542, 7.75, -8.39268],
							"size": [2.99817, 8.04298, 6.78535],
							"pivot": [7.34359, 7.92485, 0],
							"rotation": [0, 0, 10],
							"uv": {
								"north": {"uv": [27.1, 87.1], "uv_size": [2.8, 7.8]},
								"east": {"uv": [7.1, 74.1], "uv_size": [6.8, 7.8]},
								"south": {"uv": [87.1, 76.1], "uv_size": [2.8, 7.8]},
								"west": {"uv": [14.1, 74.1], "uv_size": [6.8, 7.8]},
								"up": {"uv": [39.1, 88.1], "uv_size": [2.8, 6.8]},
								"down": {"uv": [42.1, 94.9], "uv_size": [2.8, -6.8]}
							}
						},
						{
							"origin": [-4.34359, 14.65, 11.90732],
							"size": [5.89817, 1.24298, 6.88535],
							"pivot": [-7.34359, 8.02485, -0.7],
							"rotation": [0, 0, -10],
							"uv": {
								"north": {"uv": [96.1, 21.1], "uv_size": [5.8, 0.8]},
								"east": {"uv": [46.1, 95.1], "uv_size": [6.8, 0.8]},
								"south": {"uv": [96.1, 23.1], "uv_size": [5.8, 0.8]},
								"west": {"uv": [56.1, 95.1], "uv_size": [6.8, 0.8]},
								"up": {"uv": [33.1, 78.1], "uv_size": [5.8, 6.8]},
								"down": {"uv": [79.1, 66.9], "uv_size": [5.8, -6.8]}
							}
						},
						{
							"origin": [-1.55458, 14.65, 11.90732],
							"size": [5.89817, 1.24298, 6.88535],
							"pivot": [7.34359, 8.02485, -0.7],
							"rotation": [0, 0, 10],
							"uv": {
								"north": {"uv": [96.1, 24.1], "uv_size": [5.8, 0.8]},
								"east": {"uv": [63.1, 95.1], "uv_size": [6.8, 0.8]},
								"south": {"uv": [96.1, 25.1], "uv_size": [5.8, 0.8]},
								"west": {"uv": [74.1, 95.1], "uv_size": [6.8, 0.8]},
								"up": {"uv": [79.1, 67.1], "uv_size": [5.8, 6.8]},
								"down": {"uv": [80.1, 6.9], "uv_size": [5.8, -6.8]}
							}
						},
						{
							"origin": [-1.55458, 14.55, -19.49268],
							"size": [5.89817, 1.24298, 17.88535],
							"pivot": [7.34359, 7.92485, 0],
							"rotation": [0, 0, 10],
							"uv": {
								"north": {"uv": [96.1, 26.1], "uv_size": [5.8, 0.8]},
								"east": {"uv": [84.1, 43.1], "uv_size": [17.8, 0.8]},
								"south": {"uv": [96.1, 27.1], "uv_size": [5.8, 0.8]},
								"west": {"uv": [88.1, 30.1], "uv_size": [17.8, 0.8]},
								"up": {"uv": [12.1, 56.1], "uv_size": [5.8, 17.8]},
								"down": {"uv": [18.1, 73.9], "uv_size": [5.8, -17.8]}
							}
						},
						{
							"origin": [-4.34359, 14.55, -19.49268],
							"size": [5.89817, 1.24298, 17.88535],
							"pivot": [-7.34359, 7.92485, 0],
							"rotation": [0, 0, -10],
							"uv": {
								"north": {"uv": [96.1, 28.1], "uv_size": [5.8, 0.8]},
								"east": {"uv": [88.1, 60.1], "uv_size": [17.8, 0.8]},
								"south": {"uv": [39.1, 96.1], "uv_size": [5.8, 0.8]},
								"west": {"uv": [88.1, 61.1], "uv_size": [17.8, 0.8]},
								"up": {"uv": [24.1, 56.1], "uv_size": [5.8, 17.8]},
								"down": {"uv": [30.1, 73.9], "uv_size": [5.8, -17.8]}
							}
						}
					]
				}
			]
		}
	]
}