{
	"format_version": "1.12.0",
	"minecraft:geometry": [
		{
			"description": {
				"identifier": "geometry.dds_camping.portable_stove",
				"texture_width": 256,
				"texture_height": 256,
				"visible_bounds_width": 3,
				"visible_bounds_height": 1.5,
				"visible_bounds_offset": [0, 0.25, 0]
			},
			"bones": [
				{
					"name": "root",
					"pivot": [-2.43827, 3.88787, 0.02014],
					"cubes": [
						{
							"origin": [1.48063, 1.05131, -2.08472],
							"size": [8.97851, 1.68779, 4.07468],
							"pivot": [5.96988, 1.8952, -0.04738],
							"rotation": [0, -90, -45],
							"uv": {
								"north": {"uv": [96, 47], "uv_size": [38, 7]},
								"east": {"uv": [78, 118], "uv_size": [17, 7]},
								"south": {"uv": [78, 111], "uv_size": [38, 7]},
								"west": {"uv": [95, 118], "uv_size": [17, 7]},
								"up": {"uv": [48, 60], "uv_size": [38, 17]},
								"down": {"uv": [48, 94], "uv_size": [38, -17]}
							}
						},
						{
							"origin": [-8.0546, 0, -5.6856],
							"size": [11.3712, 3.5535, 11.3712],
							"uv": {
								"north": {"uv": [48, 0], "uv_size": [48, 15]},
								"east": {"uv": [48, 15], "uv_size": [48, 15]},
								"south": {"uv": [48, 30], "uv_size": [48, 15]},
								"west": {"uv": [48, 45], "uv_size": [48, 15]},
								"up": {"uv": [0, 0], "uv_size": [48, 48]},
								"down": {"uv": [0, 96], "uv_size": [48, -48]}
							}
						},
						{
							"origin": [3.3166, 0, -5.6856],
							"size": [4.738, 3.5535, 1.1845],
							"uv": {
								"north": {"uv": [96, 17], "uv_size": [20, 15]},
								"east": {"uv": [38, 96], "uv_size": [5, 15]},
								"south": {"uv": [96, 32], "uv_size": [20, 15]},
								"west": {"uv": [43, 96], "uv_size": [5, 15]},
								"up": {"uv": [96, 54], "uv_size": [20, 5]},
								"down": {"uv": [124, 76], "uv_size": [20, -5]}
							}
						},
						{
							"origin": [3.3166, 0, 4.5011],
							"size": [4.738, 3.5535, 1.1845],
							"uv": {
								"north": {"uv": [38, 111], "uv_size": [20, 15]},
								"east": {"uv": [124, 86], "uv_size": [5, 15]},
								"south": {"uv": [58, 111], "uv_size": [20, 15]},
								"west": {"uv": [78, 125], "uv_size": [5, 15]},
								"up": {"uv": [124, 76], "uv_size": [20, 5]},
								"down": {"uv": [124, 86], "uv_size": [20, -5]}
							}
						},
						{
							"origin": [1.48063, -0.14214, -0.89127],
							"size": [8.97851, 4.07468, 1.68779],
							"pivot": [5.96988, 1.8952, -0.04738],
							"rotation": [0, -90, 0],
							"uv": {
								"north": {"uv": [0, 96], "uv_size": [38, 17]},
								"east": {"uv": [31, 120], "uv_size": [7, 17]},
								"south": {"uv": [96, 0], "uv_size": [38, 17]},
								"west": {"uv": [124, 54], "uv_size": [7, 17]},
								"up": {"uv": [116, 38], "uv_size": [38, 7]},
								"down": {"uv": [116, 118], "uv_size": [38, -7]}
							}
						},
						{
							"origin": [1.48063, 1.05131, -2.08472],
							"size": [8.97851, 1.68779, 4.07468],
							"pivot": [5.96988, 1.8952, -0.04738],
							"rotation": [0, -90, 0],
							"uv": {
								"north": {"uv": [0, 113], "uv_size": [38, 7]},
								"east": {"uv": [112, 118], "uv_size": [17, 7]},
								"south": {"uv": [116, 17], "uv_size": [38, 7]},
								"west": {"uv": [0, 120], "uv_size": [17, 7]},
								"up": {"uv": [86, 60], "uv_size": [38, 17]},
								"down": {"uv": [86, 94], "uv_size": [38, -17]}
							}
						},
						{
							"origin": [1.48063, -0.14214, -0.89127],
							"size": [8.97851, 4.07468, 1.68779],
							"pivot": [5.96988, 1.8952, -0.04738],
							"rotation": [0, -90, -45],
							"uv": {
								"north": {"uv": [48, 94], "uv_size": [38, 17]},
								"east": {"uv": [17, 120], "uv_size": [7, 17]},
								"south": {"uv": [86, 94], "uv_size": [38, 17]},
								"west": {"uv": [24, 120], "uv_size": [7, 17]},
								"up": {"uv": [116, 24], "uv_size": [38, 7]},
								"down": {"uv": [116, 38], "uv_size": [38, -7]}
							}
						},
						{
							"origin": [-2.99143, 6.1839, -1.24783],
							"size": [1.10632, 0.71023, 2.53593],
							"pivot": [-2.43827, 3.88787, 0.02014],
							"rotation": [0, 0, -90],
							"uv": {
								"north": {"uv": [137, 132], "uv_size": [5, 3]},
								"east": {"uv": [114, 136], "uv_size": [11, 3]},
								"south": {"uv": [137, 135], "uv_size": [5, 3]},
								"west": {"uv": [136, 118], "uv_size": [11, 3]},
								"up": {"uv": [63, 126], "uv_size": [5, 11]},
								"down": {"uv": [68, 137], "uv_size": [5, -11]}
							}
						},
						{
							"origin": [-2.99143, 4.9994, -0.30023],
							"size": [1.13001, 2.60543, 0.64073],
							"pivot": [-2.43827, 3.88787, 0.02014],
							"rotation": [-45, 0, -90],
							"uv": {
								"north": {"uv": [129, 97], "uv_size": [5, 11]},
								"east": {"uv": [15, 137], "uv_size": [3, 11]},
								"south": {"uv": [131, 54], "uv_size": [5, 11]},
								"west": {"uv": [18, 137], "uv_size": [3, 11]},
								"up": {"uv": [139, 51], "uv_size": [5, 3]},
								"down": {"uv": [139, 57], "uv_size": [5, -3]}
							}
						},
						{
							"origin": [-2.99143, 6.1839, -1.24783],
							"size": [1.08263, 0.71023, 2.53593],
							"pivot": [-2.43827, 3.88787, 0.02014],
							"rotation": [-45, 0, -90],
							"uv": {
								"north": {"uv": [137, 101], "uv_size": [5, 3]},
								"east": {"uv": [92, 136], "uv_size": [11, 3]},
								"south": {"uv": [137, 104], "uv_size": [5, 3]},
								"west": {"uv": [103, 136], "uv_size": [11, 3]},
								"up": {"uv": [53, 126], "uv_size": [5, 11]},
								"down": {"uv": [58, 137], "uv_size": [5, -11]}
							}
						},
						{
							"origin": [-2.99143, 0.88161, -1.24783],
							"size": [1.10632, 0.71023, 2.53593],
							"pivot": [-2.43827, 3.88787, 0.02014],
							"rotation": [0, 0, -90],
							"uv": {
								"north": {"uv": [137, 95], "uv_size": [5, 3]},
								"east": {"uv": [134, 11], "uv_size": [11, 3]},
								"south": {"uv": [137, 98], "uv_size": [5, 3]},
								"west": {"uv": [134, 14], "uv_size": [11, 3]},
								"up": {"uv": [43, 126], "uv_size": [5, 11]},
								"down": {"uv": [48, 137], "uv_size": [5, -11]}
							}
						},
						{
							"origin": [1.10857, 3.00656, -4.84487],
							"size": [0.65621, 1.65783, 1.58833],
							"pivot": [1.48406, 3.83547, -4.05071],
							"rotation": [-82.95013, 0.48678, -90.38996],
							"uv": {
								"north": {"uv": [39, 137], "uv_size": [3, 7]},
								"east": {"uv": [129, 118], "uv_size": [7, 7]},
								"south": {"uv": [42, 137], "uv_size": [3, 7]},
								"west": {"uv": [133, 125], "uv_size": [7, 7]},
								"up": {"uv": [45, 137], "uv_size": [3, 7]},
								"down": {"uv": [48, 144], "uv_size": [3, -7]}
							}
						},
						{
							"origin": [1.10857, 3.52774, -5.15284],
							"size": [0.84573, 0.61547, 2.20427],
							"pivot": [1.48406, 3.83547, -4.05071],
							"rotation": [-82.95013, 0.48678, -90.38996],
							"uv": {
								"north": {"uv": [139, 57], "uv_size": [4, 3]},
								"east": {"uv": [21, 137], "uv_size": [9, 3]},
								"south": {"uv": [139, 60], "uv_size": [4, 3]},
								"west": {"uv": [30, 137], "uv_size": [9, 3]},
								"up": {"uv": [124, 101], "uv_size": [4, 9]},
								"down": {"uv": [133, 141], "uv_size": [4, -9]}
							}
						},
						{
							"origin": [-2.99143, 0.17091, -0.30023],
							"size": [1.13001, 2.60543, 0.64073],
							"pivot": [-2.43827, 3.88787, 0.02014],
							"rotation": [-45, 0, -90],
							"uv": {
								"north": {"uv": [73, 126], "uv_size": [5, 11]},
								"east": {"uv": [125, 136], "uv_size": [3, 11]},
								"south": {"uv": [0, 127], "uv_size": [5, 11]},
								"west": {"uv": [128, 136], "uv_size": [3, 11]},
								"up": {"uv": [0, 138], "uv_size": [5, 3]},
								"down": {"uv": [5, 141], "uv_size": [5, -3]}
							}
						},
						{
							"origin": [-2.99143, 0.88161, -1.24783],
							"size": [1.08263, 0.71023, 2.53593],
							"pivot": [-2.43827, 3.88787, 0.02014],
							"rotation": [-45, 0, -90],
							"uv": {
								"north": {"uv": [137, 89], "uv_size": [5, 3]},
								"east": {"uv": [128, 108], "uv_size": [11, 3]},
								"south": {"uv": [137, 92], "uv_size": [5, 3]},
								"west": {"uv": [131, 67], "uv_size": [11, 3]},
								"up": {"uv": [123, 125], "uv_size": [5, 11]},
								"down": {"uv": [38, 137], "uv_size": [5, -11]}
							}
						},
						{
							"origin": [-2.99143, 2.6199, 2.31617],
							"size": [1.10632, 2.53593, 0.71023],
							"pivot": [-2.43827, 3.88787, 0.02014],
							"rotation": [0, 0, -90],
							"uv": {
								"north": {"uv": [113, 125], "uv_size": [5, 11]},
								"east": {"uv": [86, 136], "uv_size": [3, 11]},
								"south": {"uv": [118, 125], "uv_size": [5, 11]},
								"west": {"uv": [89, 136], "uv_size": [3, 11]},
								"up": {"uv": [71, 137], "uv_size": [5, 3]},
								"down": {"uv": [137, 89], "uv_size": [5, -3]}
							}
						},
						{
							"origin": [-2.99143, 3.5675, 1.13167],
							"size": [1.13001, 0.64073, 2.60543],
							"pivot": [-2.43827, 3.88787, 0.02014],
							"rotation": [-45, 0, -90],
							"uv": {
								"north": {"uv": [139, 45], "uv_size": [5, 3]},
								"east": {"uv": [137, 3], "uv_size": [11, 3]},
								"south": {"uv": [139, 48], "uv_size": [5, 3]},
								"west": {"uv": [137, 6], "uv_size": [11, 3]},
								"up": {"uv": [128, 125], "uv_size": [5, 11]},
								"down": {"uv": [129, 97], "uv_size": [5, -11]}
							}
						},
						{
							"origin": [-2.99143, 2.6199, 2.31617],
							"size": [1.08263, 2.53593, 0.71023],
							"pivot": [-2.43827, 3.88787, 0.02014],
							"rotation": [-45, 0, -90],
							"uv": {
								"north": {"uv": [103, 125], "uv_size": [5, 11]},
								"east": {"uv": [136, 56], "uv_size": [3, 11]},
								"south": {"uv": [108, 125], "uv_size": [5, 11]},
								"west": {"uv": [83, 136], "uv_size": [3, 11]},
								"up": {"uv": [61, 137], "uv_size": [5, 3]},
								"down": {"uv": [66, 140], "uv_size": [5, -3]}
							}
						},
						{
							"origin": [-2.99143, 2.6199, -2.98612],
							"size": [1.10632, 2.53593, 0.71023],
							"pivot": [-2.43827, 3.88787, 0.02014],
							"rotation": [0, 0, -90],
							"uv": {
								"north": {"uv": [93, 125], "uv_size": [5, 11]},
								"east": {"uv": [134, 97], "uv_size": [3, 11]},
								"south": {"uv": [98, 125], "uv_size": [5, 11]},
								"west": {"uv": [136, 45], "uv_size": [3, 11]},
								"up": {"uv": [51, 137], "uv_size": [5, 3]},
								"down": {"uv": [56, 140], "uv_size": [5, -3]}
							}
						},
						{
							"origin": [-2.99143, 3.5675, -3.69682],
							"size": [1.13001, 0.64073, 2.60543],
							"pivot": [-2.43827, 3.88787, 0.02014],
							"rotation": [-45, 0, -90],
							"uv": {
								"north": {"uv": [10, 138], "uv_size": [5, 3]},
								"east": {"uv": [136, 121], "uv_size": [11, 3]},
								"south": {"uv": [137, 138], "uv_size": [5, 3]},
								"west": {"uv": [137, 0], "uv_size": [11, 3]},
								"up": {"uv": [5, 127], "uv_size": [5, 11]},
								"down": {"uv": [10, 138], "uv_size": [5, -11]}
							}
						},
						{
							"origin": [-2.99143, 2.6199, -2.98612],
							"size": [1.08263, 2.53593, 0.71023],
							"pivot": [-2.43827, 3.88787, 0.02014],
							"rotation": [-45, 0, -90],
							"uv": {
								"north": {"uv": [83, 125], "uv_size": [5, 11]},
								"east": {"uv": [134, 0], "uv_size": [3, 11]},
								"south": {"uv": [88, 125], "uv_size": [5, 11]},
								"west": {"uv": [134, 86], "uv_size": [3, 11]},
								"up": {"uv": [116, 54], "uv_size": [5, 3]},
								"down": {"uv": [116, 60], "uv_size": [5, -3]}
							}
						}
					]
				},
				{
					"name": "on",
					"parent": "root",
					"pivot": [-2.443, 4.647, 0.086],
					"cubes": [
						{
							"origin": [-4.67, 4.026, 0.086],
							"size": [4.454, 1.542, 0],
							"uv": {
								"north": {"uv": [54, 140], "uv_size": [11, 3]},
								"east": {"uv": [54, 140], "uv_size": [0, 3]},
								"south": {"uv": [65, 140], "uv_size": [11, 3]},
								"west": {"uv": [65, 140], "uv_size": [0, 3]},
								"up": {"uv": [54, 140], "uv_size": [11, 0]},
								"down": {"uv": [65, 140], "uv_size": [11, 0]}
							}
						},
						{
							"origin": [-4.67, 4.026, 0.086],
							"size": [4.454, 1.542, 0],
							"pivot": [-2.443, 4.647, 0.086],
							"rotation": [0, 90, 0],
							"uv": {
								"north": {"uv": [54, 140], "uv_size": [11, 3]},
								"east": {"uv": [54, 140], "uv_size": [0, 3]},
								"south": {"uv": [65, 140], "uv_size": [11, 3]},
								"west": {"uv": [65, 140], "uv_size": [0, 3]},
								"up": {"uv": [54, 140], "uv_size": [11, 0]},
								"down": {"uv": [65, 140], "uv_size": [11, 0]}
							}
						},
						{
							"origin": [-4.67, 4.026, 0.086],
							"size": [4.454, 1.542, 0],
							"pivot": [-2.443, 4.647, 0.086],
							"rotation": [0, -45, 0],
							"uv": {
								"north": {"uv": [54, 140], "uv_size": [11, 3]},
								"east": {"uv": [54, 140], "uv_size": [0, 3]},
								"south": {"uv": [65, 140], "uv_size": [11, 3]},
								"west": {"uv": [65, 140], "uv_size": [0, 3]},
								"up": {"uv": [54, 140], "uv_size": [11, 0]},
								"down": {"uv": [65, 140], "uv_size": [11, 0]}
							}
						},
						{
							"origin": [-4.67, 4.026, 0.086],
							"size": [4.454, 1.542, 0],
							"pivot": [-2.443, 4.647, 0.086],
							"rotation": [0, 45, 0],
							"uv": {
								"north": {"uv": [54, 140], "uv_size": [11, 3]},
								"east": {"uv": [54, 140], "uv_size": [0, 3]},
								"south": {"uv": [65, 140], "uv_size": [11, 3]},
								"west": {"uv": [65, 140], "uv_size": [0, 3]},
								"up": {"uv": [54, 140], "uv_size": [11, 0]},
								"down": {"uv": [65, 140], "uv_size": [11, 0]}
							}
						}
					]
				},
				{
					"name": "rightArm",
					"parent": "root",
					"pivot": [0, 0, 0],
					"rotation": [17.5, 0, -7.5]
				},
				{
					"name": "rightItem",
					"parent": "rightArm",
					"pivot": [-4, 5.3, 6.5],
					"rotation": [-2.5, 0, 0]
				}
			]
		}
	]
}