{
	"format_version": "1.12.0",
	"minecraft:geometry": [
		{
			"description": {
				"identifier": "geometry.dds_camping.sleepingbag",
				"texture_width": 256,
				"texture_height": 256,
				"visible_bounds_width": 4,
				"visible_bounds_height": 1.5,
				"visible_bounds_offset": [0, 0.25, 0]
			},
			"bones": [
				{
					"name": "root",
					"pivot": [0, 0, 0],
					"rotation": [0, 180, 0]
				},
				{
					"name": "body0",
					"parent": "root",
					"pivot": [0, 0, 0],
					"cubes": [
						{
							"origin": [-7.8336, 0, -16.78],
							"size": [15.6672, 1.3824, 25.8048],
							"uv": {
								"north": {"uv": [24.1, 107.1], "uv_size": [33.8, 2.8]},
								"east": {"uv": [98.1, 90.1], "uv_size": [55.8, 2.8]},
								"south": {"uv": [98.1, 108.1], "uv_size": [33.8, 2.8]},
								"west": {"uv": [100.1, 27.1], "uv_size": [55.8, 2.8]},
								"up": {"uv": [0.1, 0.1], "uv_size": [33.8, 55.8]},
								"down": {"uv": [34.1, 55.9], "uv_size": [33.8, -55.8]}
							}
						},
						{
							"origin": [-5.5296, 0, 9.0248],
							"size": [11.0592, 1.3824, 7.1424],
							"uv": {
								"north": {"uv": [118.1, 24.1], "uv_size": [23.8, 2.8]},
								"east": {"uv": [122.1, 111.1], "uv_size": [15.8, 2.8]},
								"south": {"uv": [119.1, 38.1], "uv_size": [23.8, 2.8]},
								"west": {"uv": [123.1, 64.1], "uv_size": [15.8, 2.8]},
								"up": {"uv": [48.1, 56.1], "uv_size": [23.8, 15.8]},
								"down": {"uv": [68.1, 15.9], "uv_size": [23.8, -15.8]}
							}
						},
						{
							"origin": [-5.5296, 0, 16.1672],
							"size": [11.0592, 1.8432, 1.6128],
							"uv": {
								"north": {"uv": [98.1, 111.1], "uv_size": [23.8, 3.8]},
								"east": {"uv": [68.1, 50.1], "uv_size": [3.8, 3.8]},
								"south": {"uv": [0.1, 112.1], "uv_size": [23.8, 3.8]},
								"west": {"uv": [80.1, 128.1], "uv_size": [3.8, 3.8]},
								"up": {"uv": [36.1, 115.1], "uv_size": [23.8, 3.8]},
								"down": {"uv": [80.1, 118.9], "uv_size": [23.8, -3.8]}
							}
						},
						{
							"origin": [5.5296, 0, 11.3288],
							"size": [1.3824, 1.8432, 2.9952],
							"uv": {
								"north": {"uv": [70.1, 122.1], "uv_size": [2.8, 3.8]},
								"east": {"uv": [101.1, 127.1], "uv_size": [6.8, 3.8]},
								"south": {"uv": [56.1, 128.1], "uv_size": [2.8, 3.8]},
								"west": {"uv": [127.1, 114.1], "uv_size": [6.8, 3.8]},
								"up": {"uv": [70.1, 115.1], "uv_size": [2.8, 6.8]},
								"down": {"uv": [101.1, 125.9], "uv_size": [2.8, -6.8]}
							}
						},
						{
							"origin": [5.4603, 0.04608, 8.85678],
							"size": [1.3824, 1.70496, 3.04128],
							"pivot": [6.89213, 0.9216, 11.86594],
							"rotation": [0, -18.5, 0],
							"uv": {
								"north": {"uv": [84.1, 128.1], "uv_size": [2.8, 3.8]},
								"east": {"uv": [127.1, 118.1], "uv_size": [6.8, 3.8]},
								"south": {"uv": [87.1, 128.1], "uv_size": [2.8, 3.8]},
								"west": {"uv": [127.1, 126.1], "uv_size": [6.8, 3.8]},
								"up": {"uv": [74.1, 126.1], "uv_size": [2.8, 6.8]},
								"down": {"uv": [77.1, 132.9], "uv_size": [2.8, -6.8]}
							}
						},
						{
							"origin": [4.0779, 0.04608, 8.85678],
							"size": [1.3824, 1.24416, 3.04128],
							"pivot": [6.89213, 0.9216, 11.86594],
							"rotation": [0, -18.5, 0],
							"uv": {
								"north": {"uv": [67.1, 123.1], "uv_size": [2.8, 2.8]},
								"east": {"uv": [39.1, 128.1], "uv_size": [6.8, 2.8]},
								"south": {"uv": [96.1, 128.1], "uv_size": [2.8, 2.8]},
								"west": {"uv": [46.1, 128.1], "uv_size": [6.8, 2.8]},
								"up": {"uv": [108.1, 127.1], "uv_size": [2.8, 6.8]},
								"down": {"uv": [53.1, 134.9], "uv_size": [2.8, -6.8]}
							}
						},
						{
							"origin": [-5.5296, 1.3824, -16.0888],
							"size": [11.0592, 2.16576, 23.5008],
							"uv": {
								"north": {"uv": [105.1, 98.1], "uv_size": [23.8, 4.8]},
								"east": {"uv": [68.1, 40.1], "uv_size": [50.8, 4.8]},
								"south": {"uv": [0.1, 107.1], "uv_size": [23.8, 4.8]},
								"west": {"uv": [68.1, 45.1], "uv_size": [50.8, 4.8]},
								"up": {"uv": [0.1, 56.1], "uv_size": [23.8, 50.8]},
								"down": {"uv": [24.1, 106.9], "uv_size": [23.8, -50.8]}
							}
						},
						{
							"origin": [5.92128, 2.4192, -12.03376],
							"size": [3.17952, 1.22112, 14.33088],
							"pivot": [5.71392, 3.95136, -14.08432],
							"rotation": [0, 0, 52.5],
							"uv": {
								"north": {"uv": [131.9, 0.1], "uv_size": [-6.8, 4.8]},
								"east": {"uv": [135.9, 93.1], "uv_size": [-30.8, 4.8]},
								"south": {"uv": [131.9, 5.1], "uv_size": [-6.8, 4.8]},
								"west": {"uv": [128.9, 103.1], "uv_size": [-30.8, 4.8]},
								"up": {"uv": [99.9, 0.1], "uv_size": [-6.8, 30.8]},
								"down": {"uv": [79.9, 125.9], "uv_size": [-6.8, -30.8]}
							}
						},
						{
							"origin": [-4.1472, 1.3824, 10.59152],
							"size": [8.2944, 0.9216, 4.8384],
							"uv": {
								"north": {"uv": [123.1, 87.1], "uv_size": [17.8, 1.8]},
								"east": {"uv": [127.1, 35.1], "uv_size": [10.8, 1.8]},
								"south": {"uv": [120.1, 124.1], "uv_size": [17.8, 1.8]},
								"west": {"uv": [127.1, 122.1], "uv_size": [10.8, 1.8]},
								"up": {"uv": [100.1, 16.1], "uv_size": [17.8, 10.8]},
								"down": {"uv": [80.1, 113.9], "uv_size": [17.8, -10.8]}
							}
						},
						{
							"origin": [-9.1008, 2.4192, -12.03376],
							"size": [3.17952, 1.22112, 14.33088],
							"pivot": [-5.71392, 3.95136, -14.08432],
							"rotation": [0, 0, -52.5],
							"uv": {
								"north": {"uv": [125.1, 0.1], "uv_size": [6.8, 4.8]},
								"east": {"uv": [98.1, 103.1], "uv_size": [30.8, 4.8]},
								"south": {"uv": [125.1, 5.1], "uv_size": [6.8, 4.8]},
								"west": {"uv": [105.1, 93.1], "uv_size": [30.8, 4.8]},
								"up": {"uv": [93.1, 0.1], "uv_size": [6.8, 30.8]},
								"down": {"uv": [73.1, 125.9], "uv_size": [6.8, -30.8]}
							}
						},
						{
							"origin": [-5.73696, 0.39168, 2.20496],
							"size": [11.47392, 3.52512, 5.66784],
							"uv": {
								"north": {"uv": [100.1, 0.1], "uv_size": [24.8, 7.8]},
								"east": {"uv": [58.1, 107.1], "uv_size": [11.8, 7.8]},
								"south": {"uv": [100.1, 8.1], "uv_size": [24.8, 7.8]},
								"west": {"uv": [24.1, 110.1], "uv_size": [11.8, 7.8]},
								"up": {"uv": [68.1, 16.1], "uv_size": [24.8, 11.8]},
								"down": {"uv": [68.1, 39.9], "uv_size": [24.8, -11.8]}
							}
						},
						{
							"origin": [-5.73696, 0.39168, -3.78544],
							"size": [11.47392, 3.52512, 5.66784],
							"uv": {
								"north": {"uv": [100.1, 0.1], "uv_size": [24.8, 7.8]},
								"east": {"uv": [58.1, 107.1], "uv_size": [11.8, 7.8]},
								"south": {"uv": [100.1, 8.1], "uv_size": [24.8, 7.8]},
								"west": {"uv": [24.1, 110.1], "uv_size": [11.8, 7.8]},
								"up": {"uv": [68.1, 16.1], "uv_size": [24.8, 11.8]},
								"down": {"uv": [68.1, 39.9], "uv_size": [24.8, -11.8]}
							}
						},
						{
							"origin": [-5.73696, 0.39168, -9.77584],
							"size": [11.47392, 3.52512, 5.66784],
							"uv": {
								"north": {"uv": [100.1, 0.1], "uv_size": [24.8, 7.8]},
								"east": {"uv": [58.1, 107.1], "uv_size": [11.8, 7.8]},
								"south": {"uv": [100.1, 8.1], "uv_size": [24.8, 7.8]},
								"west": {"uv": [24.1, 110.1], "uv_size": [11.8, 7.8]},
								"up": {"uv": [68.1, 16.1], "uv_size": [24.8, 11.8]},
								"down": {"uv": [68.1, 39.9], "uv_size": [24.8, -11.8]}
							}
						},
						{
							"origin": [-5.19348, 5.57369, -16.41136],
							"size": [3.17952, 2.14272, 6.08256],
							"pivot": [0, 2.07642, -14.03824],
							"rotation": [0, 0, -52.5],
							"uv": {
								"north": {"uv": [127.1, 15.1], "uv_size": [6.8, 4.8]},
								"east": {"uv": [36.1, 110.1], "uv_size": [11.8, 4.8]},
								"south": {"uv": [127.1, 30.1], "uv_size": [6.8, 4.8]},
								"west": {"uv": [122.1, 59.1], "uv_size": [11.8, 4.8]},
								"up": {"uv": [60.1, 115.1], "uv_size": [6.8, 11.8]},
								"down": {"uv": [104.1, 126.9], "uv_size": [6.8, -11.8]}
							}
						},
						{
							"origin": [2.01396, 5.57369, -16.41136],
							"size": [3.17952, 2.14272, 6.08256],
							"pivot": [0, 2.07642, -14.03824],
							"rotation": [0, 0, 52.5],
							"uv": {
								"north": {"uv": [133.9, 15.1], "uv_size": [-6.8, 4.8]},
								"east": {"uv": [133.9, 59.1], "uv_size": [-11.8, 4.8]},
								"south": {"uv": [133.9, 30.1], "uv_size": [-6.8, 4.8]},
								"west": {"uv": [47.9, 110.1], "uv_size": [-11.8, 4.8]},
								"up": {"uv": [66.9, 115.1], "uv_size": [-6.8, 11.8]},
								"down": {"uv": [110.9, 126.9], "uv_size": [-6.8, -11.8]}
							}
						},
						{
							"origin": [-5.73696, 0.39168, -16.45744],
							"size": [11.47392, 3.47904, 6.17472],
							"uv": {
								"north": {"uv": [100.1, 0.1], "uv_size": [24.8, 7.8]},
								"east": {"uv": [58.1, 107.1], "uv_size": [11.8, 7.8]},
								"south": {"uv": [100.1, 8.1], "uv_size": [24.8, 7.8]},
								"west": {"uv": [24.1, 110.1], "uv_size": [11.8, 7.8]},
								"up": {"uv": [68.1, 16.1], "uv_size": [24.8, 11.8]},
								"down": {"uv": [68.1, 39.9], "uv_size": [24.8, -11.8]}
							}
						},
						{
							"origin": [-6.912, 0.04608, 14.324],
							"size": [1.3824, 1.75104, 3.64032],
							"pivot": [-6.95808, 0.9216, 14.34704],
							"rotation": [0, 22.5, 0],
							"uv": {
								"north": {"uv": [70.1, 122.1], "uv_size": [2.8, 3.8]},
								"east": {"uv": [126.1, 46.1], "uv_size": [7.8, 3.8]},
								"south": {"uv": [56.1, 128.1], "uv_size": [2.8, 3.8]},
								"west": {"uv": [127.1, 20.1], "uv_size": [7.8, 3.8]},
								"up": {"uv": [70.1, 107.1], "uv_size": [2.8, 7.8]},
								"down": {"uv": [67.1, 122.9], "uv_size": [2.8, -7.8]}
							}
						},
						{
							"origin": [-6.8427, 0.04608, 8.85678],
							"size": [1.3824, 1.70496, 3.04128],
							"pivot": [-6.89213, 0.9216, 11.86594],
							"rotation": [0, 18.5, 0],
							"uv": {
								"north": {"uv": [86.9, 128.1], "uv_size": [-2.8, 3.8]},
								"east": {"uv": [133.9, 126.1], "uv_size": [-6.8, 3.8]},
								"south": {"uv": [89.9, 128.1], "uv_size": [-2.8, 3.8]},
								"west": {"uv": [133.9, 118.1], "uv_size": [-6.8, 3.8]},
								"up": {"uv": [76.9, 126.1], "uv_size": [-2.8, 6.8]},
								"down": {"uv": [79.9, 132.9], "uv_size": [-2.8, -6.8]}
							}
						},
						{
							"origin": [-6.912, 0, 11.3288],
							"size": [1.3824, 1.8432, 2.9952],
							"uv": {
								"north": {"uv": [72.9, 122.1], "uv_size": [-2.8, 3.8]},
								"east": {"uv": [133.9, 114.1], "uv_size": [-6.8, 3.8]},
								"south": {"uv": [58.9, 128.1], "uv_size": [-2.8, 3.8]},
								"west": {"uv": [107.9, 127.1], "uv_size": [-6.8, 3.8]},
								"up": {"uv": [72.9, 115.1], "uv_size": [-2.8, 6.8]},
								"down": {"uv": [103.9, 125.9], "uv_size": [-2.8, -6.8]}
							}
						},
						{
							"origin": [5.5296, 0.04608, 14.324],
							"size": [1.3824, 1.75104, 3.64032],
							"pivot": [6.95808, 0.9216, 14.34704],
							"rotation": [0, -22.5, 0],
							"uv": {
								"north": {"uv": [72.9, 122.1], "uv_size": [-2.8, 3.8]},
								"east": {"uv": [134.9, 20.1], "uv_size": [-7.8, 3.8]},
								"south": {"uv": [58.9, 128.1], "uv_size": [-2.8, 3.8]},
								"west": {"uv": [133.9, 46.1], "uv_size": [-7.8, 3.8]},
								"up": {"uv": [72.9, 107.1], "uv_size": [-2.8, 7.8]},
								"down": {"uv": [69.9, 122.9], "uv_size": [-2.8, -7.8]}
							}
						},
						{
							"origin": [-5.4603, 0.04608, 8.85678],
							"size": [1.3824, 1.24416, 3.04128],
							"pivot": [-6.89213, 0.9216, 11.86594],
							"rotation": [0, 18.5, 0],
							"uv": {
								"north": {"uv": [69.9, 123.1], "uv_size": [-2.8, 2.8]},
								"east": {"uv": [52.9, 128.1], "uv_size": [-6.8, 2.8]},
								"south": {"uv": [98.9, 128.1], "uv_size": [-2.8, 2.8]},
								"west": {"uv": [45.9, 128.1], "uv_size": [-6.8, 2.8]},
								"up": {"uv": [110.9, 127.1], "uv_size": [-2.8, 6.8]},
								"down": {"uv": [55.9, 134.9], "uv_size": [-2.8, -6.8]}
							}
						},
						{
							"origin": [5.73696, 1.77408, 2.25104],
							"size": [3.17952, 2.14272, 5.57568],
							"pivot": [5.71392, 3.95136, 4.34768],
							"rotation": [0, 0, 52.5],
							"uv": {
								"north": {"uv": [133.9, 15.1], "uv_size": [-6.8, 4.8]},
								"east": {"uv": [133.9, 59.1], "uv_size": [-11.8, 4.8]},
								"south": {"uv": [133.9, 30.1], "uv_size": [-6.8, 4.8]},
								"west": {"uv": [47.9, 110.1], "uv_size": [-11.8, 4.8]},
								"up": {"uv": [66.9, 115.1], "uv_size": [-6.8, 11.8]},
								"down": {"uv": [110.9, 126.9], "uv_size": [-6.8, -11.8]}
							}
						},
						{
							"origin": [-8.91648, 1.77408, 2.25104],
							"size": [3.17952, 2.14272, 5.57568],
							"pivot": [-5.71392, 3.95136, 4.34768],
							"rotation": [0, 0, -52.5],
							"uv": {
								"north": {"uv": [127.1, 15.1], "uv_size": [6.8, 4.8]},
								"east": {"uv": [36.1, 110.1], "uv_size": [11.8, 4.8]},
								"south": {"uv": [127.1, 30.1], "uv_size": [6.8, 4.8]},
								"west": {"uv": [122.1, 59.1], "uv_size": [11.8, 4.8]},
								"up": {"uv": [60.1, 115.1], "uv_size": [6.8, 11.8]},
								"down": {"uv": [104.1, 126.9], "uv_size": [6.8, -11.8]}
							}
						},
						{
							"origin": [5.73696, 1.77408, -3.73936],
							"size": [3.17952, 2.14272, 5.57568],
							"pivot": [5.71392, 3.95136, -1.64272],
							"rotation": [0, 0, 52.5],
							"uv": {
								"north": {"uv": [133.9, 15.1], "uv_size": [-6.8, 4.8]},
								"east": {"uv": [133.9, 59.1], "uv_size": [-11.8, 4.8]},
								"south": {"uv": [133.9, 30.1], "uv_size": [-6.8, 4.8]},
								"west": {"uv": [47.9, 110.1], "uv_size": [-11.8, 4.8]},
								"up": {"uv": [66.9, 115.1], "uv_size": [-6.8, 11.8]},
								"down": {"uv": [110.9, 126.9], "uv_size": [-6.8, -11.8]}
							}
						},
						{
							"origin": [-8.91648, 1.77408, -3.73936],
							"size": [3.17952, 2.14272, 5.57568],
							"pivot": [-5.71392, 3.95136, -1.64272],
							"rotation": [0, 0, -52.5],
							"uv": {
								"north": {"uv": [127.1, 15.1], "uv_size": [6.8, 4.8]},
								"east": {"uv": [36.1, 110.1], "uv_size": [11.8, 4.8]},
								"south": {"uv": [127.1, 30.1], "uv_size": [6.8, 4.8]},
								"west": {"uv": [122.1, 59.1], "uv_size": [11.8, 4.8]},
								"up": {"uv": [60.1, 115.1], "uv_size": [6.8, 11.8]},
								"down": {"uv": [104.1, 126.9], "uv_size": [6.8, -11.8]}
							}
						},
						{
							"origin": [5.73696, 1.77408, -9.72976],
							"size": [3.17952, 2.14272, 5.57568],
							"pivot": [5.71392, 3.95136, -7.63312],
							"rotation": [0, 0, 52.5],
							"uv": {
								"north": {"uv": [133.9, 15.1], "uv_size": [-6.8, 4.8]},
								"east": {"uv": [133.9, 59.1], "uv_size": [-11.8, 4.8]},
								"south": {"uv": [133.9, 30.1], "uv_size": [-6.8, 4.8]},
								"west": {"uv": [47.9, 110.1], "uv_size": [-11.8, 4.8]},
								"up": {"uv": [66.9, 115.1], "uv_size": [-6.8, 11.8]},
								"down": {"uv": [110.9, 126.9], "uv_size": [-6.8, -11.8]}
							}
						},
						{
							"origin": [-8.91648, 1.77408, -9.72976],
							"size": [3.17952, 2.14272, 5.57568],
							"pivot": [-5.71392, 3.95136, -7.63312],
							"rotation": [0, 0, -52.5],
							"uv": {
								"north": {"uv": [127.1, 15.1], "uv_size": [6.8, 4.8]},
								"east": {"uv": [36.1, 110.1], "uv_size": [11.8, 4.8]},
								"south": {"uv": [127.1, 30.1], "uv_size": [6.8, 4.8]},
								"west": {"uv": [122.1, 59.1], "uv_size": [11.8, 4.8]},
								"up": {"uv": [60.1, 115.1], "uv_size": [6.8, 11.8]},
								"down": {"uv": [104.1, 126.9], "uv_size": [6.8, -11.8]}
							}
						}
					]
				}
			]
		}
	]
}