{
	"format_version": "1.12.0",
	"minecraft:geometry": [
		{
			"description": {
				"identifier": "geometry.dds_camping.tent",
				"texture_width": 256,
				"texture_height": 256,
				"visible_bounds_width": 6,
				"visible_bounds_height": 3.5,
				"visible_bounds_offset": [0, 1.25, 0]
			},
			"bones": [
				{
					"name": "root",
					"pivot": [0, 0, 0],
					"cubes": [
						{
							"origin": [-18.564, 0, -23.322],
							"size": [37.206, 0.78, 46.644],
							"pivot": [0, 0.39, 0],
							"rotation": [0, -90, 0],
							"uv": {
								"north": {"uv": [130.1, 127.1], "uv_size": [59.8, 0.8]},
								"east": {"uv": [135.1, 49.1], "uv_size": [47.8, 0.8]},
								"south": {"uv": [135.1, 48.1], "uv_size": [59.8, 0.8]},
								"west": {"uv": [135.1, 50.1], "uv_size": [47.8, 0.8]},
								"up": {"uv": [0.1, 0.1], "uv_size": [59.8, 47.8]},
								"down": {"uv": [0.1, 95.9], "uv_size": [59.8, -47.8]}
							}
						},
						{
							"origin": [-0.8, 0.2, 17.1],
							"size": [1.6, 34.9, 1.4],
							"uv": {
								"north": {"uv": [118.1, 84.1], "uv_size": [3.8, 43.8]},
								"east": {"uv": [122.1, 84.1], "uv_size": [3.8, 43.8]},
								"south": {"uv": [126.1, 84.1], "uv_size": [3.8, 43.8]},
								"west": {"uv": [118.1, 128.1], "uv_size": [3.8, 43.8]},
								"up": {"uv": [135.1, 59.1], "uv_size": [3.8, 3.8]},
								"down": {"uv": [135.1, 66.9], "uv_size": [3.8, -3.8]}
							}
						},
						{
							"origin": [-21.84, 0.78, 18.642],
							"size": [43.68, 34.32, 0],
							"uv": {
								"north": {"uv": [60.1, 0.1], "uv_size": [55.8, 43.8]},
								"east": {"uv": [0.1, 0.1], "uv_size": [0, 43.8]},
								"south": {"uv": [60.1, 44.1], "uv_size": [55.8, 43.8]},
								"west": {"uv": [0.1, 0.1], "uv_size": [0, 43.8]},
								"up": {"uv": [0.1, 0.1], "uv_size": [55.8, 0]},
								"down": {"uv": [0.1, 0.1], "uv_size": [55.8, 0]}
							}
						},
						{
							"origin": [1.56, 0.78, -18.018],
							"size": [16.38, 18.72, 0],
							"uv": {
								"north": {"uv": [116.1, 0.1], "uv_size": [20.8, 23.8]},
								"east": {"uv": [0.1, 0.1], "uv_size": [0, 23.8]},
								"south": {"uv": [116.1, 24.1], "uv_size": [20.8, 23.8]},
								"west": {"uv": [0.1, 0.1], "uv_size": [0, 23.8]},
								"up": {"uv": [0.1, 0.1], "uv_size": [20.8, 0]},
								"down": {"uv": [0.1, 0.1], "uv_size": [20.8, 0]}
							}
						},
						{
							"origin": [1.56, 19.5, -18.018],
							"size": [14.82, 14.04, 0],
							"uv": {
								"north": {"uv": [134.9, 48.1], "uv_size": [-18.8, 17.8]},
								"east": {"uv": [0.1, 0.1], "uv_size": [0, 17.8]},
								"south": {"uv": [134.9, 66.1], "uv_size": [-18.8, 17.8]},
								"west": {"uv": [0.1, 0.1], "uv_size": [0, 17.8]},
								"up": {"uv": [18.9, 0.1], "uv_size": [-18.8, 0]},
								"down": {"uv": [18.9, 0.1], "uv_size": [-18.8, 0]}
							}
						},
						{
							"origin": [17.94, 0.78, -18.018],
							"size": [3.9, 12.48, 0],
							"uv": {
								"north": {"uv": [134.9, 111.1], "uv_size": [-4.8, 15.8]},
								"east": {"uv": [0.1, 0.1], "uv_size": [0, 15.8]},
								"south": {"uv": [132.9, 131.1], "uv_size": [-4.8, 15.8]},
								"west": {"uv": [0.1, 0.1], "uv_size": [0, 15.8]},
								"up": {"uv": [4.9, 0.1], "uv_size": [-4.8, 0]},
								"down": {"uv": [4.9, 0.1], "uv_size": [-4.8, 0]}
							}
						},
						{
							"origin": [-20.42, 3.3215, -18.72],
							"size": [22.62, 2.34, 37.44],
							"pivot": [-18.6155, 0.222, 0],
							"rotation": [0, 0, -72.5],
							"uv": {
								"north": {"uv": [158.9, 99.1], "uv_size": [-28.8, 2.8]},
								"east": {"uv": [177.9, 90.1], "uv_size": [-47.8, 2.8]},
								"south": {"uv": [158.9, 102.1], "uv_size": [-28.8, 2.8]},
								"west": {"uv": [177.9, 87.1], "uv_size": [-47.8, 2.8]},
								"up": {"uv": [88.9, 88.1], "uv_size": [-28.8, 47.8]},
								"down": {"uv": [117.9, 135.9], "uv_size": [-28.8, -47.8]}
							}
						},
						{
							"origin": [-17.39363, 19.6187, -18.798],
							"size": [22.62, 2.34, 37.596],
							"pivot": [-17.29902, 21.73177, 0],
							"rotation": [0, 0, -42.5],
							"uv": {
								"north": {"uv": [158.9, 105.1], "uv_size": [-28.8, 2.8]},
								"east": {"uv": [177.9, 96.1], "uv_size": [-47.8, 2.8]},
								"south": {"uv": [158.9, 108.1], "uv_size": [-28.8, 2.8]},
								"west": {"uv": [177.9, 93.1], "uv_size": [-47.8, 2.8]},
								"up": {"uv": [28.9, 96.1], "uv_size": [-28.8, 47.8]},
								"down": {"uv": [57.9, 143.9], "uv_size": [-28.8, -47.8]}
							}
						},
						{
							"origin": [-5.22637, 19.6187, -18.798],
							"size": [22.62, 2.34, 37.596],
							"pivot": [17.29902, 21.73177, 0],
							"rotation": [0, 0, 42.5],
							"uv": {
								"north": {"uv": [130.1, 105.1], "uv_size": [28.8, 2.8]},
								"east": {"uv": [130.1, 93.1], "uv_size": [47.8, 2.8]},
								"south": {"uv": [130.1, 108.1], "uv_size": [28.8, 2.8]},
								"west": {"uv": [130.1, 96.1], "uv_size": [47.8, 2.8]},
								"up": {"uv": [0.1, 96.1], "uv_size": [28.8, 47.8]},
								"down": {"uv": [29.1, 143.9], "uv_size": [28.8, -47.8]}
							}
						},
						{
							"origin": [4.91437, 20.3987, -19.578],
							"size": [2.34, 2.34, 39.156],
							"pivot": [-17.29902, 21.73177, 0],
							"rotation": [0, 0, -42.5],
							"uv": {
								"north": {"uv": [137.9, 67.1], "uv_size": [-2.8, 2.8]},
								"east": {"uv": [179.9, 84.1], "uv_size": [-49.8, 2.8]},
								"south": {"uv": [137.9, 70.1], "uv_size": [-2.8, 2.8]},
								"west": {"uv": [171.9, 128.1], "uv_size": [-49.8, 2.8]},
								"up": {"uv": [124.9, 131.1], "uv_size": [-2.8, 49.8]},
								"down": {"uv": [127.9, 180.9], "uv_size": [-2.8, -49.8]}
							}
						},
						{
							"origin": [-21.84, 0.78, -18.018],
							"size": [3.9, 12.48, 0],
							"uv": {
								"north": {"uv": [130.1, 111.1], "uv_size": [4.8, 15.8]},
								"east": {"uv": [0.1, 0.1], "uv_size": [0, 15.8]},
								"south": {"uv": [128.1, 131.1], "uv_size": [4.8, 15.8]},
								"west": {"uv": [0.1, 0.1], "uv_size": [0, 15.8]},
								"up": {"uv": [0.1, 0.1], "uv_size": [4.8, 0]},
								"down": {"uv": [0.1, 0.1], "uv_size": [4.8, 0]}
							}
						},
						{
							"origin": [-2.2, 3.3215, -18.72],
							"size": [22.62, 2.34, 37.44],
							"pivot": [18.6155, 0.222, 0],
							"rotation": [0, 0, 72.5],
							"uv": {
								"north": {"uv": [130.1, 99.1], "uv_size": [28.8, 2.8]},
								"east": {"uv": [130.1, 87.1], "uv_size": [47.8, 2.8]},
								"south": {"uv": [130.1, 102.1], "uv_size": [28.8, 2.8]},
								"west": {"uv": [130.1, 90.1], "uv_size": [47.8, 2.8]},
								"up": {"uv": [60.1, 88.1], "uv_size": [28.8, 47.8]},
								"down": {"uv": [89.1, 135.9], "uv_size": [28.8, -47.8]}
							}
						},
						{
							"origin": [-16.38, 19.5, -18.018],
							"size": [14.82, 14.04, 0],
							"uv": {
								"north": {"uv": [116.1, 48.1], "uv_size": [18.8, 17.8]},
								"east": {"uv": [0.1, 0.1], "uv_size": [0, 17.8]},
								"south": {"uv": [116.1, 66.1], "uv_size": [18.8, 17.8]},
								"west": {"uv": [0.1, 0.1], "uv_size": [0, 17.8]},
								"up": {"uv": [0.1, 0.1], "uv_size": [18.8, 0]},
								"down": {"uv": [0.1, 0.1], "uv_size": [18.8, 0]}
							}
						},
						{
							"origin": [-17.94, 0.78, -18.018],
							"size": [16.38, 18.72, 0],
							"uv": {
								"north": {"uv": [136.9, 0.1], "uv_size": [-20.8, 23.8]},
								"east": {"uv": [0.1, 0.1], "uv_size": [0, 23.8]},
								"south": {"uv": [136.9, 24.1], "uv_size": [-20.8, 23.8]},
								"west": {"uv": [0.1, 0.1], "uv_size": [0, 23.8]},
								"up": {"uv": [20.9, 0.1], "uv_size": [-20.8, 0]},
								"down": {"uv": [20.9, 0.1], "uv_size": [-20.8, 0]}
							}
						}
					]
				},
				{
					"name": "alpha",
					"parent": "root",
					"pivot": [-32.76, 2.34, 17.94],
					"cubes": [
						{
							"origin": [-41.57363, 20.7107, -18.018],
							"size": [24.18, 1.014, 0],
							"pivot": [-17.29902, 21.73177, 0],
							"rotation": [0, 0, -50],
							"uv": {
								"north": {"uv": [133.1, 131.1], "uv_size": [30.8, 1.8]},
								"east": {"uv": [0.1, 0.1], "uv_size": [0, 1.8]},
								"south": {"uv": [133.1, 133.1], "uv_size": [30.8, 1.8]},
								"west": {"uv": [0.1, 0.1], "uv_size": [0, 1.8]},
								"up": {"uv": [0.1, 0.1], "uv_size": [30.8, 0]},
								"down": {"uv": [0.1, 0.1], "uv_size": [30.8, 0]}
							}
						},
						{
							"origin": [-33.54, -0.78, -18.642],
							"size": [1.56, 4.68, 1.404],
							"pivot": [-32.76, 2.34, -17.94],
							"rotation": [0, 0, -17.5],
							"uv": {
								"north": {"uv": [59.9, 96.1], "uv_size": [-1.8, 5.8]},
								"east": {"uv": [59.9, 114.1], "uv_size": [-1.8, 5.8]},
								"south": {"uv": [59.9, 108.1], "uv_size": [-1.8, 5.8]},
								"west": {"uv": [59.9, 102.1], "uv_size": [-1.8, 5.8]},
								"up": {"uv": [117.9, 84.1], "uv_size": [-1.8, 1.8]},
								"down": {"uv": [117.9, 87.9], "uv_size": [-1.8, -1.8]}
							}
						},
						{
							"origin": [-34.32, 3.9, -19.422],
							"size": [3.12, 1.56, 2.964],
							"pivot": [-32.76, 2.34, -17.94],
							"rotation": [0, 0, -17.5],
							"uv": {
								"north": {"uv": [135.1, 73.1], "uv_size": [3.8, 1.8]},
								"east": {"uv": [135.1, 75.1], "uv_size": [3.8, 1.8]},
								"south": {"uv": [135.1, 77.1], "uv_size": [3.8, 1.8]},
								"west": {"uv": [135.1, 79.1], "uv_size": [3.8, 1.8]},
								"up": {"uv": [135.1, 51.1], "uv_size": [3.8, 3.8]},
								"down": {"uv": [135.1, 58.9], "uv_size": [3.8, -3.8]}
							}
						},
						{
							"origin": [17.39363, 20.7107, -18.018],
							"size": [24.18, 1.014, 0],
							"pivot": [17.29902, 21.73177, 0],
							"rotation": [0, 0, 50],
							"uv": {
								"north": {"uv": [163.9, 131.1], "uv_size": [-30.8, 1.8]},
								"east": {"uv": [0.1, 0.1], "uv_size": [0, 1.8]},
								"south": {"uv": [163.9, 133.1], "uv_size": [-30.8, 1.8]},
								"west": {"uv": [0.1, 0.1], "uv_size": [0, 1.8]},
								"up": {"uv": [30.9, 0.1], "uv_size": [-30.8, 0]},
								"down": {"uv": [30.9, 0.1], "uv_size": [-30.8, 0]}
							}
						},
						{
							"origin": [31.98, -0.78, -18.642],
							"size": [1.56, 4.68, 1.404],
							"pivot": [32.76, 2.34, -17.94],
							"rotation": [0, 0, 17.5],
							"uv": {
								"north": {"uv": [58.1, 96.1], "uv_size": [1.8, 5.8]},
								"east": {"uv": [58.1, 102.1], "uv_size": [1.8, 5.8]},
								"south": {"uv": [58.1, 108.1], "uv_size": [1.8, 5.8]},
								"west": {"uv": [58.1, 114.1], "uv_size": [1.8, 5.8]},
								"up": {"uv": [116.1, 84.1], "uv_size": [1.8, 1.8]},
								"down": {"uv": [116.1, 87.9], "uv_size": [1.8, -1.8]}
							}
						},
						{
							"origin": [31.2, 3.9, -19.422],
							"size": [3.12, 1.56, 2.964],
							"pivot": [32.76, 2.34, -17.94],
							"rotation": [0, 0, 17.5],
							"uv": {
								"north": {"uv": [138.9, 73.1], "uv_size": [-3.8, 1.8]},
								"east": {"uv": [138.9, 79.1], "uv_size": [-3.8, 1.8]},
								"south": {"uv": [138.9, 77.1], "uv_size": [-3.8, 1.8]},
								"west": {"uv": [138.9, 75.1], "uv_size": [-3.8, 1.8]},
								"up": {"uv": [138.9, 51.1], "uv_size": [-3.8, 3.8]},
								"down": {"uv": [138.9, 58.9], "uv_size": [-3.8, -3.8]}
							}
						},
						{
							"origin": [-0.8, 0.2, -16.9],
							"size": [1.6, 34.9, 1.4],
							"uv": {
								"north": {"uv": [118.1, 84.1], "uv_size": [3.8, 43.8]},
								"east": {"uv": [122.1, 84.1], "uv_size": [3.8, 43.8]},
								"south": {"uv": [126.1, 84.1], "uv_size": [3.8, 43.8]},
								"west": {"uv": [118.1, 128.1], "uv_size": [3.8, 43.8]},
								"up": {"uv": [135.1, 59.1], "uv_size": [3.8, 3.8]},
								"down": {"uv": [135.1, 66.9], "uv_size": [3.8, -3.8]}
							}
						},
						{
							"origin": [31.2, 3.9, 16.458],
							"size": [3.12, 1.56, 2.964],
							"pivot": [32.76, 2.34, 17.94],
							"rotation": [0, 0, 17.5],
							"uv": {
								"north": {"uv": [138.9, 73.1], "uv_size": [-3.8, 1.8]},
								"east": {"uv": [138.9, 79.1], "uv_size": [-3.8, 1.8]},
								"south": {"uv": [138.9, 77.1], "uv_size": [-3.8, 1.8]},
								"west": {"uv": [138.9, 75.1], "uv_size": [-3.8, 1.8]},
								"up": {"uv": [138.9, 51.1], "uv_size": [-3.8, 3.8]},
								"down": {"uv": [138.9, 58.9], "uv_size": [-3.8, -3.8]}
							}
						},
						{
							"origin": [31.98, -0.78, 17.238],
							"size": [1.56, 4.68, 1.404],
							"pivot": [32.76, 2.34, 17.94],
							"rotation": [0, 0, 17.5],
							"uv": {
								"north": {"uv": [58.1, 96.1], "uv_size": [1.8, 5.8]},
								"east": {"uv": [58.1, 102.1], "uv_size": [1.8, 5.8]},
								"south": {"uv": [58.1, 108.1], "uv_size": [1.8, 5.8]},
								"west": {"uv": [58.1, 114.1], "uv_size": [1.8, 5.8]},
								"up": {"uv": [116.1, 84.1], "uv_size": [1.8, 1.8]},
								"down": {"uv": [116.1, 87.9], "uv_size": [1.8, -1.8]}
							}
						},
						{
							"origin": [17.39363, 20.7107, 17.862],
							"size": [24.18, 1.014, 0],
							"pivot": [17.29902, 21.73177, 35.88],
							"rotation": [0, 0, 50],
							"uv": {
								"north": {"uv": [163.9, 131.1], "uv_size": [-30.8, 1.8]},
								"east": {"uv": [0.1, 0.1], "uv_size": [0, 1.8]},
								"south": {"uv": [163.9, 133.1], "uv_size": [-30.8, 1.8]},
								"west": {"uv": [0.1, 0.1], "uv_size": [0, 1.8]},
								"up": {"uv": [30.9, 0.1], "uv_size": [-30.8, 0]},
								"down": {"uv": [30.9, 0.1], "uv_size": [-30.8, 0]}
							}
						},
						{
							"origin": [-41.57363, 20.7107, 17.862],
							"size": [24.18, 1.014, 0],
							"pivot": [-17.29902, 21.73177, 35.88],
							"rotation": [0, 0, -50],
							"uv": {
								"north": {"uv": [133.1, 131.1], "uv_size": [30.8, 1.8]},
								"east": {"uv": [0.1, 0.1], "uv_size": [0, 1.8]},
								"south": {"uv": [133.1, 133.1], "uv_size": [30.8, 1.8]},
								"west": {"uv": [0.1, 0.1], "uv_size": [0, 1.8]},
								"up": {"uv": [0.1, 0.1], "uv_size": [30.8, 0]},
								"down": {"uv": [0.1, 0.1], "uv_size": [30.8, 0]}
							}
						},
						{
							"origin": [-33.54, -0.78, 17.238],
							"size": [1.56, 4.68, 1.404],
							"pivot": [-32.76, 2.34, 17.94],
							"rotation": [0, 0, -17.5],
							"uv": {
								"north": {"uv": [59.9, 96.1], "uv_size": [-1.8, 5.8]},
								"east": {"uv": [59.9, 114.1], "uv_size": [-1.8, 5.8]},
								"south": {"uv": [59.9, 108.1], "uv_size": [-1.8, 5.8]},
								"west": {"uv": [59.9, 102.1], "uv_size": [-1.8, 5.8]},
								"up": {"uv": [117.9, 84.1], "uv_size": [-1.8, 1.8]},
								"down": {"uv": [117.9, 87.9], "uv_size": [-1.8, -1.8]}
							}
						},
						{
							"origin": [-34.32, 3.9, 16.458],
							"size": [3.12, 1.56, 2.964],
							"pivot": [-32.76, 2.34, 17.94],
							"rotation": [0, 0, -17.5],
							"uv": {
								"north": {"uv": [135.1, 73.1], "uv_size": [3.8, 1.8]},
								"east": {"uv": [135.1, 75.1], "uv_size": [3.8, 1.8]},
								"south": {"uv": [135.1, 77.1], "uv_size": [3.8, 1.8]},
								"west": {"uv": [135.1, 79.1], "uv_size": [3.8, 1.8]},
								"up": {"uv": [135.1, 51.1], "uv_size": [3.8, 3.8]},
								"down": {"uv": [135.1, 58.9], "uv_size": [3.8, -3.8]}
							}
						}
					]
				}
			]
		}
	]
}