{
	"texture_data": {
		"dds_camping_cooked_marshmallow": {
			"textures": "textures/dds/camping/items/cooked_marshmallow"
		},
		"dds_camping_marshmallow": {
			"textures": "textures/dds/camping/items/marshmallow"
		},
		"dds_camping_atv": {
			"textures": "textures/dds/camping/items/atv"
		},
		"dds_camping_binocular": {
			"textures": "textures/dds/camping/items/binocular"
		},
		"dds_camping_blanket": {
			"textures": "textures/dds/camping/items/blanket"
		},
		"dds_camping_canoe": {
			"textures": "textures/dds/camping/items/canoe"
		},
		"dds_camping_cayak": {
			"textures": "textures/dds/camping/items/cayak"
		},
		"dds_camping_campfire": {
			"textures": "textures/dds/camping/items/dds_campfire"
		},
		"dds_camping_grappling_hook": {
			"textures": "textures/dds/camping/items/grappling_hook"
		},
		"dds_camping_hamper": {
			"textures": "textures/dds/camping/items/hamper"
		},
		"dds_camping_portable_stove": {
			"textures": "textures/dds/camping/items/portable_stove"
		},
		"dds_camping_sleeping_bag": {
			"textures": "textures/dds/camping/items/sleeping_bag"
		},
		"dds_camping_tent": {
			"textures": "textures/dds/camping/items/tent"
		},
		"dds_camping_chainsaw": {
			"textures": "textures/dds/camping/items/chainsaw"
		},
		"dds_camping_guidebook": {
			"textures": "textures/dds/camping/items/guidebook"
		},
		"dds_camping_camping_npc": {
			"textures": "textures/dds/camping/items/camping_npc"
		},
		"dds_camping_racoon_fur": {
			"textures": "textures/dds/camping/items/fur"
		},
		"dds_camping_bobcat_meat_cooked": {
			"textures": "textures/dds/camping/items/cooked_meat"
		},
		"dds_camping_bobcat_meat": {
			"textures": "textures/dds/camping/items/meat"
		}
	}
}