{
	"format_version": "1.8.0",
	"animations": {
		"animation.dds_camping.guidebook.backward": {
			"loop": "hold_on_last_frame",
			"animation_length": 0.8,
			"bones": {
				"Page1": {
					"rotation": {
						"0.0": [0, 0, -132.5],
						"0.8": [0, 0, 0]
					}
				}
			},
			"sound_effects": {
				"0.0": {
					"effect": "page_turn"
				}
			}
		},
		"animation.dds_camping.guidebook.forward": {
			"loop": "hold_on_last_frame",
			"animation_length": 0.8,
			"bones": {
				"Page2": {
					"rotation": {
						"0.0": [0, 0, 132.5],
						"0.8": [0, 0, 0]
					}
				}
			},
			"sound_effects": {
				"0.0": {
					"effect": "page_turn"
				}
			}
		},
		"animation.dds_camping.guidebook.target_player": {
			"loop": true,
			"bones": {
				"guidebook_main": {
					"rotation": [0, "-query.body_y_rotation + query.rotation_to_camera(1)", 0],
					"position": [0, "4.9848+math.sin(query.anim_time * 45) * 0.5", 0],
					"scale": 1.4
				}
			}
		},
		"animation.dds_camping.guidebook.close": {
			"loop": "hold_on_last_frame",
			"animation_length": 2,
			"override_previous_animation": true,
			"bones": {
				"guidebook": {
					"rotation": {
						"0.0": [0, 0, 0],
						"0.5": [0, 0, 0]
					}
				},
				"RightCover": {
					"rotation": {
						"0.0": [0, 0, 0],
						"0.5": [0, 0, -70]
					}
				},
				"LeftCover": {
					"rotation": {
						"0.0": [0, 0, 0],
						"0.5": [0, 0, 70]
					}
				}
			},
			"sound_effects": {
				"0.5": {
					"effect": "book_close"
				}
			}
		}
	}
}