{
	"format_version": "1.20.80",
	"minecraft:item": {
		"description": {
			"identifier": "dds_camping:binocular",
			"menu_category": {
				"category": "equipment"
			}
		},
		"components": {
			"minecraft:icon": {
				"textures": {
					"default": "dds_camping_binocular"
				}
			},
			"minecraft:durability": {
				"max_durability": 100,
				"damage_chance": {
					"min": 60,
					"max": 100
				}
			},
			"minecraft:food": {
				"nutrition": 0,
				"saturation_modifier": 0,
				"can_always_eat": true
			},
			"minecraft:max_stack_size": {
				"value": 1
			},
			"minecraft:display_name": {
				"value": "Binoculars"
			},
			"minecraft:use_animation": "spyglass",
			"minecraft:use_modifiers": {
				"use_duration": 99
			}
		}
	}
}