{
	"format_version": "1.20.80",
	"minecraft:item": {
		"description": {
			"identifier": "dds_camping:bobcat_meat_cooked",
			"menu_category": {
				"category": "nature",
				"group": "itemGroup.name.rawFood"
			}
		},
		"components": {
			"minecraft:max_stack_size": 64,
			"minecraft:icon": {
				"textures": {
					"default": "dds_camping_bobcat_meat_cooked"
				}
			},
			"minecraft:display_name": {
				"value": "Cooked Bobcat Meat"
			},
			"minecraft:food": {
				"can_always_eat": false,
				"nutrition": 12,
				"saturation_modifier": 0.9
			},
			"minecraft:use_modifiers": {
				"movement_modifier": 0.32,
				"use_duration": 1
			},
			"minecraft:use_animation": "eat"
		}
	}
}