{
	"format_version": "1.20.50",
	"minecraft:item": {
		"description": {
			"identifier": "dds_camping:chainsaw",
			"menu_category": {
				"category": "equipment",
				"group": "itemGroup.name.axe"
			}
		},
		"components": {
			"minecraft:max_stack_size": 1,
			"minecraft:icon": {
				"texture": "dds_camping_chainsaw"
			},
			"minecraft:damage": 4,
			"minecraft:digger": {
				"destroy_speeds": [
					{
						"speed": 8,
						"block": {
							"tags": "query.any_tag('wood')"
						}
					}
				]
			},
			"minecraft:display_name": {
				"value": "Chainsaw"
			},
			"minecraft:durability": {
				"max_durability": 60
			}
		}
	}
}