{
	"format_version": "1.20.80",
	"minecraft:item": {
		"description": {
			"identifier": "dds_camping:cooked_marshmallow",
			"menu_category": {
				"category": "nature"
			}
		},
		"components": {
			"minecraft:max_stack_size": 64,
			"minecraft:icon": {
				"textures": {
					"default": "dds_camping_cooked_marshmallow"
				}
			},
			"minecraft:display_name": {
				"value": "Cooked Marshmallow"
			},
			"minecraft:food": {
				"nutrition": 20,
				"saturation_modifier": 0.85
			},
			"minecraft:use_modifiers": {
				"movement_modifier": 0.32,
				"use_duration": 0.8
			},
			"minecraft:use_animation": "eat"
		}
	}
}