{
	"format_version": "1.20.80",
	"minecraft:item": {
		"description": {
			"identifier": "dds_camping:grappling_hook",
			"menu_category": {
				"category": "equipment"
			}
		},
		"components": {
			"minecraft:icon": {
				"textures": {
					"default": "dds_camping_grappling_hook"
				}
			},
			"minecraft:food": {
				"nutrition": 0,
				"saturation_modifier": 0,
				"can_always_eat": true
			},
			"minecraft:cooldown": {
				"category": "grapplehook",
				"duration": 2
			},
			"minecraft:max_stack_size": {
				"value": 1
			},
			"minecraft:display_name": {
				"value": "Grappling Hook"
			},
			"minecraft:use_animation": "spyglass",
			"minecraft:use_modifiers": {
				"use_duration": 99
			}
		}
	}
}