{
	"format_version": "1.20.80",
	"minecraft:item": {
		"description": {
			"identifier": "dds_camping:marshmallow",
			"menu_category": {
				"category": "nature",
				"group": "itemGroup.name.rawFood"
			}
		},
		"components": {
			"minecraft:max_stack_size": 64,
			"minecraft:icon": {
				"textures": {
					"default": "dds_camping_marshmallow"
				}
			},
			"minecraft:display_name": {
				"value": "Marshmallow"
			},
			"minecraft:food": {
				"nutrition": 4,
				"saturation_modifier": 0.6
			},
			"minecraft:use_modifiers": {
				"movement_modifier": 0.32,
				"use_duration": 1
			},
			"minecraft:use_animation": "eat"
		}
	}
}