{
	"format_version": "1.10.0",
	"minecraft:attachable": {
		"description": {
			"identifier": "dds_camping:camping_lantern",
			"render_controllers": ["controller.render.default"],
			"materials": {
				"default": "entity_alphatest"
			},
			"textures": {
				"default": "textures/dds/camping/blocks/camping_lantern"
			},
			"geometry": {
				"default": "geometry.dds_camping.camping_lantern_item"
			},
			"animations": {
				"first_person_hold": "animation.dds_camping.camping_lantern.first_person_hold",
				"third_person_hold": "animation.dds_camping.camping_lantern.third_person_hold"
			},
			"scripts": {
				"animate": [
					{
						"first_person_hold": "c.is_first_person"
					},
					{
						"third_person_hold": "!c.is_first_person"
					}
				]
			}
		}
	}
}