{
	"format_version": "1.10.0",
	"minecraft:attachable": {
		"description": {
			"identifier": "dds_camping:chainsaw",
			"render_controllers": ["controller.render.dds_camping.chainsaw"],
			"materials": {
				"default": "entity_alphatest",
				"enchanted": "entity_alphatest_glint"
			},
			"textures": {
				"default": "textures/dds/camping/entity/chainsaw/frame1",
				"second": "textures/dds/camping/entity/chainsaw/frame2",
				"enchanted": "textures/misc/enchanted_item_glint"
			},
			"geometry": {
				"default": "geometry.dds_camping.chainsaw"
			},
			"animations": {
				"first_person_hold": "animation.dds_camping.chainsaw.first_person_hold",
				"third_person_hold": "animation.dds_camping.chainsaw.third_person_hold"
			},
			"scripts": {
				"animate": [
					{
						"first_person_hold": "c.is_first_person"
					},
					{
						"third_person_hold": "!c.is_first_person"
					}
				]
			}
		}
	}
}