{
	"format_version": "1.8.0",
	"animations": {
		"animation.dds_camping.bear.baby_transform": {
			"loop": true,
			"bones": {
				"head": {
					"position": [0, -1, 3],
					"scale": 1.25
				}
			}
		},
		"animation.dds_camping.bear.move": {
			"loop": true,
			"bones": {
				"body": {
					"position": [0, "-9 - 2 * query.standing_scale - this", 0],
					"rotation": ["(-(query.standing_scale) * 63) - this", 0, 0]
				},
				"leg0": {
					"position": [0, "-1 * query.standing_scale", "6 * query.standing_scale"],
					"rotation": ["query.standing_scale * 63", 0, 0]
				},
				"leg1": {
					"position": [0, "-1 * query.standing_scale", "6 * query.standing_scale"],
					"rotation": ["query.standing_scale * 63", 0, 0]
				},
				"leg2": {
					"rotation": ["(query.standing_scale > 1) ? (query.standing_scale * 81) - this : 0", 0, 0]
				},
				"leg3": {
					"rotation": ["(query.standing_scale > 1) ? (query.standing_scale * 81) - this : 0", 0, 0]
				}
			}
		},
		"animation.dds_camping.bear.walk": {
			"anim_time_update": "query.modified_distance_moved",
			"loop": true,
			"bones": {
				"leg0": {
					"rotation": ["math.cos(query.anim_time * 38.17) *  80.0", 0, 0]
				},
				"leg1": {
					"rotation": ["math.cos(query.anim_time * 38.17) * -80.0", 0, 0]
				},
				"leg2": {
					"rotation": ["math.cos(query.anim_time * 38.17) * -80.0", 0, 0]
				},
				"leg3": {
					"rotation": ["math.cos(query.anim_time * 38.17) *  80.0", 0, 0]
				}
			}
		}
	}
}