{
	"format_version": "1.8.0",
	"animations": {
		"animation.dds_camping.bobcat.baby_transform": {
			"loop": true,
			"bones": {
				"head": {
					"position": [0, "query.is_baby ? 4.0 : 0.0", "query.is_baby ? 4.0 : 0.0"],
					"scale": "query.is_baby ? 1.3 : 1.0"
				}
			}
		},
		"animation.dds_camping.bobcat.walk": {
			"anim_time_update": "query.modified_distance_moved",
			"loop": true,
			"bones": {
				"leg0": {
					"rotation": ["math.cos(query.anim_time * 38.17) *  80.0", 0, 0]
				},
				"leg1": {
					"rotation": ["math.cos(query.anim_time * 38.17) * -80.0", 0, 0]
				},
				"leg2": {
					"rotation": ["math.cos(query.anim_time * 38.17) * -80.0", 0, 0]
				},
				"leg3": {
					"rotation": ["math.cos(query.anim_time * 38.17) *  80.0", 0, 0]
				}
			}
		},
		"animation.dds_camping.bobcat.setup": {
			"loop": true
		},
		"animation.dds_camping.bobcat.crouch": {
			"loop": true,
			"bones": {
				"body": {
					"position": [0, -1.8, 0],
					"rotation": [0, 0, 0]
				},
				"head": {
					"position": [0, -0.8, 0],
					"rotation": [0, 0, 0]
				},
				"leg0": {
					"position": [0, 1.6, 0],
					"rotation": [0, 0, 0]
				},
				"leg1": {
					"position": [0, 1.6, 0],
					"rotation": [0, 0, 0]
				},
				"leg2": {
					"position": [0, 1.6, 0],
					"rotation": [0, 0, 0]
				},
				"leg3": {
					"position": [0, 1.6, 0],
					"rotation": [0, 0, 0]
				}
			}
		},
		"animation.dds_camping.bobcat.pounce": {
			"loop": true,
			"bones": {
				"body": {
					"position": [0, 0, 0],
					"rotation": ["query.vertical_speed * -7.0", 0, 0]
				},
				"head": {
					"position": [0, 0, 0],
					"rotation": ["query.vertical_speed * -7.0", 0, 0]
				}
			}
		},
		"animation.dds_camping.bobcat.sit": {
			"loop": true,
			"bones": {
				"body": {
					"rotation": [-60, 0, 0],
					"position": [0, -3, 0]
				},
				"head": {
					"rotation": [72.5, 0, 0],
					"position": [0, 3, -3]
				},
				"leg0": {
					"rotation": [-15, 0, 0],
					"position": [0, 4, 2.5]
				},
				"leg1": {
					"rotation": [-15, 0, 0],
					"position": [0, 4, 2.5]
				},
				"leg2": {
					"rotation": [40, 0, 0],
					"position": [0, 0.75, 3.5]
				},
				"leg3": {
					"rotation": [40, 0, 0],
					"position": [0, 0.75, 3.5]
				},
				"tail": {
					"rotation": [60, 0, 0],
					"position": [0, -0.075, -0.15]
				},
				"body1": {
					"rotation": [0, 0, 0]
				}
			}
		},
		"animation.dds_camping.bobcat.sleep": {
			"loop": true,
			"bones": {
				"body": {
					"rotation": [-2.5, 0, -57.5],
					"position": [0, -4.8, 0]
				},
				"head": {
					"rotation": [-179.01307, -63.79429, "-547.7034+math.cos(query.anim_time * 160.0) + 90 -this"],
					"position": [1.8, -4.4, -2]
				},
				"tail": {
					"rotation": [-125, 0, 0],
					"position": [0, 0, 1.5]
				},
				"root": {
					"position": [-3, -3, 0]
				},
				"neck0": {
					"rotation": [80, 0, 0],
					"position": [0, 3, 1]
				},
				"leg1": {
					"rotation": [-37.52234, -1.15408, 2.21783]
				},
				"leg0": {
					"rotation": [-33.23983, 29.8742, -38.82005]
				},
				"leg2": {
					"rotation": [26.5123, 10.07026, -11.17505]
				},
				"leg3": {
					"rotation": [25, 0, 0]
				}
			}
		},
		"animation.dds_camping.bobcat.stuck": {
			"loop": true,
			"bones": {
				"body": {
					"position": [0, -0.3, 0],
					"rotation": [60, 0, 0]
				}
			}
		},
		"animation.dds_camping.bobcat.wiggle": {
			"loop": true,
			"bones": {
				"body": {
					"position": [0, -1.8, 0],
					"rotation": [0, "math.cos(query.life_time * 20.0 * 53.7) * 5.0 -this", 0]
				},
				"head": {
					"position": [0, -0.8, 0],
					"rotation": ["math.clamp(-5.0 * (query.anim_time / 2.0), -5.0, 0)", 0, "math.clamp(25.0 * (query.anim_time / 2.0), 0, 25.0)"]
				},
				"leg0": {
					"position": [0, 1.6, 0],
					"rotation": [0, 0, 0]
				},
				"leg1": {
					"position": [0, 1.6, 0],
					"rotation": [0, 0, 0]
				},
				"leg2": {
					"position": [0, 1.6, 0],
					"rotation": [0, 0, 0]
				},
				"leg3": {
					"position": [0, 1.6, 0],
					"rotation": [0, 0, 0]
				},
				"tail": {
					"rotation": [0, "math.cos(query.life_time * 20.0 * 53.7) * 10.0 -this", 0]
				}
			}
		}
	}
}