{
	"format_version": "1.8.0",
	"animations": {
		"animation.dds_camping.caribou.baby_scaling": {
			"loop": true,
			"bones": {
				"head": {
					"position": [0, 10, 4],
					"scale": 1.4
				}
			}
		},
		"animation.dds_camping.caribou.look_at_target": {
			"loop": true,
			"bones": {
				"head": {
					"relative_to": {
						"rotation": "entity"
					},
					"rotation": ["math.clamp(query.target_x_rotation, -40, 40)", "math.clamp(query.target_y_rotation, -45, 25)", 0]
				}
			}
		},
		"animation.dds_camping.caribou.walk": {
			"loop": true,
			"bones": {
				"right_back_leg": {
					"rotation": ["variable.tcos_right_side * 0.8", 0, 0]
				},
				"left_back_leg": {
					"rotation": ["variable.tcos_left_side * 0.8", 0, 0]
				},
				"right_front_leg": {
					"rotation": ["-variable.tcos_right_side * 0.8", 0, 0]
				},
				"left_front_leg": {
					"rotation": ["-variable.tcos_left_side * 0.8", 0, 0]
				}
			}
		}
	}
}