{
	"format_version": "1.8.0",
	"animations": {
		"animation.dds_camping.racoon.baby_transform": {
			"loop": true,
			"bones": {
				"head": {
					"position": [0, "query.is_baby ? 4.0 : 0.0", "query.is_baby ? 4.0 : 0.0"],
					"scale": "query.is_baby ? 1.3 : 1.0"
				}
			}
		},
		"animation.dds_camping.racoon.walk": {
			"anim_time_update": "query.modified_distance_moved",
			"loop": true,
			"bones": {
				"leg0": {
					"rotation": ["math.cos(query.anim_time * 38.17) *  80.0", 0, 0]
				},
				"leg1": {
					"rotation": ["math.cos(query.anim_time * 38.17) * -80.0", 0, 0]
				},
				"leg2": {
					"rotation": ["math.cos(query.anim_time * 38.17) * -80.0", 0, 0]
				},
				"leg3": {
					"rotation": ["math.cos(query.anim_time * 38.17) *  80.0", 0, 0]
				}
			}
		},
		"animation.dds_camping.racoon.setup": {
			"loop": true
		},
		"animation.dds_camping.racoon.crouch": {
			"loop": true,
			"bones": {
				"body": {
					"position": [0, -1.8, 0],
					"rotation": [0, 0, 0]
				},
				"head": {
					"position": [0, -0.8, 0],
					"rotation": [0, 0, 0]
				},
				"leg0": {
					"position": [0, 1.6, 0],
					"rotation": [0, 0, 0]
				},
				"leg1": {
					"position": [0, 1.6, 0],
					"rotation": [0, 0, 0]
				},
				"leg2": {
					"position": [0, 1.6, 0],
					"rotation": [0, 0, 0]
				},
				"leg3": {
					"position": [0, 1.6, 0],
					"rotation": [0, 0, 0]
				}
			}
		},
		"animation.dds_camping.racoon.pounce": {
			"loop": true,
			"bones": {
				"body": {
					"position": [0, 0, 0],
					"rotation": ["query.vertical_speed * -7.0", 0, 0]
				},
				"head": {
					"position": [0, 0, 0],
					"rotation": ["query.vertical_speed * -7.0", 0, 0]
				}
			}
		},
		"animation.dds_camping.racoon.sit": {
			"loop": true,
			"bones": {
				"body": {
					"rotation": [-60, 0, 0],
					"position": [0, -3, 0]
				},
				"head": {
					"rotation": [60, 0, 0],
					"position": [0, 3, -3]
				},
				"leg0": {
					"rotation": [-15, 0, 0],
					"position": [0, 4, 2.5]
				},
				"leg1": {
					"rotation": [-15, 0, 0],
					"position": [0, 4, 2.5]
				},
				"leg2": {
					"rotation": [40, 0, 0],
					"position": [0, 0.75, 3.5]
				},
				"leg3": {
					"rotation": [40, 0, 0],
					"position": [0, 0.75, 3.5]
				},
				"tail": {
					"rotation": [60, 0, 0],
					"position": [0, -0.075, -0.15]
				},
				"root": {
					"position": [0, 3, 0]
				}
			}
		},
		"animation.dds_camping.racoon.sleep": {
			"loop": true,
			"bones": {
				"body": {
					"rotation": [0, 0, -90],
					"position": [0, -4.8, 0]
				},
				"head": {
					"rotation": [-360, -82.5, "-360+math.cos(query.anim_time * 160.0) + 90 -this"],
					"position": [1.8, -0.4, -2]
				},
				"tail": {
					"rotation": [-125, 0, 0],
					"position": [0, 0, 1.5]
				}
			}
		},
		"animation.dds_camping.racoon.stuck": {
			"loop": true,
			"bones": {
				"body": {
					"position": [0, -0.3, 0],
					"rotation": [60, 0, 0]
				}
			}
		},
		"animation.dds_camping.racoon.wiggle": {
			"loop": true,
			"bones": {
				"body": {
					"position": [0, -1.8, 0],
					"rotation": [0, "math.cos(query.life_time * 20.0 * 53.7) * 5.0 -this", 0]
				},
				"head": {
					"position": [0, -0.8, 0],
					"rotation": ["math.clamp(-5.0 * (query.anim_time / 2.0), -5.0, 0)", 0, "math.clamp(25.0 * (query.anim_time / 2.0), 0, 25.0)"]
				},
				"leg0": {
					"position": [0, 1.6, 0],
					"rotation": [0, 0, 0]
				},
				"leg1": {
					"position": [0, 1.6, 0],
					"rotation": [0, 0, 0]
				},
				"leg2": {
					"position": [0, 1.6, 0],
					"rotation": [0, 0, 0]
				},
				"leg3": {
					"position": [0, 1.6, 0],
					"rotation": [0, 0, 0]
				},
				"tail": {
					"rotation": [0, "math.cos(query.life_time * 20.0 * 53.7) * 10.0 -this", 0]
				}
			}
		}
	}
}