{
	"format_version": "1.8.0",
	"animations": {
		"animation.dds_camping.dds_snake.walk": {
			"loop": true,
			"animation_length": 1.04,
			"anim_time_update": "query.modified_distance_moved * 0.1",
			"bones": {
				"head": {
					"rotation": {
						"0.0": [5, 0, 0],
						"0.48": [0, 0, 0],
						"1.04": [5, 0, 0]
					},
					"position": {
						"0.0": [0, 0, -1],
						"0.48": [0, 0, 0],
						"1.04": [0, 0, -1]
					}
				},
				"language": {
					"position": {
						"0.0": [0, 0, 0],
						"0.28": [0, 0, 0],
						"0.48": [0, 2.1, 4.5],
						"0.88": [0, 2.1, 4.5],
						"1.04": [0, 0, 0]
					},
					"scale": {
						"0.0": [1, 1, 1],
						"0.28": [1, 1, 1],
						"0.48": [1, 1, 0.6],
						"0.88": [1, 1, 0.6],
						"1.04": [1, 1, 1]
					}
				},
				"body0": {
					"rotation": {
						"0.0": [8.07759, 0, -1.12053],
						"0.52": [0, 0, 0],
						"1.04": [8.07759, 0, -1.12053]
					}
				},
				"body6": {
					"rotation": [0, 0, 0]
				},
				"body7": {
					"rotation": {
						"0.0": [0, 15, 0],
						"0.52": [0, -15, 0],
						"1.04": [0, 15, 0]
					}
				},
				"body8": {
					"rotation": {
						"0.0": [0, -7.5, 0],
						"0.16": [0, 15.35, 0],
						"0.52": [0, 7.5, 0],
						"0.68": [0, -15.35, 0],
						"1.04": [0, -7.5, 0]
					},
					"position": [0, 0, -0.2]
				},
				"body9": {
					"rotation": {
						"0.0": [0, -15, 0],
						"0.28": [0, 17.44, 0],
						"0.52": [0, 15, 0],
						"0.8": [0, -17.44, 0],
						"1.04": [0, -15, 0]
					},
					"position": [0, 0, -0.3]
				},
				"body10": {
					"rotation": {
						"0.0": [0, -20, 0],
						"0.36": [0, 10.75, 0],
						"0.52": [0, 20, 0],
						"0.88": [0, -10.75, 0],
						"1.04": [0, -20, 0]
					},
					"position": [0, 0, -0.4]
				},
				"body11": {
					"rotation": {
						"0.0": [0, -15, 0],
						"0.28": [0, 17.44, 0],
						"0.52": [0, 15, 0],
						"0.8": [0, -17.44, 0],
						"1.04": [0, -15, 0]
					},
					"position": [0, 0, -0.3]
				},
				"body12": {
					"rotation": {
						"0.0": [0, -7.5, 0],
						"0.16": [0, 15.35, 0],
						"0.52": [0, 7.5, 0],
						"0.68": [0, -15.35, 0],
						"1.04": [0, -7.5, 0]
					},
					"position": [0, 0, -0.2]
				},
				"head0": {
					"position": {
						"0.0": [0, -0.2, -2],
						"0.52": [0, 0, 0.3],
						"1.04": [0, -0.2, -2]
					}
				}
			}
		},
		"animation.dds_camping.dds_snake.idle": {
			"loop": true,
			"animation_length": 1.56,
			"bones": {
				"body0": {
					"rotation": {
						"0.0": {
							"post": [0, 0, 0],
							"lerp_mode": "catmullrom"
						},
						"0.8": {
							"post": [5, 0, 0],
							"lerp_mode": "catmullrom"
						},
						"1.56": {
							"post": [0, 0, 0],
							"lerp_mode": "catmullrom"
						}
					}
				},
				"head": {
					"position": {
						"0.0": {
							"post": [0, 0, 1],
							"lerp_mode": "catmullrom"
						},
						"0.8": {
							"post": [0, 0, 0],
							"lerp_mode": "catmullrom"
						},
						"1.56": {
							"post": [0, 0, 1],
							"lerp_mode": "catmullrom"
						}
					}
				},
				"language": {
					"position": [0, 2, 5],
					"scale": [1, 1, 0]
				},
				"body13": {
					"rotation": {
						"0.0": [0, 37.5, 0],
						"0.8": [0, -35, 0],
						"1.56": [0, 35, 0]
					},
					"position": [0, 0, -0.6]
				},
				"body14": {
					"rotation": {
						"0.0": [0, -22.5, 0],
						"0.24": [0, 25, 0],
						"0.64": [0, 22.5, 0],
						"0.88": [0, -20, 0],
						"1.56": [0, -22.5, 0]
					},
					"position": [0, 0, 0]
				},
				"body15": {
					"rotation": {
						"0.0": [0, 0, 0],
						"0.12": [0, 12.5, 0],
						"0.68": [0, 7.5, 0],
						"0.92": [0, -10, 0],
						"1.56": [0, 0, 0]
					}
				},
				"head0": {
					"position": {
						"0.0": [0, 0, 0],
						"0.8": [0, 0, -1],
						"1.56": [0, 0, 0]
					}
				}
			}
		}
	}
}