{
	"format_version": "1.8.0",
	"animations": {
		"animation.dds_camping.binocular.first_person_hold": {
			"loop": true,
			"bones": {
				"root": {
					"position": [0, 0, 0],
					"scale": 0
				}
			}
		},
		"animation.dds_camping.binocular.third_person_hold": {
			"loop": true,
			"bones": {
				"root_x": {
					"rotation": [-26.5, 0, 0],
					"position": [0, 2.25, 0.5]
				},
				"root_y": {
					"rotation": [0, -180, 0]
				},
				"root_z": {
					"rotation": [7.5, 0, 0],
					"position": [0.4, -0.7, 0]
				},
				"root": {
					"rotation": [104.69787, 1.43147, -169.32262],
					"position": [6.6, 10, -6.7],
					"scale": 1.1
				}
			}
		}
	}
}