{
	"format_version": "1.8.0",
	"animations": {
		"animation.dds_camping.camping_lantern.first_person_hold": {
			"loop": true,
			"bones": {
				"root": {
					"position": [0, 0, 0],
					"scale": 0
				},
				"root_z": {
					"rotation": [-269.7642, 60.79645, -385.99193]
				},
				"root_item": {
					"rotation": [0, 0, -5],
					"position": [3, 24, 2],
					"scale": 1.2
				}
			}
		},
		"animation.dds_camping.camping_lantern.third_person_hold": {
			"loop": true,
			"bones": {
				"root_z": {
					"rotation": [10, 0, 0],
					"scale": 0.8
				},
				"root": {
					"rotation": [104.69787, 1.43147, -169.32262],
					"position": [6.6, 10, -6.7],
					"scale": 1.1
				},
				"root_item": {
					"position": [0, 11, 0.4]
				}
			}
		}
	}
}