{
	"format_version": "1.8.0",
	"animations": {
		"animation.dds_camping.grappling_hook.first_person_hold": {
			"loop": true,
			"bones": {
				"root": {
					"rotation": [157.5, 0, -17.5],
					"position": [14, 3, 11]
				}
			}
		},
		"animation.dds_camping.grappling_hook.third_person_hold": {
			"loop": true,
			"bones": {
				"root_x": {
					"rotation": [-26.5, 0, 0],
					"position": [0, 2.25, 0.5]
				},
				"root_y": {
					"rotation": [0, -180, 0]
				},
				"root_z": {
					"rotation": [7.5, 0, 0],
					"position": [0.4, -0.7, 0]
				},
				"root": {
					"rotation": [127.19787, 1.43147, -169.32262],
					"position": [2.6, 14.1, -2.4],
					"scale": 0.6
				}
			}
		}
	}
}